-- MySQL dump 10.13  Distrib 8.0.13, for Win64 (x86_64)
--
-- Host: 127.0.0.1    Database: booking
-- ------------------------------------------------------
-- Server version	5.5.5-10.4.28-MariaDB

/*!40101 SET @OLD_CHARACTER_SET_CLIENT=@@CHARACTER_SET_CLIENT */;
/*!40101 SET @OLD_CHARACTER_SET_RESULTS=@@CHARACTER_SET_RESULTS */;
/*!40101 SET @OLD_COLLATION_CONNECTION=@@COLLATION_CONNECTION */;
 SET NAMES utf8 ;
/*!40103 SET @OLD_TIME_ZONE=@@TIME_ZONE */;
/*!40103 SET TIME_ZONE='+00:00' */;
/*!40014 SET @OLD_UNIQUE_CHECKS=@@UNIQUE_CHECKS, UNIQUE_CHECKS=0 */;
/*!40014 SET @OLD_FOREIGN_KEY_CHECKS=@@FOREIGN_KEY_CHECKS, FOREIGN_KEY_CHECKS=0 */;
/*!40101 SET @OLD_SQL_MODE=@@SQL_MODE, SQL_MODE='NO_AUTO_VALUE_ON_ZERO' */;
/*!40111 SET @OLD_SQL_NOTES=@@SQL_NOTES, SQL_NOTES=0 */;

--
-- Table structure for table `cinemas`
--

DROP TABLE IF EXISTS `cinemas`;
/*!40101 SET @saved_cs_client     = @@character_set_client */;
 SET character_set_client = utf8mb4 ;
CREATE TABLE `cinemas` (
  `id` int(11) NOT NULL AUTO_INCREMENT,
  `name` varchar(255) NOT NULL,
  `location` varchar(255) NOT NULL,
  `number_of_halls` int(11) NOT NULL,
  `createdAt` datetime NOT NULL,
  `updatedAt` datetime NOT NULL,
  `image_url` varchar(255) DEFAULT NULL,
  `image_public_id` varchar(255) DEFAULT NULL,
  PRIMARY KEY (`id`)
) ENGINE=InnoDB AUTO_INCREMENT=23 DEFAULT CHARSET=utf8mb4 COLLATE=utf8mb4_general_ci;
/*!40101 SET character_set_client = @saved_cs_client */;

--
-- Dumping data for table `cinemas`
--

LOCK TABLES `cinemas` WRITE;
/*!40000 ALTER TABLE `cinemas` DISABLE KEYS */;
INSERT INTO `cinemas` VALUES (5,'CGV Vincom Bà Triệu','191 Bà Triệu, Q. Hai Bà Trưng, Tp. Hà Nội',5,'2024-09-19 21:51:07','2024-10-16 16:18:37','https://res.cloudinary.com/dqah4axnc/image/upload/v1729070317/cinemas/czcg9ag9s3yhgv6s2x6f.jpg','cinemas/czcg9ag9s3yhgv6s2x6f'),(6,'CGV Hồ Gươm Plaza',' 110 Trần Phú, P. Mỗ Lao, Q. Hà Đông, Tp. Hà Nội',7,'2024-09-19 21:52:02','2024-10-16 16:22:12','https://res.cloudinary.com/dqah4axnc/image/upload/v1729070532/cinemas/yb2demvijtip5gijyyqw.jpg','cinemas/yb2demvijtip5gijyyqw'),(18,'CGV IPH Hà Nội',' 241 Xuân Thủy, Q. Cầu Giấy, Tp. Hà Nội',3,'2024-10-02 14:59:56','2024-10-16 16:20:00','https://res.cloudinary.com/dqah4axnc/image/upload/v1727855994/cinemas/u8rixsc2qhlr2wtakhhj.jpg','cinemas/u8rixsc2qhlr2wtakhhj'),(19,'Cinenma Hà Đông','933 Hà Đông',3,'2024-10-16 12:50:49','2024-10-16 12:54:09','https://res.cloudinary.com/dqah4axnc/image/upload/v1729058049/cinemas/jzvuexo3rckuw5jkwm78.jpg','cinemas/jzvuexo3rckuw5jkwm78'),(20,'Cinema Giải Phóng','Giải Phóng - Hà Nội',2,'2024-10-16 12:57:34','2024-10-16 12:57:34','https://res.cloudinary.com/dqah4axnc/image/upload/v1729058254/cinemas/bd3djkxczqhewh1uosgs.jpg','cinemas/bd3djkxczqhewh1uosgs'),(22,'CGV Aeon Hà Đông','Hoàng Văn Thụ, Hà Đông, Hà Nội',2,'2024-10-16 16:21:51','2024-10-16 16:22:33','https://res.cloudinary.com/dqah4axnc/image/upload/v1729070553/cinemas/zxf42hwm8pxjjqbizruj.jpg','cinemas/zxf42hwm8pxjjqbizruj');
/*!40000 ALTER TABLE `cinemas` ENABLE KEYS */;
UNLOCK TABLES;

--
-- Table structure for table `genres`
--

DROP TABLE IF EXISTS `genres`;
/*!40101 SET @saved_cs_client     = @@character_set_client */;
 SET character_set_client = utf8mb4 ;
CREATE TABLE `genres` (
  `id` int(11) NOT NULL AUTO_INCREMENT,
  `genre_name` varchar(255) NOT NULL,
  `createdAt` datetime NOT NULL,
  `updatedAt` datetime NOT NULL,
  PRIMARY KEY (`id`)
) ENGINE=InnoDB AUTO_INCREMENT=25 DEFAULT CHARSET=utf8mb4 COLLATE=utf8mb4_general_ci;
/*!40101 SET character_set_client = @saved_cs_client */;

--
-- Dumping data for table `genres`
--

LOCK TABLES `genres` WRITE;
/*!40000 ALTER TABLE `genres` DISABLE KEYS */;
INSERT INTO `genres` VALUES (1,'Trinh thám','0000-00-00 00:00:00','2024-09-22 15:27:31'),(2,'Hành Động','2024-09-19 00:48:27','2024-10-16 15:45:51'),(3,'Tình Cảm','0000-00-00 00:00:00','2024-10-16 15:45:33'),(16,' Kinh Dị','2024-10-16 15:46:04','2024-10-16 15:46:13'),(17,'Giả Tưởng','2024-10-16 15:46:33','2024-10-16 15:46:33'),(18,'Hoạt Hình','2024-10-16 15:46:40','2024-10-16 15:46:47'),(19,'Phiêu Lưu','2024-10-16 15:47:06','2024-10-16 15:47:06'),(20,'Gia Đình','2024-10-16 15:47:50','2024-10-16 15:47:50'),(21,'Hài','2024-10-16 15:47:53','2024-10-16 15:47:53'),(22,'Tâm Lý','2024-10-16 15:48:17','2024-10-16 15:48:17'),(23,'Giật Gân','2024-10-16 15:48:34','2024-10-16 15:48:34'),(24,'Tài Liệu','2024-10-16 15:48:49','2024-10-16 15:48:49');
/*!40000 ALTER TABLE `genres` ENABLE KEYS */;
UNLOCK TABLES;

--
-- Table structure for table `images`
--

DROP TABLE IF EXISTS `images`;
/*!40101 SET @saved_cs_client     = @@character_set_client */;
 SET character_set_client = utf8mb4 ;
CREATE TABLE `images` (
  `id` int(11) NOT NULL AUTO_INCREMENT,
  `name` varchar(255) NOT NULL,
  `imagePath` varchar(255) NOT NULL,
  `createdAt` datetime NOT NULL,
  PRIMARY KEY (`id`)
) ENGINE=InnoDB AUTO_INCREMENT=2 DEFAULT CHARSET=utf8mb4 COLLATE=utf8mb4_general_ci;
/*!40101 SET character_set_client = @saved_cs_client */;

--
-- Dumping data for table `images`
--

LOCK TABLES `images` WRITE;
/*!40000 ALTER TABLE `images` DISABLE KEYS */;
INSERT INTO `images` VALUES (1,'slide2.jpg','\\uploads\\image-1728837517710-649804257.jpg','2024-10-13 23:38:37');
/*!40000 ALTER TABLE `images` ENABLE KEYS */;
UNLOCK TABLES;

--
-- Table structure for table `moviegenres`
--

DROP TABLE IF EXISTS `moviegenres`;
/*!40101 SET @saved_cs_client     = @@character_set_client */;
 SET character_set_client = utf8mb4 ;
CREATE TABLE `moviegenres` (
  `movie_id` int(11) NOT NULL,
  `genre_id` int(11) NOT NULL,
  `createdAt` datetime NOT NULL,
  `updatedAt` datetime NOT NULL,
  KEY `moviegenres_ibfk_1` (`movie_id`),
  KEY `moviegenres_ibfk_2` (`genre_id`),
  CONSTRAINT `moviegenres_ibfk_1` FOREIGN KEY (`movie_id`) REFERENCES `movies` (`id`) ON DELETE CASCADE ON UPDATE CASCADE,
  CONSTRAINT `moviegenres_ibfk_2` FOREIGN KEY (`genre_id`) REFERENCES `genres` (`id`) ON DELETE CASCADE ON UPDATE CASCADE
) ENGINE=InnoDB DEFAULT CHARSET=utf8mb4 COLLATE=utf8mb4_general_ci;
/*!40101 SET character_set_client = @saved_cs_client */;

--
-- Dumping data for table `moviegenres`
--

LOCK TABLES `moviegenres` WRITE;
/*!40000 ALTER TABLE `moviegenres` DISABLE KEYS */;
INSERT INTO `moviegenres` VALUES (44,2,'2024-09-20 21:34:10','2024-09-20 21:34:10'),(29,3,'2024-10-16 15:50:25','2024-10-16 15:50:25'),(42,16,'2024-10-16 15:50:43','2024-10-16 15:50:43'),(43,17,'2024-10-16 15:51:20','2024-10-16 15:51:20'),(43,18,'2024-10-16 15:51:20','2024-10-16 15:51:20'),(43,19,'2024-10-16 15:51:20','2024-10-16 15:51:20'),(44,22,'2024-10-16 15:51:51','2024-10-16 15:51:51'),(44,23,'2024-10-16 15:51:51','2024-10-16 15:51:51'),(45,16,'2024-10-16 15:52:13','2024-10-16 15:52:13'),(45,17,'2024-10-16 15:52:13','2024-10-16 15:52:13'),(46,20,'2024-10-16 15:52:34','2024-10-16 15:52:34'),(46,21,'2024-10-16 15:52:34','2024-10-16 15:52:34'),(47,22,'2024-10-16 15:54:50','2024-10-16 15:54:50'),(48,22,'2024-10-16 15:56:31','2024-10-16 15:56:31'),(48,23,'2024-10-16 15:56:31','2024-10-16 15:56:31'),(49,24,'2024-10-16 15:59:51','2024-10-16 15:59:51'),(50,18,'2024-10-16 16:02:02','2024-10-16 16:02:02'),(50,19,'2024-10-16 16:02:02','2024-10-16 16:02:02'),(50,20,'2024-10-16 16:02:02','2024-10-16 16:02:02'),(51,2,'2024-10-16 16:04:16','2024-10-16 16:04:16'),(51,19,'2024-10-16 16:04:16','2024-10-16 16:04:16'),(51,21,'2024-10-16 16:04:16','2024-10-16 16:04:16');
/*!40000 ALTER TABLE `moviegenres` ENABLE KEYS */;
UNLOCK TABLES;

--
-- Table structure for table `movies`
--

DROP TABLE IF EXISTS `movies`;
/*!40101 SET @saved_cs_client     = @@character_set_client */;
 SET character_set_client = utf8mb4 ;
CREATE TABLE `movies` (
  `id` int(11) NOT NULL AUTO_INCREMENT,
  `title` varchar(255) NOT NULL,
  `description` text DEFAULT NULL,
  `release_date` datetime DEFAULT NULL,
  `duration` int(11) NOT NULL,
  `director` varchar(255) DEFAULT NULL,
  `rating` decimal(3,1) DEFAULT NULL,
  `poster_url` varchar(255) DEFAULT NULL,
  `trailer_url` varchar(255) DEFAULT NULL,
  `createdAt` datetime NOT NULL,
  `updatedAt` datetime NOT NULL,
  `poster_public_id` varchar(255) DEFAULT NULL,
  `trailer_public_id` varchar(255) DEFAULT NULL,
  PRIMARY KEY (`id`)
) ENGINE=InnoDB AUTO_INCREMENT=52 DEFAULT CHARSET=utf8mb4 COLLATE=utf8mb4_general_ci;
/*!40101 SET character_set_client = @saved_cs_client */;

--
-- Dumping data for table `movies`
--

LOCK TABLES `movies` WRITE;
/*!40000 ALTER TABLE `movies` DISABLE KEYS */;
INSERT INTO `movies` VALUES (29,'Cô Dâu Hào Môn','<p>Uyển Ân chính thức lên xe hoa trong thế giới thượng lưu của đạo diễn Vũ Ngọc Đãng qua bộ phim Cô Dâu Hào Môn.\r\n\r\nThừa thắng xông lên sau doanh thu trăm tỷ từ Chị Chị Em Em 2, nhà sản xuất Will Vũ và đạo diễn Vũ Ngọc Đãng bắt tay thực hiện dự án Cô Dâu Hào Môn. Bộ phim xoay quanh câu chuyện làm dâu nhà hào môn dưới góc nhìn hài hước và châm biếm, hé lộ những câu chuyện kén dâu chọn rể trong giới thượng lưu.\r\n\r\nPhối hợp cùng Uyển Ân ở các phân đoạn tình cảm trong bộ phim lần này là diễn viên Samuel An. Anh được đạo diễn Vũ Ngọc Đãng “đo ni đóng giày” cho vai cậu thiếu gia Bảo Hoàng với ngoại hình điển trai, phong cách lịch lãm và gia thế khủng.\r\n\r\nCùng góp mặt với Uyển Ân trong bộ phim đình đám lần này là sự xuất hiện của những cái tên bảo chứng phòng vé như: Thu Trang, Kiều Minh Tuấn, Samuel An, Lê Giang, NSND Hồng Vân,...\r\n\r\nPhim mới Cô Dâu Hào Môn suất chiếu sớm từ 16.10 (Không áp dụng Movie Voucher), dự kiến ra mắt tại các rạp chiếu phim từ 18.10.2024.</p>\r\n','2024-10-17 07:00:00',114,'Vũ Ngọc Đãng',8.2,'https://res.cloudinary.com/dqah4axnc/image/upload/v1729067066/movies/jyk0fsgudjdiububxvji.jpg','https://res.cloudinary.com/dqah4axnc/video/upload/v1726483838/movies/ugwezd7yduyzdm3qrfw0.mp4','2024-09-16 10:50:39','2024-10-16 15:50:25','movies/jyk0fsgudjdiububxvji',NULL),(42,'Tee Yod: Quỷ Ăn Tạng Phần 2','<p>Ba năm sau cái chết của Yam, Yak vẫn tiếp tục săn lùng linh hồn bí ẩn mặc áo choàng đen. Gặp một cô gái có triệu chứng giống Yam, Yak phát hiện ra người bảo vệ linh hồn, pháp sư ẩn dật Puang, sống trong một khu rừng đầy nguy hiểm. Giữa những phép thuật ma quỷ và những sinh vật nguy hiểm. Khi họ đuổi theo linh hồn mặc áo choàng đen, tiếng kêu đầy ám ảnh của Tee Yod sắp quay trở lại một lần nữa...\r\n\r\nPhim mới Tee Yod 2 / Tee Yod: Quỷ Ăn Tạng Phần 2 có suất chiếu đặc biệt từ 10-13.10.2024 (không áp dụng movie voucher) và khởi chiếu chính thức 18.10.2024 tại các rạp chiếu phim toàn quốc. </p>\r\n','2024-10-10 07:00:00',111,'Taweewat Wantha',9.4,'https://res.cloudinary.com/dqah4axnc/image/upload/v1729067360/movies/aehikd6ddki0jpxngafh.jpg','https://res.cloudinary.com/dqah4axnc/video/upload/v1726737425/movies/pcjjxdmu3hmv0okrmfah.mp4','2024-09-19 16:17:05','2024-10-16 15:50:43','movies/aehikd6ddki0jpxngafh','movies/pcjjxdmu3hmv0okrmfah'),(43,'Robot Hoang Dã','Cuộc phiêu lưu hoành tráng theo chân hành trình của một robot — đơn vị ROZZUM 7134, gọi tắt là Roz. Roz vô tình dạt vào hoang đảo sau một sự cố và nơi đây trở thành địa điểm sống mới của cô. Tại đây, Roz kết thân và nhận nuôi một chú ngỗng con, đặt tên là Brightbill. Roz và Brightbill dần dần thân thiết với các bạn thú trên đảo, song sau đó phải chống chọi, bảo vệ “nhà mới” trước sự xâm lăng của nhà máy từng sản xuất ra Roz.\r\n\r\nPhim mới The Wild Robot / Robot Hoang Dã có suất chiếu đặc biệt từ 05 - 06.10.2024 (không áp dụng movie voucher) và khởi chiếu chính thức 11.10.2024 tại các rạp chiếu phim trên toàn quốc. ','2024-10-11 07:00:00',102,'Chris Sanders',8.8,'https://res.cloudinary.com/dqah4axnc/image/upload/v1729067472/movies/ctacsk5evxxsku8gancq.jpg','https://res.cloudinary.com/dqah4axnc/video/upload/v1726833323/movies/f4riwlcue4yqd5pvu9wf.mp4','2024-09-19 22:11:36','2024-10-16 15:51:20','movies/ctacsk5evxxsku8gancq','movies/f4riwlcue4yqd5pvu9wf'),(44,' Domino: Lối Thoát Cuối Cùng','<p>Sau khi cha bị kẻ ác sát hại, từ người ngoài cuộc, An (Thuận Nguyễn) từng bước bị kéo vào cuộc chiến của các phe đảng xã hội đen. An một mình sẽ phải đối mặt với những nguy hiểm đe dọa đến cả tính mạng.\r\n\r\nPhim mới Domino: Lối Thoát Cuối Cùng dự kiến khởi chiếu 27.09.2024 tại các rạp chiếu phim toàn quốc. Cùng đặt lịch xem Domino: Lối Thoát Cuối Cùng.</p>\r\n','2024-10-11 07:00:00',103,'Nguyễn Phúc Huy Cương',7.0,'https://res.cloudinary.com/dqah4axnc/image/upload/v1729067618/movies/uykbpektsubcqbccxo48.jpg','https://res.cloudinary.com/dqah4axnc/video/upload/v1726842847/movies/nyhzmsy2o8iokugdqafp.mp4','2024-09-20 21:34:10','2024-10-16 15:51:51','movies/uykbpektsubcqbccxo48','movies/nyhzmsy2o8iokugdqafp'),(45,' Cám','<p>a</p>\r\n','2024-10-07 07:00:00',122,'Trần Hữu Tấn',7.0,'https://res.cloudinary.com/dqah4axnc/image/upload/v1729067779/movies/k3qi2hqlne26vmiu9a8c.jpg','https://res.cloudinary.com/dqah4axnc/video/upload/v1728465981/movies/fonvxarwjibxd5vxaggk.mp4','2024-10-09 16:26:22','2024-10-16 15:52:13','movies/k3qi2hqlne26vmiu9a8c','movies/fonvxarwjibxd5vxaggk'),(46,'Làm Giàu Với Ma','<p>Phim mới Làm Giàu Với Ma kể về Lanh (Tuấn Trần) - con trai của ông Đạo làm nghề mai táng (Hoài Linh), lâm vào đường cùng vì cờ bạc. Trong cơn túng quẫn, “duyên tình” đẩy đưa anh gặp một ma nữ (Diệp Bảo Ngọc) và cùng nhau thực hiện những “kèo thơm\" để phục vụ mục đích của cả hai.</p>\r\n','2024-10-14 07:00:00',112,'Trung Lùn',7.9,'https://res.cloudinary.com/dqah4axnc/image/upload/v1729067886/movies/xpb4nxz8v4zsss89hufu.jpg','https://res.cloudinary.com/dqah4axnc/video/upload/v1729058881/movies/bjo1xwe6yklvfn0rhhkb.mp4','2024-10-16 13:08:01','2024-10-16 15:52:34','movies/xpb4nxz8v4zsss89hufu','movies/bjo1xwe6yklvfn0rhhkb'),(47,'An Lạc','<p>Bộ phim đạt 3 giải thưởng danh giá tại SEA International Film Festival 2024 sẽ mang đến cho khán giả một câu chuyện đáng yêu về một thầy tu và một chú chó cùng song hành với nhau vượt qua những vui buồn, ganh ghét của cuộc sống xung quanh, cùng nhau tìm đến hạnh phúc của cuộc đời.</p>\r\n<p>Phim mới Kan Kaung / An Lạc dự kiến ra mắt tại các rạp chiếu phim toàn quốc từ 18.10.2024.</p>\r\n','2024-10-18 07:00:00',121,'Win Lwin Htet',7.0,'https://res.cloudinary.com/dqah4axnc/image/upload/v1729068887/movies/gc7ueskzhc5jrczx6h5b.jpg','https://res.cloudinary.com/dqah4axnc/video/upload/v1729068889/movies/qdk8bl4onamwzqy2tzvd.mp4','2024-10-16 15:54:50','2024-10-16 15:54:50','movies/gc7ueskzhc5jrczx6h5b','movies/qdk8bl4onamwzqy2tzvd'),(48,'Tín Hiệu Cầu Cứu','<p>&quot;Tín Hiệu Cầu Cứu&quot; theo chân cô phục vụ cocktail Frida (do Naomi Ackie thủ vai) đã phải lòng tỷ phú công nghệ tên Slater King (Channing Tatum thủ vai) và theo chân anh ta tới một hòn đảo thiên đường, với rất nhiều thú vui xa xỉ.</p>\r\n<p>Đời không như là mơ bởi hòn đảo thiên đường này lại là nơi dễ đến nhưng khó đi. Tỷ phú Slater King được nhiều người ngưỡng mộ lại đang che giấu một bí mật khủng khiếp. Khi bức màn bí ẩn càng được vén lên thì Frida càng gặp nhiều rắc rối, và một cuộc thanh trừng đẫm máu đã xảy ra tại hòn đảo thiên đường. Số phận của Frida sẽ đi về đâu?</p>\r\n<p>Phim mới Blink Twice / Tín Hiệu Cầu Cứu dự kiến ra mắt tại các rạp chiếu phim toàn quốc từ 18.10.2024.</p>\r\n','2024-10-18 07:00:00',103,'Zoë Kravitz',7.0,'https://res.cloudinary.com/dqah4axnc/image/upload/v1729068988/movies/afjgymwl3z7vsu7cx8hc.jpg','https://res.cloudinary.com/dqah4axnc/video/upload/v1729068991/movies/rvxohjzswg9wjmtruhaf.mp4','2024-10-16 15:56:31','2024-10-16 15:56:31','movies/afjgymwl3z7vsu7cx8hc','movies/rvxohjzswg9wjmtruhaf'),(49,'Bóng Đá Nữ Việt Nam: Chuyện Lần Đầu Kể','<p>Bóng Đá Nữ Việt Nam: Chuyện Lần Đầu Kể là cuốn hồi ký lưu giữ những khoảnh khắc bùng nổ tinh thần chiến đấu và niềm tự hào sắc tộc của đội tuyển bóng đá nữ trong hành trình kiến tạo dấu ấn lịch sử của thể thao Việt Nam.</p>\r\n<p>Phim mới Bóng Đá Nữ Việt Nam: Chuyện Lần Đầu Kể dự kiến ra mắt tại các rạp chiếu phim từ 18.10.2024.</p>\r\n','2024-10-18 07:00:00',75,'Nguyễn Thị Thắm',7.2,'https://res.cloudinary.com/dqah4axnc/image/upload/v1729069185/movies/cgj9ps5b36amgd993k8i.jpg','https://res.cloudinary.com/dqah4axnc/video/upload/v1729069190/movies/seezgyavsonn3e7xqn0p.mp4','2024-10-16 15:59:51','2024-10-16 15:59:51','movies/cgj9ps5b36amgd993k8i','movies/seezgyavsonn3e7xqn0p'),(50,' Elli Và Bí Ẩn Chiếc Tàu Ma','<p>Một cuộc truy đuổi của những chiếc drone bí ẩn đã bị bắt đi người chú thân thiết của hồn ma Elli bé bỏng. Quyết định rời khỏi căn biệt thự ma ám để giải cứu người chú đáng thương khiến cô bé dấn thân vào một chuyến phiêu lưu đầy gay go với những thách thức, cũng chính là cơ hội cô bé gặp gỡ những người bạn quái vật thú vị và khám phá được năng lực bí ẩn của chính mình. Liệu Elli có chiến thắng cuộc truy đuổi căng thẳng và đoàn tụ với người chú của mình? Câu trả lời sẽ có trong bộ phim “Elli And The Ghostly Ghost Train / Elli và Bí Ẩn Chiếc Tàu Ma”</p>\r\n<p>Phim mới Elli And The Ghostly Ghost Train / Elli Và Bí Ẩn Chiếc Tàu Ma dự kiến khởi chiếu 25.10.2024 tại các rạp chiếu phim toàn quốc. Cùng đặt lịch xem Elli And The Ghostly Ghost Train / Elli Và Bí Ẩn Chiếc Tàu Ma</p>\r\n','2024-10-25 07:00:00',120,'Jespe Møller',7.0,'https://res.cloudinary.com/dqah4axnc/image/upload/v1729069315/movies/ay2cetv854e9j0xzf9pg.jpg','https://res.cloudinary.com/dqah4axnc/video/upload/v1729069321/movies/akhf1ecgat9hpchiivcr.mp4','2024-10-16 16:02:02','2024-10-16 16:02:02','movies/ay2cetv854e9j0xzf9pg','movies/akhf1ecgat9hpchiivcr'),(51,' Mật Mã Đỏ','<p>Red One / Mật Mã Đỏ kể về Callum Drift, người đứng đầu lực lượng an ninh Bắc Cực , phải hợp tác với Jack O\'Malley, một thợ săn tiền thưởng , để tìm và giải cứu Ông già Noel sau khi ông bị bắt cóc.</p>\r\n<p>Phim mới Red One / Mật Mã Đỏ dự kiến khởi chiếu 15.11.2024 tại các rạp chiếu phim toàn quốc. Cùng đặt lịch xem Red One / Mật Mã Đỏ</p>\r\n','2024-11-15 07:00:00',120,'Jake Kasdan',8.6,'https://res.cloudinary.com/dqah4axnc/image/upload/v1729069453/movies/pxkbtjvhg5jlwefzn4u8.jpg','https://res.cloudinary.com/dqah4axnc/video/upload/v1729069456/movies/umdwz5raszpbvevj1jyd.mp4','2024-10-16 16:04:16','2024-10-16 16:04:16','movies/pxkbtjvhg5jlwefzn4u8','movies/umdwz5raszpbvevj1jyd');
/*!40000 ALTER TABLE `movies` ENABLE KEYS */;
UNLOCK TABLES;

--
-- Table structure for table `moviestheaters`
--

DROP TABLE IF EXISTS `moviestheaters`;
/*!40101 SET @saved_cs_client     = @@character_set_client */;
 SET character_set_client = utf8mb4 ;
CREATE TABLE `moviestheaters` (
  `movie_id` int(11) NOT NULL,
  `theater_id` int(11) NOT NULL,
  KEY `movie_id` (`movie_id`),
  KEY `theater_id` (`theater_id`),
  CONSTRAINT `moviestheaters_ibfk_1` FOREIGN KEY (`movie_id`) REFERENCES `movies` (`id`),
  CONSTRAINT `moviestheaters_ibfk_2` FOREIGN KEY (`theater_id`) REFERENCES `theaters` (`id`)
) ENGINE=InnoDB DEFAULT CHARSET=utf8mb4 COLLATE=utf8mb4_general_ci;
/*!40101 SET character_set_client = @saved_cs_client */;

--
-- Dumping data for table `moviestheaters`
--

LOCK TABLES `moviestheaters` WRITE;
/*!40000 ALTER TABLE `moviestheaters` DISABLE KEYS */;
/*!40000 ALTER TABLE `moviestheaters` ENABLE KEYS */;
UNLOCK TABLES;

--
-- Table structure for table `payments`
--

DROP TABLE IF EXISTS `payments`;
/*!40101 SET @saved_cs_client     = @@character_set_client */;
 SET character_set_client = utf8mb4 ;
CREATE TABLE `payments` (
  `id` int(11) NOT NULL AUTO_INCREMENT,
  `amount` float NOT NULL,
  `payment_method` varchar(255) NOT NULL,
  `status` varchar(255) NOT NULL,
  `user_id` int(11) NOT NULL,
  `ticket_id` int(11) NOT NULL,
  `createdAt` datetime NOT NULL,
  `updatedAt` datetime NOT NULL,
  PRIMARY KEY (`id`),
  KEY `user_id` (`user_id`),
  KEY `ticket_id` (`ticket_id`),
  CONSTRAINT `payments_ibfk_1` FOREIGN KEY (`user_id`) REFERENCES `users` (`id`),
  CONSTRAINT `payments_ibfk_10` FOREIGN KEY (`ticket_id`) REFERENCES `tickets` (`id`),
  CONSTRAINT `payments_ibfk_100` FOREIGN KEY (`ticket_id`) REFERENCES `tickets` (`id`),
  CONSTRAINT `payments_ibfk_101` FOREIGN KEY (`user_id`) REFERENCES `users` (`id`),
  CONSTRAINT `payments_ibfk_102` FOREIGN KEY (`ticket_id`) REFERENCES `tickets` (`id`),
  CONSTRAINT `payments_ibfk_103` FOREIGN KEY (`user_id`) REFERENCES `users` (`id`),
  CONSTRAINT `payments_ibfk_104` FOREIGN KEY (`ticket_id`) REFERENCES `tickets` (`id`),
  CONSTRAINT `payments_ibfk_105` FOREIGN KEY (`user_id`) REFERENCES `users` (`id`),
  CONSTRAINT `payments_ibfk_106` FOREIGN KEY (`ticket_id`) REFERENCES `tickets` (`id`),
  CONSTRAINT `payments_ibfk_107` FOREIGN KEY (`user_id`) REFERENCES `users` (`id`),
  CONSTRAINT `payments_ibfk_108` FOREIGN KEY (`ticket_id`) REFERENCES `tickets` (`id`),
  CONSTRAINT `payments_ibfk_109` FOREIGN KEY (`user_id`) REFERENCES `users` (`id`),
  CONSTRAINT `payments_ibfk_11` FOREIGN KEY (`user_id`) REFERENCES `users` (`id`),
  CONSTRAINT `payments_ibfk_110` FOREIGN KEY (`ticket_id`) REFERENCES `tickets` (`id`),
  CONSTRAINT `payments_ibfk_111` FOREIGN KEY (`user_id`) REFERENCES `users` (`id`),
  CONSTRAINT `payments_ibfk_112` FOREIGN KEY (`ticket_id`) REFERENCES `tickets` (`id`),
  CONSTRAINT `payments_ibfk_113` FOREIGN KEY (`user_id`) REFERENCES `users` (`id`),
  CONSTRAINT `payments_ibfk_114` FOREIGN KEY (`ticket_id`) REFERENCES `tickets` (`id`),
  CONSTRAINT `payments_ibfk_115` FOREIGN KEY (`user_id`) REFERENCES `users` (`id`),
  CONSTRAINT `payments_ibfk_116` FOREIGN KEY (`ticket_id`) REFERENCES `tickets` (`id`),
  CONSTRAINT `payments_ibfk_117` FOREIGN KEY (`user_id`) REFERENCES `users` (`id`),
  CONSTRAINT `payments_ibfk_118` FOREIGN KEY (`ticket_id`) REFERENCES `tickets` (`id`),
  CONSTRAINT `payments_ibfk_119` FOREIGN KEY (`user_id`) REFERENCES `users` (`id`),
  CONSTRAINT `payments_ibfk_12` FOREIGN KEY (`ticket_id`) REFERENCES `tickets` (`id`),
  CONSTRAINT `payments_ibfk_120` FOREIGN KEY (`ticket_id`) REFERENCES `tickets` (`id`),
  CONSTRAINT `payments_ibfk_13` FOREIGN KEY (`user_id`) REFERENCES `users` (`id`),
  CONSTRAINT `payments_ibfk_14` FOREIGN KEY (`ticket_id`) REFERENCES `tickets` (`id`),
  CONSTRAINT `payments_ibfk_15` FOREIGN KEY (`user_id`) REFERENCES `users` (`id`),
  CONSTRAINT `payments_ibfk_16` FOREIGN KEY (`ticket_id`) REFERENCES `tickets` (`id`),
  CONSTRAINT `payments_ibfk_17` FOREIGN KEY (`user_id`) REFERENCES `users` (`id`),
  CONSTRAINT `payments_ibfk_18` FOREIGN KEY (`ticket_id`) REFERENCES `tickets` (`id`),
  CONSTRAINT `payments_ibfk_19` FOREIGN KEY (`user_id`) REFERENCES `users` (`id`),
  CONSTRAINT `payments_ibfk_2` FOREIGN KEY (`ticket_id`) REFERENCES `tickets` (`id`),
  CONSTRAINT `payments_ibfk_20` FOREIGN KEY (`ticket_id`) REFERENCES `tickets` (`id`),
  CONSTRAINT `payments_ibfk_21` FOREIGN KEY (`user_id`) REFERENCES `users` (`id`),
  CONSTRAINT `payments_ibfk_22` FOREIGN KEY (`ticket_id`) REFERENCES `tickets` (`id`),
  CONSTRAINT `payments_ibfk_23` FOREIGN KEY (`user_id`) REFERENCES `users` (`id`),
  CONSTRAINT `payments_ibfk_24` FOREIGN KEY (`ticket_id`) REFERENCES `tickets` (`id`),
  CONSTRAINT `payments_ibfk_25` FOREIGN KEY (`user_id`) REFERENCES `users` (`id`),
  CONSTRAINT `payments_ibfk_26` FOREIGN KEY (`ticket_id`) REFERENCES `tickets` (`id`),
  CONSTRAINT `payments_ibfk_27` FOREIGN KEY (`user_id`) REFERENCES `users` (`id`),
  CONSTRAINT `payments_ibfk_28` FOREIGN KEY (`ticket_id`) REFERENCES `tickets` (`id`),
  CONSTRAINT `payments_ibfk_29` FOREIGN KEY (`user_id`) REFERENCES `users` (`id`),
  CONSTRAINT `payments_ibfk_3` FOREIGN KEY (`user_id`) REFERENCES `users` (`id`),
  CONSTRAINT `payments_ibfk_30` FOREIGN KEY (`ticket_id`) REFERENCES `tickets` (`id`),
  CONSTRAINT `payments_ibfk_31` FOREIGN KEY (`user_id`) REFERENCES `users` (`id`),
  CONSTRAINT `payments_ibfk_32` FOREIGN KEY (`ticket_id`) REFERENCES `tickets` (`id`),
  CONSTRAINT `payments_ibfk_33` FOREIGN KEY (`user_id`) REFERENCES `users` (`id`),
  CONSTRAINT `payments_ibfk_34` FOREIGN KEY (`ticket_id`) REFERENCES `tickets` (`id`),
  CONSTRAINT `payments_ibfk_35` FOREIGN KEY (`user_id`) REFERENCES `users` (`id`),
  CONSTRAINT `payments_ibfk_36` FOREIGN KEY (`ticket_id`) REFERENCES `tickets` (`id`),
  CONSTRAINT `payments_ibfk_37` FOREIGN KEY (`user_id`) REFERENCES `users` (`id`),
  CONSTRAINT `payments_ibfk_38` FOREIGN KEY (`ticket_id`) REFERENCES `tickets` (`id`),
  CONSTRAINT `payments_ibfk_39` FOREIGN KEY (`user_id`) REFERENCES `users` (`id`),
  CONSTRAINT `payments_ibfk_4` FOREIGN KEY (`ticket_id`) REFERENCES `tickets` (`id`),
  CONSTRAINT `payments_ibfk_40` FOREIGN KEY (`ticket_id`) REFERENCES `tickets` (`id`),
  CONSTRAINT `payments_ibfk_41` FOREIGN KEY (`user_id`) REFERENCES `users` (`id`),
  CONSTRAINT `payments_ibfk_42` FOREIGN KEY (`ticket_id`) REFERENCES `tickets` (`id`),
  CONSTRAINT `payments_ibfk_43` FOREIGN KEY (`user_id`) REFERENCES `users` (`id`),
  CONSTRAINT `payments_ibfk_44` FOREIGN KEY (`ticket_id`) REFERENCES `tickets` (`id`),
  CONSTRAINT `payments_ibfk_45` FOREIGN KEY (`user_id`) REFERENCES `users` (`id`),
  CONSTRAINT `payments_ibfk_46` FOREIGN KEY (`ticket_id`) REFERENCES `tickets` (`id`),
  CONSTRAINT `payments_ibfk_47` FOREIGN KEY (`user_id`) REFERENCES `users` (`id`),
  CONSTRAINT `payments_ibfk_48` FOREIGN KEY (`ticket_id`) REFERENCES `tickets` (`id`),
  CONSTRAINT `payments_ibfk_49` FOREIGN KEY (`user_id`) REFERENCES `users` (`id`),
  CONSTRAINT `payments_ibfk_5` FOREIGN KEY (`user_id`) REFERENCES `users` (`id`),
  CONSTRAINT `payments_ibfk_50` FOREIGN KEY (`ticket_id`) REFERENCES `tickets` (`id`),
  CONSTRAINT `payments_ibfk_51` FOREIGN KEY (`user_id`) REFERENCES `users` (`id`),
  CONSTRAINT `payments_ibfk_52` FOREIGN KEY (`ticket_id`) REFERENCES `tickets` (`id`),
  CONSTRAINT `payments_ibfk_53` FOREIGN KEY (`user_id`) REFERENCES `users` (`id`),
  CONSTRAINT `payments_ibfk_54` FOREIGN KEY (`ticket_id`) REFERENCES `tickets` (`id`),
  CONSTRAINT `payments_ibfk_55` FOREIGN KEY (`user_id`) REFERENCES `users` (`id`),
  CONSTRAINT `payments_ibfk_56` FOREIGN KEY (`ticket_id`) REFERENCES `tickets` (`id`),
  CONSTRAINT `payments_ibfk_57` FOREIGN KEY (`user_id`) REFERENCES `users` (`id`),
  CONSTRAINT `payments_ibfk_58` FOREIGN KEY (`ticket_id`) REFERENCES `tickets` (`id`),
  CONSTRAINT `payments_ibfk_59` FOREIGN KEY (`user_id`) REFERENCES `users` (`id`),
  CONSTRAINT `payments_ibfk_6` FOREIGN KEY (`ticket_id`) REFERENCES `tickets` (`id`),
  CONSTRAINT `payments_ibfk_60` FOREIGN KEY (`ticket_id`) REFERENCES `tickets` (`id`),
  CONSTRAINT `payments_ibfk_61` FOREIGN KEY (`user_id`) REFERENCES `users` (`id`),
  CONSTRAINT `payments_ibfk_62` FOREIGN KEY (`ticket_id`) REFERENCES `tickets` (`id`),
  CONSTRAINT `payments_ibfk_63` FOREIGN KEY (`user_id`) REFERENCES `users` (`id`),
  CONSTRAINT `payments_ibfk_64` FOREIGN KEY (`ticket_id`) REFERENCES `tickets` (`id`),
  CONSTRAINT `payments_ibfk_65` FOREIGN KEY (`user_id`) REFERENCES `users` (`id`),
  CONSTRAINT `payments_ibfk_66` FOREIGN KEY (`ticket_id`) REFERENCES `tickets` (`id`),
  CONSTRAINT `payments_ibfk_67` FOREIGN KEY (`user_id`) REFERENCES `users` (`id`),
  CONSTRAINT `payments_ibfk_68` FOREIGN KEY (`ticket_id`) REFERENCES `tickets` (`id`),
  CONSTRAINT `payments_ibfk_69` FOREIGN KEY (`user_id`) REFERENCES `users` (`id`),
  CONSTRAINT `payments_ibfk_7` FOREIGN KEY (`user_id`) REFERENCES `users` (`id`),
  CONSTRAINT `payments_ibfk_70` FOREIGN KEY (`ticket_id`) REFERENCES `tickets` (`id`),
  CONSTRAINT `payments_ibfk_71` FOREIGN KEY (`user_id`) REFERENCES `users` (`id`),
  CONSTRAINT `payments_ibfk_72` FOREIGN KEY (`ticket_id`) REFERENCES `tickets` (`id`),
  CONSTRAINT `payments_ibfk_73` FOREIGN KEY (`user_id`) REFERENCES `users` (`id`),
  CONSTRAINT `payments_ibfk_74` FOREIGN KEY (`ticket_id`) REFERENCES `tickets` (`id`),
  CONSTRAINT `payments_ibfk_75` FOREIGN KEY (`user_id`) REFERENCES `users` (`id`),
  CONSTRAINT `payments_ibfk_76` FOREIGN KEY (`ticket_id`) REFERENCES `tickets` (`id`),
  CONSTRAINT `payments_ibfk_77` FOREIGN KEY (`user_id`) REFERENCES `users` (`id`),
  CONSTRAINT `payments_ibfk_78` FOREIGN KEY (`ticket_id`) REFERENCES `tickets` (`id`),
  CONSTRAINT `payments_ibfk_79` FOREIGN KEY (`user_id`) REFERENCES `users` (`id`),
  CONSTRAINT `payments_ibfk_8` FOREIGN KEY (`ticket_id`) REFERENCES `tickets` (`id`),
  CONSTRAINT `payments_ibfk_80` FOREIGN KEY (`ticket_id`) REFERENCES `tickets` (`id`),
  CONSTRAINT `payments_ibfk_81` FOREIGN KEY (`user_id`) REFERENCES `users` (`id`),
  CONSTRAINT `payments_ibfk_82` FOREIGN KEY (`ticket_id`) REFERENCES `tickets` (`id`),
  CONSTRAINT `payments_ibfk_83` FOREIGN KEY (`user_id`) REFERENCES `users` (`id`),
  CONSTRAINT `payments_ibfk_84` FOREIGN KEY (`ticket_id`) REFERENCES `tickets` (`id`),
  CONSTRAINT `payments_ibfk_85` FOREIGN KEY (`user_id`) REFERENCES `users` (`id`),
  CONSTRAINT `payments_ibfk_86` FOREIGN KEY (`ticket_id`) REFERENCES `tickets` (`id`),
  CONSTRAINT `payments_ibfk_87` FOREIGN KEY (`user_id`) REFERENCES `users` (`id`),
  CONSTRAINT `payments_ibfk_88` FOREIGN KEY (`ticket_id`) REFERENCES `tickets` (`id`),
  CONSTRAINT `payments_ibfk_89` FOREIGN KEY (`user_id`) REFERENCES `users` (`id`),
  CONSTRAINT `payments_ibfk_9` FOREIGN KEY (`user_id`) REFERENCES `users` (`id`),
  CONSTRAINT `payments_ibfk_90` FOREIGN KEY (`ticket_id`) REFERENCES `tickets` (`id`),
  CONSTRAINT `payments_ibfk_91` FOREIGN KEY (`user_id`) REFERENCES `users` (`id`),
  CONSTRAINT `payments_ibfk_92` FOREIGN KEY (`ticket_id`) REFERENCES `tickets` (`id`),
  CONSTRAINT `payments_ibfk_93` FOREIGN KEY (`user_id`) REFERENCES `users` (`id`),
  CONSTRAINT `payments_ibfk_94` FOREIGN KEY (`ticket_id`) REFERENCES `tickets` (`id`),
  CONSTRAINT `payments_ibfk_95` FOREIGN KEY (`user_id`) REFERENCES `users` (`id`),
  CONSTRAINT `payments_ibfk_96` FOREIGN KEY (`ticket_id`) REFERENCES `tickets` (`id`),
  CONSTRAINT `payments_ibfk_97` FOREIGN KEY (`user_id`) REFERENCES `users` (`id`),
  CONSTRAINT `payments_ibfk_98` FOREIGN KEY (`ticket_id`) REFERENCES `tickets` (`id`),
  CONSTRAINT `payments_ibfk_99` FOREIGN KEY (`user_id`) REFERENCES `users` (`id`)
) ENGINE=InnoDB AUTO_INCREMENT=58 DEFAULT CHARSET=utf8mb4 COLLATE=utf8mb4_general_ci;
/*!40101 SET character_set_client = @saved_cs_client */;

--
-- Dumping data for table `payments`
--

LOCK TABLES `payments` WRITE;
/*!40000 ALTER TABLE `payments` DISABLE KEYS */;
INSERT INTO `payments` VALUES (8,220000,'PayPal','COMPLETED',93,53,'2024-10-01 01:41:15','2024-10-01 01:41:15'),(9,270000,'PayPal','COMPLETED',93,55,'2024-10-01 01:49:29','2024-10-01 01:49:29'),(10,1100000,'PayPal','COMPLETED',93,58,'2024-10-01 14:55:35','2024-10-01 14:55:35'),(11,200000,'PayPal','COMPLETED',93,59,'2024-10-01 16:43:02','2024-10-01 16:43:02'),(12,1100000,'PayPal','COMPLETED',93,60,'2024-10-01 16:43:34','2024-10-01 16:43:34'),(13,1100000,'PayPal','COMPLETED',93,61,'2024-10-01 16:43:58','2024-10-01 16:43:58'),(14,200000,'PayPal','COMPLETED',93,62,'2024-10-01 16:44:25','2024-10-01 16:44:25'),(15,200000,'PayPal','COMPLETED',93,64,'2024-10-01 18:03:36','2024-10-01 18:03:36'),(16,200000,'PayPal','COMPLETED',93,66,'2024-10-01 22:55:14','2024-10-01 22:55:14'),(17,200000,'PayPal','COMPLETED',93,67,'2024-10-02 00:19:26','2024-10-02 00:19:26'),(18,200000,'PayPal','COMPLETED',93,68,'2024-10-02 00:21:11','2024-10-02 00:21:11'),(19,200000,'PayPal','COMPLETED',93,71,'2024-10-02 00:26:46','2024-10-02 00:26:46'),(20,250000,'PayPal','COMPLETED',93,72,'2024-10-02 00:32:24','2024-10-02 00:32:24'),(21,156000,'PayPal','COMPLETED',93,74,'2024-10-06 14:58:24','2024-10-06 14:58:24'),(22,102000,'PayPal','COMPLETED',93,78,'2024-10-07 16:57:56','2024-10-07 16:57:56'),(23,200600,'PayPal','COMPLETED',93,79,'2024-10-07 23:33:33','2024-10-07 23:33:33'),(24,100200,'PayPal','COMPLETED',93,80,'2024-10-09 00:38:25','2024-10-09 00:38:25'),(25,100200,'PayPal','COMPLETED',93,81,'2024-10-09 00:44:45','2024-10-09 00:44:45'),(26,100200,'PayPal','COMPLETED',93,84,'2024-10-09 00:53:29','2024-10-09 00:53:29'),(27,100200,'PayPal','COMPLETED',93,102,'2024-10-09 13:39:08','2024-10-09 13:39:08'),(28,250400,'PayPal','COMPLETED',93,103,'2024-10-09 13:39:52','2024-10-09 13:39:52'),(29,300600,'PayPal','COMPLETED',93,104,'2024-10-09 13:41:46','2024-10-09 13:41:46'),(30,150200,'PayPal','COMPLETED',93,106,'2024-10-11 11:01:07','2024-10-11 11:01:07'),(31,4.03,'PayPal','COMPLETED',93,110,'2024-10-11 11:15:58','2024-10-11 11:15:58'),(32,8.06,'PayPal','COMPLETED',93,116,'2024-10-11 11:42:08','2024-10-11 11:42:08'),(33,4.03,'PayPal','COMPLETED',93,121,'2024-10-11 12:03:55','2024-10-11 12:03:55'),(34,6.04,'PayPal','COMPLETED',93,124,'2024-10-12 01:17:09','2024-10-12 01:17:09'),(35,4.03,'PayPal','COMPLETED',93,133,'2024-10-13 17:00:26','2024-10-13 17:00:26'),(36,6.05,'PayPal','COMPLETED',18,134,'2024-10-13 17:02:49','2024-10-13 17:02:49'),(37,4.03,'PayPal','COMPLETED',18,135,'2024-10-13 17:03:52','2024-10-13 17:03:52'),(38,6.05,'PayPal','COMPLETED',93,136,'2024-10-13 17:20:22','2024-10-13 17:20:22'),(39,4.03,'PayPal','COMPLETED',93,137,'2024-10-13 17:33:29','2024-10-13 17:33:29'),(40,4.03,'PayPal','COMPLETED',93,138,'2024-10-13 17:37:50','2024-10-13 17:37:50'),(41,8.06,'PayPal','COMPLETED',93,139,'2024-10-13 17:47:44','2024-10-13 17:47:45'),(42,4.03,'PayPal','COMPLETED',93,140,'2024-10-13 17:51:16','2024-10-13 17:51:16'),(43,4.03,'PayPal','COMPLETED',93,141,'2024-10-13 17:52:25','2024-10-13 17:52:25'),(44,4.03,'PayPal','COMPLETED',93,142,'2024-10-13 18:16:20','2024-10-13 18:16:20'),(45,4.03,'PayPal','COMPLETED',93,143,'2024-10-13 18:26:46','2024-10-13 18:26:46'),(46,4.03,'PayPal','COMPLETED',18,144,'2024-10-13 18:38:37','2024-10-13 18:38:37'),(47,4.03,'PayPal','COMPLETED',18,147,'2024-10-13 19:44:14','2024-10-13 19:44:14'),(48,4.03,'PayPal','COMPLETED',93,148,'2024-10-13 19:47:17','2024-10-13 19:47:17'),(49,6.05,'PayPal','COMPLETED',93,149,'2024-10-13 19:50:48','2024-10-13 19:50:48'),(50,4.03,'PayPal','COMPLETED',93,150,'2024-10-13 19:51:59','2024-10-13 19:51:59'),(51,4.03,'PayPal','COMPLETED',112,152,'2024-10-15 23:54:18','2024-10-15 23:54:18'),(52,8.06,'PayPal','COMPLETED',112,153,'2024-10-15 23:56:45','2024-10-15 23:56:45'),(53,4.03,'PayPal','COMPLETED',113,154,'2024-10-15 23:59:18','2024-10-15 23:59:18'),(54,9.22,'PayPal','COMPLETED',114,156,'2024-10-16 23:19:34','2024-10-16 23:19:34'),(55,7.22,'PayPal','COMPLETED',114,157,'2024-10-17 00:10:19','2024-10-17 00:10:19'),(56,4.8,'PayPal','COMPLETED',93,158,'2024-10-17 08:26:18','2024-10-17 08:26:18'),(57,4.8,'PayPal','COMPLETED',93,159,'2024-10-17 08:46:35','2024-10-17 08:46:35');
/*!40000 ALTER TABLE `payments` ENABLE KEYS */;
UNLOCK TABLES;

--
-- Table structure for table `qrcodes`
--

DROP TABLE IF EXISTS `qrcodes`;
/*!40101 SET @saved_cs_client     = @@character_set_client */;
 SET character_set_client = utf8mb4 ;
CREATE TABLE `qrcodes` (
  `id` int(11) NOT NULL AUTO_INCREMENT,
  `code` text NOT NULL,
  `ticket_id` int(11) NOT NULL,
  `createdAt` datetime NOT NULL DEFAULT current_timestamp(),
  `updatedAt` datetime NOT NULL DEFAULT current_timestamp(),
  PRIMARY KEY (`id`),
  KEY `ticket_id` (`ticket_id`),
  CONSTRAINT `qrcodes_ibfk_1` FOREIGN KEY (`ticket_id`) REFERENCES `tickets` (`id`) ON DELETE CASCADE ON UPDATE CASCADE
) ENGINE=InnoDB AUTO_INCREMENT=58 DEFAULT CHARSET=utf8mb4 COLLATE=utf8mb4_general_ci;
/*!40101 SET character_set_client = @saved_cs_client */;

--
-- Dumping data for table `qrcodes`
--

LOCK TABLES `qrcodes` WRITE;
/*!40000 ALTER TABLE `qrcodes` DISABLE KEYS */;
INSERT INTO `qrcodes` VALUES (8,'data:image/png;base64,iVBORw0KGgoAAAANSUhEUgAAAJQAAACUCAYAAAB1PADUAAAAAklEQVR4AewaftIAAATXSURBVO3BQY4jRxAEwfAC//9l1xxTlwIanZzVCmGGP1K15KRq0UnVopOqRSdVi06qFp1ULTqpWnRSteikatFJ1aKTqkUnVYtOqhadVC06qVr0yUtAfpOaJ4BMaiYgk5ongExqJiA3am6A/CY1b5xULTqpWnRSteiTZWo2AdkEZFJzA+QJIDdq3lCzCcimk6pFJ1WLTqoWffJlQJ5Q8wSQGzU3QCY1k5oJyKTmBsgNkEnNE0CeUPNNJ1WLTqoWnVQt+qT+BcikZlJzA+QJNf8nJ1WLTqoWnVQt+qT+Rc0NkCfUTEBu1PzNTqoWnVQtOqla9MmXqfmTgExqJjUTkEnNjZoJyARkUjMBeUPNf8lJ1aKTqkUnVYs+WQbkT1IzAbkBMqmZgExqJiCTmgnIJiD/ZSdVi06qFp1ULfrkJTV/MzU3aiYgm9TcqPmbnFQtOqladFK16JOXgExqJiCb1ExqJiBvAJnUPAHkBsik5gbIJjXfdFK16KRq0UnVIvyRRUBu1ExAbtR8E5An1ExAbtTcAJnUTEAmNROQSc0E5Ak1b5xULTqpWnRStQh/5AUgN2reAHKj5gbIpOYGyKRmAjKpuQEyqfkmIJOa33RSteikatFJ1aJPlql5AsiNmieA3ACZ1ExqbtRMQCY1k5oJyKTmNwGZ1Gw6qVp0UrXopGoR/sgvAjKpmYA8oWYCcqNmAnKj5gkgN2omIDdqJiCTmhsgk5pvOqladFK16KRqEf7IC0AmNd8E5Ak1E5BJzQTkRs0EZFJzA+RGzQRkUjMBmdQ8AWRS88ZJ1aKTqkUnVYvwR14A8oSaJ4BMaiYgk5ongExqboC8oWYCcqPmCSA3ar7ppGrRSdWik6pFn7yk5pvU3Ki5ATKp+SY1b6iZgExqJiA3aiYgN2reOKladFK16KRqEf7IFwGZ1ExAJjUTkBs1TwCZ1ExAnlAzAblRcwNkUvMGkBs1m06qFp1ULTqpWoQ/8gKQSc0EZFLzBpBJzRtAnlAzAflNaiYgk5oJyBNq3jipWnRSteikatEnfxiQSc0EZFIzAXlCzY2aCcgE5EbNE0AmNROQJ4A8oWbTSdWik6pFJ1WLPvkyNTdqbtQ8oeYJNd8E5EbNBGRSMwF5Qs0NkEnNGydVi06qFp1ULfrky4DcqLkB8gSQSc0bap4AcqNmAnID5Ak1E5DfdFK16KRq0UnVIvyRvxiQSc0EZFIzAblRcwNkUjMBeULNE0Bu1NwAmdS8cVK16KRq0UnVok9eAvKb1ExqngAyqZmATECeALIJyKRmk5pNJ1WLTqoWnVQt+mSZmk1AboB8k5oJyKTmBsgbav4mJ1WLTqoWnVQt+uTLgDyhZpOaGyCTmgnIpGYCcqPmBsgEZBOQJ9S8cVK16KRq0UnVok/+54A8AWRS84SaGyCTmgnIpOYJIJOaCcg3nVQtOqladFK16JP/GTUTkEnNDZAbIE8AeQPIE2qeULPppGrRSdWik6pFn3yZmm9SMwG5AfIEkBs1bwC5UTMBuQEyqflNJ1WLTqoWnVQt+mQZkN8E5Ak1E5BNQCY1E5BJzQRkAjKpeUPNN51ULTqpWnRStQh/pGrJSdWik6pFJ1WLTqoWnVQtOqladFK16KRq0UnVopOqRSdVi06qFp1ULTqpWnRStegfgcdCLZ2ZEvcAAAAASUVORK5CYII=',53,'2024-10-01 01:41:15','2024-10-01 01:41:15'),(9,'data:image/png;base64,iVBORw0KGgoAAAANSUhEUgAAAJQAAACUCAYAAAB1PADUAAAAAklEQVR4AewaftIAAATMSURBVO3BQY4bSRAEwfAC//9l3znmqYBGJ2clIczwR6qWnFQtOqladFK16KRq0UnVopOqRSdVi06qFp1ULTqpWnRSteikatFJ1aKTqkUnVYs+eQnIb1JzA+QJNW8AmdRMQG7U3AD5TWreOKladFK16KRq0SfL1GwC8oSaGyATkEnNBOQJIDdq3lCzCcimk6pFJ1WLTqoWffJlQJ5Q8wSQGzWTmifUTEAmNTdAboBMap4A8oSabzqpWnRSteikatEn/zggN2omIJOaSc0NkCfU/EtOqhadVC06qVr0yT9GzRtqboA8oWYCcqPmb3ZSteikatFJ1aJPvkzNbwIyqXkCyKTmRs0EZAIyqZmAvKHmT3JSteikatFJ1aJPlgH5P6mZgExqJiCTmgnIpGYCMqmZgGwC8ic7qVp0UrXopGrRJy+p+ZMAeULNjZoJyCY1N2r+JidVi06qFp1ULcIfeQHIpGYCsknNNwGZ1ExANqm5AbJJzTedVC06qVp0UrXok1+m5g0gN2omIG8AmdRMQG7U3ACZ1NyomYBMaiYgE5AbNW+cVC06qVp0UrXok5fUTEA2AdmkZgJyo2YCMqm5ATKpmdTcqLlRMwGZ1Pymk6pFJ1WLTqoWffISkEnNE0Bu1ExAboBMap5Qc6NmAjKpmdRMQCY1vwnIpGbTSdWik6pFJ1WLPvllQCY1N0B+E5BJzY2aCciNmgnIjZoJyKRmUjMBmdR800nVopOqRSdVi/BHFgG5UTMBuVEzAblRcwPkDTUTkEnNDZAbNROQSc0EZFLzBJBJzRsnVYtOqhadVC3CH/kiIJOaGyBvqJmATGreAPKGmgnIpOYNIDdqvumkatFJ1aKTqkWffJmaCcgTam6ATEAmNW8AeULNbwJyo2YCcqPmjZOqRSdVi06qFuGPvADkDTUTkBs1E5BJzQRkUnMD5Ak1E5AbNTdAJjVvALlRs+mkatFJ1aKTqkX4Iy8AmdTcAJnUPAFkUvMGkCfUTEB+k5oJyKRmAvKEmjdOqhadVC06qVr0yS9TcwPkRs0EZFJzA+RGzQRkAnKj5gkgk5oJyBNAnlCz6aRq0UnVopOqRZ/8z4DcqLlR84SaCcg3AblRMwGZ1ExAnlBzA2RS88ZJ1aKTqkUnVYs++TIgk5pJzQ2QSc0NkEnNBGRSc6PmCSA3aiYgN0CeUDMB+U0nVYtOqhadVC3CH/mLAfkmNTdAJjUTkCfUPAHkRs0NkEnNGydVi06qFp1ULfrkJSC/Sc2kZgJyo+YGyATkCSCbgExqNqnZdFK16KRq0UnVok+WqdkE5AbIjZoJyKTmRs0EZFJzA+QNNX+Tk6pFJ1WLTqoWffJlQJ5Q801qbtRMQCY1E5AbNTdAJiCbgDyh5o2TqkUnVYtOqhZ98o9Rs0nNE2pugExqJiCTmieATGomIN90UrXopGrRSdWiT/5xQP5PQN4A8oSaJ9RsOqladFK16KRq0Sdfpuab1Lyh5gkgk5o3gNyomYDcAJnU/KaTqkUnVYtOqhZ9sgzIbwIyqXkDyKTmCSCTmgnIpGYCMgGZ1Lyh5ptOqhadVC06qVqEP1K15KRq0UnVopOqRSdVi06qFp1ULTqpWnRSteikatFJ1aKTqkUnVYtOqhadVC06qVr0H27pPSZPic4xAAAAAElFTkSuQmCC',55,'2024-10-01 01:49:29','2024-10-01 01:49:29'),(10,'data:image/png;base64,iVBORw0KGgoAAAANSUhEUgAAAJQAAACUCAYAAAB1PADUAAAAAklEQVR4AewaftIAAAThSURBVO3BQY4bSRAEwfAC//9l3znmqYBGJ0fSIszwR6qWnFQtOqladFK16KRq0UnVopOqRSdVi06qFp1ULTqpWnRSteikatFJ1aKTqkUnVYs+eQnIb1IzAZnUTEBu1LwBZFIzAblRcwPkN6l546Rq0UnVopOqRZ8sU7MJyBtq/iQ1N0AmNTdqNgHZdFK16KRq0UnVok++DMgTap5QMwGZ1DwBZFKzCcgmIE+o+aaTqkUnVYtOqhZ98o8D8gSQSc0baiYgN2r+z06qFp1ULTqpWvTJP07NBORGzQRkUjMBmdRMQCY1E5AJyKTm/+SkatFJ1aKTqkWffJmaPwnIpGZSc6PmCSCTmgnIBGRS84Sav8lJ1aKTqkUnVYs+WQbkNwGZ1ExAboBMaiYgk5obNROQSc0E5Akgf7OTqkUnVYtOqhZ98pKav5maCcikZhOQSc0bav4lJ1WLTqoWnVQt+uQlIJOaCciNmgnIE2q+Sc2NmgnIE2pugExqboBMaiYgN2reOKladFK16KRq0ScvqZmAPAFkUvMEkEnNjZobIDdqJiBvAJnUPAFkUjMB+U0nVYtOqhadVC36ZJmaCcik5gkg3wTkDTUTkDeATGomIDdAnlCz6aRq0UnVopOqRfgjLwCZ1DwBZFLzBpAbNTdAJjUTkEnNDZBJzQ2QGzUTkEnNE0AmNW+cVC06qVp0UrXok5fU3ACZ1NwAeULNpOYGyKTmCTU3QJ4AcqNmAjKpuQEyqZnUbDqpWnRSteikatEnLwG5UfOEmieATGqeADKpuQHyBpBJzQRkArIJyI2aN06qFp1ULTqpWvTJMjU3QCY1E5An1DyhZgIyAZnUTGpugExqJiATkEnNE0AmNX/SSdWik6pFJ1WLPnlJzQRkUnMDZFJzA+QNIDdqJiBPqLlRMwGZgExqngAyqZmAfNNJ1aKTqkUnVYvwR/4gIJOaCcikZgIyqXkDyI2aTUAmNTdAbtT8SSdVi06qFp1ULcIfWQRkUrMJyKTmBsikZgLyhpoJyKTmBsik5g0gN2q+6aRq0UnVopOqRZ+8BGRS8wSQSc0E5AbIpOYGyKTmCSATkEnNJiCTmgnIE0AmNZtOqhadVC06qVqEP/JFQG7UTEAmNROQSc0TQCY1N0AmNROQGzUTkBs1bwB5Q80bJ1WLTqoWnVQt+mQZkCeATGomIJOaGyA3at4A8k1AvknNN51ULTqpWnRStQh/5B8GZFLzBpAbNROQSc0E5Ak1TwC5UXMDZFLzxknVopOqRSdViz55CchvUvMGkBs1m9RMQJ4AMql5AsiNmk0nVYtOqhadVC36ZJmaTUDeAHKjZgJyo+YNNROQGzVPqPmTTqoWnVQtOqla9MmXAXlCzRNqnlAzAZnUvAFkUvMEkDeAvKHmjZOqRSdVi06qFn3yjwMyqZnU3KiZgGwC8oSaGyBvqJmAbDqpWnRSteikatEn/zNAJjU3QCY1/xI1E5BJzW86qVp0UrXopGrRJ1+m5pvUTEAmIDdqJiCTmgnIpOYGyBtqboA8AWRSs+mkatFJ1aKTqkWfLAPym4DcqLkBMqmZgExqvknNBOQJNROQ33RSteikatFJ1SL8kaolJ1WLTqoWnVQtOqladFK16KRq0UnVopOqRSdVi06qFp1ULTqpWnRSteikatFJ1aL/AOBNPEvu/QzBAAAAAElFTkSuQmCC',58,'2024-10-01 14:55:35','2024-10-01 14:55:35'),(11,'data:image/png;base64,iVBORw0KGgoAAAANSUhEUgAAAJQAAACUCAYAAAB1PADUAAAAAklEQVR4AewaftIAAAThSURBVO3BQY4bSRAEwfAC//9l3znmqYBGJ2clIczwR6qWnFQtOqladFK16KRq0UnVopOqRSdVi06qFp1ULTqpWnRSteikatFJ1aKTqkUnVYs+eQnIb1LzBpBJzRtAJjUTkBs1N0B+k5o3TqoWnVQtOqla9MkyNZuAPAFkUvMGkCeA3Kh5Q80mIJtOqhadVC06qVr0yZcBeULNE0CeUPOEmgnIpOYGyA2QSc0TQJ5Q800nVYtOqhadVC365B8H5EbNBGRSM6m5AfKEmn/JSdWik6pFJ1WLPvnHqLkBcqPmBsgTaiYgN2r+ZidVi06qFp1ULfrky9T8JiA3am6ATGpu1ExAJiCTmgnIG2r+JCdVi06qFp1ULfpkGZD/k5oJyA2QSc0EZFIzAZnUTEA2AfmTnVQtOqladFK16JOX1PxNgDyhZgKySc2Nmr/JSdWik6pFJ1WL8EdeADKpmYBsUvMGkEnNBGRSMwHZpOYGyCY133RSteikatFJ1SL8kT8IkEnNBGRSMwG5UXMD5EbNBORGzQ2QSc0EZFIzAZnUTECeUPPGSdWik6pFJ1WL8EdeADKpmYBMaiYgT6iZgHyTmgnIpOYGyKTmm4BMan7TSdWik6pFJ1WL8EdeAHKj5gkgk5ongExqJiA3ap4AMqm5ATKp2QRkUjMBmdRsOqladFK16KRqEf7IC0AmNROQSc0EZFIzAblRcwPkRs0EZFLzBJAbNROQGzUTkEnNDZBJzTedVC06qVp0UrUIf+QFIN+kZgJyo+YGyKTmBsikZgIyqbkBcqNmAjKpmYBMap4AMql546Rq0UnVopOqRfgjLwCZ1DwB5Ak1E5AbNZuAvKFmAvKEmhsgN2q+6aRq0UnVopOqRZ8sA/KGmm8CMqm5AfKEmjfUPAHkRs0E5EbNGydVi06qFp1ULfrkl6m5AXKj5kbNBGRSMwG5UTMBmdRMQG7UTGomIJOaGzU3QG7UbDqpWnRSteikatEn/zMgN2qeAHIDZFJzA2RSMwF5AsgTQCY1E5BJzRNAJjVvnFQtOqladFK16JNlaiYgN2omIBOQSc0baiYgk5pJzQTkRs0TQCY1E5AngDyhZtNJ1aKTqkUnVYs++WVAJjWTmhsgbwB5AsgbQG7UTEAmNROQJ9TcAJnUvHFSteikatFJ1aJP/nBAbtRMQG7U3AC5UXMD5EbNBOQGyBNqJiC/6aRq0UnVopOqRfgjfzEgN2omIJOaCciNmgnIpGYC8oSaJ4DcqLkBMql546Rq0UnVopOqRfgjLwD5TWqeAPKEmgnIb1IzAZnUTEBu1Pymk6pFJ1WLTqoWfbJMzSYgN0Bu1ExANqm5AfKGmk1AbtS8cVK16KRq0UnVok++DMgTat5QMwGZ1Dyh5gbIjZobIBOQTUB+00nVopOqRSdViz75x6n5TWpugExqJiCTmieATGomIN90UrXopGrRSdWiT/4xQG7UTEAmNTdAngDyBpAn1DyhZtNJ1aKTqkUnVYs++TI136RmAjKpeQLIpOZGzRtAbtRMQG6ATGp+00nVopOqRSdViz5ZBuQ3AbkB8oSaN4BMaiYgk5oJyARkUvOGmm86qVp0UrXopGoR/kjVkpOqRSdVi06qFp1ULTqpWnRSteikatFJ1aKTqkUnVYtOqhadVC06qVp0UrXopGrRf8Z5Qzs2YPxFAAAAAElFTkSuQmCC',59,'2024-10-01 16:43:02','2024-10-01 16:43:02'),(12,'data:image/png;base64,iVBORw0KGgoAAAANSUhEUgAAAJQAAACUCAYAAAB1PADUAAAAAklEQVR4AewaftIAAATLSURBVO3BQW4kSRIEQdNA/f/Lujz6KYBEenE5DRPBH6laclK16KRq0UnVopOqRSdVi06qFp1ULTqpWnRSteikatFJ1aKTqkUnVYtOqhadVC365CUgv0nNXwJkUjMBuVFzA+Q3qXnjpGrRSdWik6pFnyxTswnIE0AmNW8AeQLIjZo31GwCsumkatFJ1aKTqkWffBmQJ9Q8AeQJIJOaGzUTkEnNDZAbIJOaJ4A8oeabTqoWnVQtOqla9Mk/Rs2NmgnIjZpJzQ2QJ9T8S06qFp1ULTqpWvTJPwbIjZobNTdAnlAzAblR8192UrXopGrRSdWiT75Mzf+TmgnIDZBJzY2aCcgEZFIzAXlDzV9yUrXopGrRSdWiT5YB+X9SMwGZ1ExAJjUTkEnNBGRSMwHZBOQvO6ladFK16KRq0ScvqflLgDyh5kbNBGSTmhs1/yUnVYtOqhadVC3CH3kByKRmArJJzQ2QSc0NkBs1E5BNam6AbFLzTSdVi06qFp1ULcIfeQHIG2qeALJJzQTkRs0E5EbNDZBJzQRkUjMBmdRMQJ5Q88ZJ1aKTqkUnVYs++eOAPKFmAvKGmgnIpOYGyKRmUnOj5kbNBGRS85tOqhadVC06qVr0yZepeUPNBOQGyI2aCcik5kbNBGRSM6mZgExqJiA3at4AMqnZdFK16KRq0UnVIvyRRUC+Sc0E5EbNE0AmNU8AuVEzAblRMwGZ1NwAmdR800nVopOqRSdVi/BHFgGZ1NwAuVEzAZnUTECeUHMDZFIzAZnU3AC5UTMBmdRMQCY1TwCZ1LxxUrXopGrRSdUi/JEvAnKj5gbIpGYCcqNmAjKpeQLIG2omIDdqngByo+abTqoWnVQtOqla9MkyIE8AuVEzAZnUTEAmIJOaJ4A8oeY3AblRMwG5UfPGSdWik6pFJ1WLPvlj1ExAboDcqHkCyKRmAjKpmYDcqJnUTECeUHMD5EbNppOqRSdVi06qFuGPvADkCTVvAJnUvAFkUjMBmdRMQH6TmgnIpGYC8oSaN06qFp1ULTqpWvTJMjU3QCY1N0BugGwCMqmZgNyoeQLIpGYC8gSQJ9RsOqladFK16KRq0Se/TM0NkEnNE0DeULMJyI2aCcikZgLyhJobIJOaN06qFp1ULTqpWvTJlwF5A8iNmjfUTEBu1NwAuVEzAbkB8oSaCchvOqladFK16KRq0ScvqblR801AbtR8E5BJzQRkAnKj5gkgE5BJzQ2QTSdVi06qFp1ULcIfeQHIb1JzA+QJNTdAfpOaCcikZgJyo+Y3nVQtOqladFK16JNlajYBuQFyo+YGyKTmCTU3QN5QswnIjZo3TqoWnVQtOqla9MmXAXlCzRtqJiA3am7U3AC5UXMDZAKyCchvOqladFK16KRq0Se1Ss0NkEnNBGRS8wSQSc0E5JtOqhadVC06qVr0yT9OzQTkCSBvAHkDyBNqnlCz6aRq0UnVopOqRZ98mZpvUjMBmdTcAJnUPKHmDSA3aiYgN0AmNb/ppGrRSdWik6pFnywD8puATGqeULMJyKRmAjKpmYBMQCY1b6j5ppOqRSdVi06qFuGPVC05qVp0UrXopGrRSdWik6pFJ1WLTqoWnVQtOqladFK16KRq0UnVopOqRSdVi06qFv0Pu5w1NAvCHVQAAAAASUVORK5CYII=',60,'2024-10-01 16:43:34','2024-10-01 16:43:34'),(13,'data:image/png;base64,iVBORw0KGgoAAAANSUhEUgAAAJQAAACUCAYAAAB1PADUAAAAAklEQVR4AewaftIAAAT+SURBVO3BQY4cSRIEQdNA/f/Lun30UwCJ9OolOSaCP1K15KRq0UnVopOqRSdVi06qFp1ULTqpWnRSteikatFJ1aKTqkUnVYtOqhadVC06qVr0yUtAfpOaJ4BMajYBmdRMQG7U3AD5TWreOKladFK16KRq0SfL1GwC8gSQSc0NkEnNBOQJIDdq3lCzCcimk6pFJ1WLTqoWffJlQJ5Q8wSQSc0E5A01E5BJzQ2QGyCTmieAPKHmm06qFp1ULTqpWvTJf4yaCcgEZFIzqbkB8oSaf8lJ1aKTqkUnVYs++ccAeUPNDZAn1ExAbtT8zU6qFp1ULTqpWvTJl6n5TWomIBOQSc0EZFJzo2YCMgGZ1ExA3lDzJzmpWnRSteikatEny4D8ydRMQCY1E5BJzQRkUjMB2QTkT3ZSteikatFJ1aJPXlLzJ1MzAZnU3KiZgGxSc6Pmb3JSteikatFJ1SL8kReATGomIJvUPAFkUnMDZFIzAdmk5gbIJjXfdFK16KRq0UnVok++TM0NkBs1b6iZgExqboBMaiYgN2pugExqbtRMQCY1E5AJyI2aN06qFp1ULTqpWoQ/8gKQGzU3QCY1E5BJzRtAnlAzAZnU3ACZ1HwTkEnNbzqpWnRSteikatEnL6mZgNwAmdRMQCY1N0AmNROQJ9TcqJmATGomNROQSc0E5EbNG0AmNZtOqhadVC06qVqEP/ICkE1qJiCTmgnIE2pugExqngByo2YCcqNmAjKpuQEyqfmmk6pFJ1WLTqoWffJlam6ATEAmNU+omYA8oWYCMqmZgExqboDcqJmATGomIJOaSc0NkEnNGydVi06qFp1ULcIfeQHIG2pugExqboA8oeYJIG+omYDcqHkCyI2abzqpWnRSteikatEnX6ZmAjIBuVFzA2RSMwGZ1ExAJjUTkCfUvKHmCSA3aiYgN2reOKladFK16KRqEf7IFwGZ1DwB5EbNDZAbNROQSc0EZFIzAblRcwNkUvMGkBs1m06qFp1ULTqpWoQ/8gKQSc0NkEnNBGRSMwG5UTMBeULNBGRSMwH5TWomIJOaCcgTat44qVp0UrXopGrRJ18G5AbIDZBJzQTkCTU3QCY1E5AbNU8AmdRMQJ4A8oSaTSdVi06qFp1ULfrk/0zNBGRSc6NmAjKpuQEyqZmAvAHkRs0EZFIzAXlCzQ2QSc0bJ1WLTqoWnVQt+uSXqZmA3AC5UTOpuQFyA+RGzQ2QGzUTkBsgT6iZgPymk6pFJ1WLTqoW4Y/8xYBMam6ATGomIDdqJiCTmgnIE2qeAHKj5gbIpOaNk6pFJ1WLTqoW4Y+8AOQ3qdkEZFIzAflNaiYgk5oJyI2a33RSteikatFJ1aJPlqnZBOQGyI2ab1JzA+QNNZuA3Kh546Rq0UnVopOqRZ98GZAn1LyhZgLyhpobIDdqboBMQDYB+U0nVYtOqhadVC365B8D5EbNBGQCMql5Qs0NkEnNBGRS8wSQSc0E5JtOqhadVC06qVr0yT9OzQTkCSBvAHkDyBNqnlCz6aRq0UnVopOqRZ98mZpvUjMBmYBMap4AcqPmDSA3aiYgN0AmNb/ppGrRSdWik6pFnywD8puAPAHkRs0bQCY1E5BJzQRkAjKpeUPNN51ULTqpWnRStQh/pGrJSdWik6pFJ1WLTqoWnVQtOqladFK16KRq0UnVopOqRSdVi06qFp1ULTqpWnRSteh/B4laPwhJz3wAAAAASUVORK5CYII=',61,'2024-10-01 16:43:58','2024-10-01 16:43:58'),(14,'data:image/png;base64,iVBORw0KGgoAAAANSUhEUgAAAJQAAACUCAYAAAB1PADUAAAAAklEQVR4AewaftIAAAThSURBVO3BQYokSRAEQdOg/v9l3T76KSBJr2a2MRH8kaolJ1WLTqoWnVQtOqladFK16KRq0UnVopOqRSdVi06qFp1ULTqpWnRSteikatFJ1aJPXgLym9TcAJnUfBOQSc0E5EbNDZDfpOaNk6pFJ1WLTqoWfbJMzSYgT6jZBOQJIDdq3lCzCcimk6pFJ1WLTqoWffJlQJ5Q8wSQTWomNROQSc0NkBsgk5ongDyh5ptOqhadVC06qVr0yR+j5gbIDZBJzaTmBsgTav6Sk6pFJ1WLTqoWffLHAJnUTGreAPKEmgnIjZr/s5OqRSdVi06qFn3yZWp+k5o3gExqbtRMQCYgk5oJyBtq/iUnVYtOqhadVC36ZBmQfwmQSc0EZFIzAZnUTEAmNROQTUD+ZSdVi06qFp1ULfrkJTX/EiBPqLlRMwHZpOZGzf/JSdWik6pFJ1WL8EdeADKpmYBsUnMDZFLzBJBJzQRkk5obIJvUfNNJ1aKTqkUnVYs++TI1E5BJzQRkUjMBmdTcALlRcwNkUjMBuVFzA2RSc6NmAjKpmYBMQG7UvHFSteikatFJ1SL8kUVA3lAzAXlCzQ2QSc0EZFIzAZnU3ACZ1HwTkEnNbzqpWnRSteikahH+yAtAbtRsAjKpmYBMar4JyKTmBsikZgJyo+YGyKRmAjKp2XRSteikatFJ1SL8kUVAJjUTkEnNDZBJzRNAbtRMQCY1TwC5UTMBuVEzAZnU3ACZ1HzTSdWik6pFJ1WL8EdeALJJzTcBmdTcAJnUTEAmNTdAbtRMQCY1E5BJzRNAJjVvnFQtOqladFK1CH/kBSBPqLkB8oSaCcikZgJyo+YGyBtqJiA3ap4AcqPmm06qFp1ULTqpWvTJS2pugNwAmdTcAJmAvKHmBsgTajYBmdRMQG7UTEBu1LxxUrXopGrRSdWiT5YBmdS8AeQJNROQSc0NkEnNBGRSMwG5UTOpmYBMam7U3AC5UbPppGrRSdWik6pF+CMvAJnU3AC5UfMEkEnNE0AmNROQSc0E5DepmYBMaiYgT6h546Rq0UnVopOqRZ/844BMaiY1E5BJzY2aJ4DcqHkCyKRmAvIEkCfUbDqpWnRSteikatEnv0zNDZBJzQ2QSc0mNROQJ4DcqJmATGomIE+ouQEyqXnjpGrRSdWik6pFn3wZkEnNBOQGyKTmm4DcqLkBcqNmAnID5Ak1E5DfdFK16KRq0UnVIvyR/zEgT6i5AXKjZgIyqZmAPKHmCSA3am6ATGreOKladFK16KRq0ScvAflNaiY1E5BJzQ2QSc0EZAJyA2QTkEnNJjWbTqoWnVQtOqla9MkyNZuA3AC5AXKj5g01N0DeULMJyI2aN06qFp1ULTqpWvTJlwF5Qs0bajapuQFyo+YGyARkE5DfdFK16KRq0UnVok/+GCCb1Dyh5gbIpGYCMql5AsikZgLyTSdVi06qFp1ULfrkj1MzAZnUTEAmIG8AeQPIE2qeULPppGrRSdWik6pFn3yZmm9S84SaCcgbat4AcqNmAnIDZFLzm06qFp1ULTqpWvTJMiC/CciNmhs1TwC5ATKpmYBMaiYgE5BJzRtqvumkatFJ1aKTqkX4I1VLTqoWnVQtOqladFK16KRq0UnVopOqRSdVi06qFp1ULTqpWnRSteikatFJ1aKTqkX/AYPiSDbueVEcAAAAAElFTkSuQmCC',62,'2024-10-01 16:44:25','2024-10-01 16:44:25'),(15,'data:image/png;base64,iVBORw0KGgoAAAANSUhEUgAAAJQAAACUCAYAAAB1PADUAAAAAklEQVR4AewaftIAAATNSURBVO3BQY4cSRIEQdNA/f/Lun30UwCJ9OolOSaCP1K15KRq0UnVopOqRSdVi06qFp1ULTqpWnRSteikatFJ1aKTqkUnVYtOqhadVC06qVr0yUtAfpOaGyCTmgnIjZongExqJiA3am6A/CY1b5xULTqpWnRSteiTZWo2AXkDyBtAngByo+YNNZuAbDqpWnRSteikatEnXwbkCTVPAJnUTEAmNROQGzUTkEnNDZAbIJOaJ4A8oeabTqoWnVQtOqla9Mk/BsgNkEnNBGRSM6m5AfKEmn/JSdWik6pFJ1WLPvnHqbkBMqm5AfKEmgnIjZq/2UnVopOqRSdViz75MjW/Sc0NkBsgk5obNROQCcikZgLyhpo/yUnVopOqRSdViz5ZBuRPAmRSMwGZ1ExAJjUTkEnNBGQTkD/ZSdWik6pFJ1WLPnlJzZ8EyKRmAvKEmgnIJjU3av4mJ1WLTqoWnVQtwh95AcikZgKySc0TQN5QMwHZpOYGyCY133RSteikatFJ1aJP/s/UPAHkRs2k5gkgE5BJzQTkRs0NkEnNjZoJyKRmAjIBuVHzxknVopOqRSdVi/BHFgGZ1DwB5EbNBGRS8wSQGzUTkEnNDZBJzTcBmdT8ppOqRSdVi06qFn2yTM0EZFIzAblR8wSQJ9Q8oWYCMqmZ1ExAJjUTkBs1bwCZ1Gw6qVp0UrXopGoR/sgLQCY1N0D+JGomIJOaJ4DcqJmA3KiZgExqboBMar7ppGrRSdWik6pF+CN/ESA3aiYgN2pugExqJiCTmhsgN2omIJOaCcik5gkgk5o3TqoWnVQtOqlahD/yRUCeUDMBmdTcALlRMwGZ1NwAeUPNBGRS8waQGzXfdFK16KRq0UnVIvyRF4DcqPkmIJOaTUCeUPMEkBs1N0Bu1ExAbtS8cVK16KRq0UnVIvyRF4D8JjU3QDapmYBMaiYgN2pugExq3gByo2bTSdWik6pFJ1WLPlmm5gkgk5ongDyh5gkgk5oJyBNAngAyqZmATGqeADKpeeOkatFJ1aKTqkWf/GGA/CYgk5obIDdqngAyqZmAPAHkCTWbTqoWnVQtOqla9MmXAZnUTGqeAHKjZgIyAflNQG7UTEAmNROQJ9TcAJnUvHFSteikatFJ1aJP/nBANqm5AXKj5gbIjZoJyA2QJ9RMQH7TSdWik6pFJ1WL8Ef+YkBu1ExA3lAzAZnUTECeUPMEkBs1N0AmNW+cVC06qVp0UrUIf+QFIL9JzQ2QN9RMQH6TmgnIpGYCcqPmN51ULTqpWnRSteiTZWo2AbkBMqm5AbJJzQ2QN9RsAnKj5o2TqkUnVYtOqhZ98mVAnlCzCcik5gk1N0Bu1NwAmYBsAvKbTqoWnVQtOqla9Ml/DJBJzQRkUvOEmhsgk5oJyKTmCSCTmgnIN51ULTqpWnRSteiTfwyQSc0NkBsgbwB5A8gTap5Qs+mkatFJ1aKTqkWffJmab1IzAZmATGomNROQSc0EZFLzBpAbNROQGyCTmt90UrXopGrRSdWiT5YB+U1AngAyqZnUvAFkUjMBmdRMQCYgk5o31HzTSdWik6pFJ1WL8EeqlpxULTqpWnRSteikatFJ1aKTqkUnVYtOqhadVC06qVp0UrXopGrRSdWik6pFJ1WL/gezmyhQrN3UPgAAAABJRU5ErkJggg==',64,'2024-10-01 18:03:36','2024-10-01 18:03:36'),(16,'data:image/png;base64,iVBORw0KGgoAAAANSUhEUgAAAJQAAACUCAYAAAB1PADUAAAAAklEQVR4AewaftIAAAT0SURBVO3BQY4jRxAEwfAC//9l1xxTlwIanRxpF2GGP1K15KRq0UnVopOqRSdVi06qFp1ULTqpWnRSteikatFJ1aKTqkUnVYtOqhadVC06qVr0yUtAfpOaGyCTmgnIpOYNIJOaCciNmhsgv0nNGydVi06qFp1ULfpkmZpNQP5LQJ4AcqPmDTWbgGw6qVp0UrXopGrRJ18G5Ak1TwB5A8ikZlIzAZnU3AC5ATKpeQLIE2q+6aRq0UnVopOqRZ/UvwCZ1ExqboA8oeZvclK16KRq0UnVok/+ckBu1DwB5Ak1E5AbNX+yk6pFJ1WLTqoWffJlan6TmgnIpOYGyKTmRs0EZAIyqZmAvKHm/+SkatFJ1aKTqkWfLAPyJwEyqZmATGomIJOaCcgmIP9nJ1WLTqoWnVQtwh/5gwG5UbMJyI2aCcik5m92UrXopGrRSdWiT14CMqmZgGxSM6mZgNwAmdRMQCY1TwC5ATKpuQGySc03nVQtOqladFK16JMvU3MD5EbNBORGzQTkDSCTmgnIjZobIJOaGzUTkEnNBGQCcqPmjZOqRSdVi06qFuGPLAIyqZmA3KiZgNyomYBMam6A3KiZgExqboBMar4JyKTmN51ULTqpWnRSteiTl4C8oWYCMqmZgExAJjU3QCY1T6iZgExqJjUTkEnNBORGzRtAJjWbTqoWnVQtOqlahD/yApBJzQRkUvMEkEnNBGRS8waQSc0TQG7UTEBu1ExAJjU3QCY133RSteikatFJ1SL8kUVAbtRMQG7UTECeUDMBuVEzAZnUTEAmNTdAbtRMQCY1E5BJzRNAJjVvnFQtOqladFK1CH9kEZBJzQTkRs0E5EbNBGRSswnIG2omIJOaN4DcqPmmk6pFJ1WLTqoW4Y+8AOSb1NwAmdTcALlRMwF5Qs0TQJ5QMwG5UTMBuVHzxknVopOqRSdViz5ZpuYJIJOaCcik5gbIjZobIJOaCcikZgJyo2ZSMwGZ1NyouQFyo2bTSdWik6pFJ1WLPvkyIE8AmdRMQG7U3AC5UTMBmdRMQJ4A8gSQSc0EZFLzBJBJzRsnVYtOqhadVC365JepmYDcAJnUTEBugExqboDcALlR8wSQSc0E5AkgT6jZdFK16KRq0UnVok++TM2NmgnIpOYJIDdAJjWTmhsgTwC5UTMBmdRMQJ5QcwNkUvPGSdWik6pFJ1WLPvllQG7UTEBu1NwAmdRMQJ5QcwPkRs0E5AbIE2omIL/ppGrRSdWik6pFn7yk5gk1T6i5ATKp+U1AJjUTkAnIjZongExAJjU3QDadVC06qVp0UrXok5eA/CY1k5pNaiYgE5AbIJuATGo2qdl0UrXopGrRSdWiT5ap2QTkBsgTQDapuQHyhppNQG7UvHFSteikatFJ1aJPvgzIE2reUDMBuVFzo+YGyI2aGyATkE1AftNJ1aKTqkUnVYs++csAuVHzTWpugExqJiCTmieATGomIN90UrXopGrRSdWiT+oKyBtA3gDyhJon1Gw6qVp0UrXopGrRJ1+m5pvU3ACZgNyomdRMQCY1bwC5UTMBuQEyqflNJ1WLTqoWnVQt+mQZkN8E5A01E5BJzRNAJjUTkEnNBGQCMql5Q803nVQtOqladFK1CH+kaslJ1aKTqkUnVYtOqhadVC06qVp0UrXopGrRSdWik6pFJ1WLTqoWnVQtOqladFK16B/iHEBogkbcegAAAABJRU5ErkJggg==',66,'2024-10-01 22:55:14','2024-10-01 22:55:14'),(17,'data:image/png;base64,iVBORw0KGgoAAAANSUhEUgAAAJQAAACUCAYAAAB1PADUAAAAAklEQVR4AewaftIAAATeSURBVO3BwY4sRRAEwfDS/P8vO3tMLiW1OmfhQZjhj1QtOaladFK16KRq0UnVopOqRSdVi06qFp1ULTqpWnRSteikatFJ1aKTqkUnVYtOqhZ98hKQ36TmBsgTat4AMqmZgNyouQHym9S8cVK16KRq0UnVok+WqdkE5A01E5AJyKRmAvIEkBs1b6jZBGTTSdWik6pFJ1WLPvkyIE+oeQLIpGYCcqPmRs0EZFJzA+QGyKTmCSBPqPmmk6pFJ1WLTqoWffIfA+QJIDdqJjU3QJ5Q819yUrXopGrRSdWiT/7n1DwB5Ak1E5AbNX+yk6pFJ1WLTqoWffJlav5Jam6A3Ki5UTMBmYBMaiYgb6j5NzmpWnRSteikatEny4D8k9RMQCY1N2omIJOaCcikZgKyCci/2UnVopOqRSdViz55Sc2fBMik5kbNBGSTmhs1f5KTqkUnVYtOqhbhj7wAZFIzAdmk5gkgb6iZgGxScwNkk5pvOqladFK16KRq0SfLgDyhZhOQSc0EZFIzAZmATGomIDdqboBMam7UTEAmNROQCciNmjdOqhadVC06qVqEP7IIyI2aJ4BMaiYgT6i5ATKpmYBMam6ATGq+Ccik5jedVC06qVp0UrXoky9T84aaN9Q8oeZGzQRkUjOpmYBMaiYgN2reADKp2XRSteikatFJ1SL8kS8CMqm5AXKjZgIyqZmATGpugExqngByo2YCcqNmAjKpuQEyqfmmk6pFJ1WLTqoW4Y+8AOQJNROQGzXfBGRSMwGZ1ExAJjU3QG7UTEAmNROQSc0TQCY1b5xULTqpWnRStQh/5AUgk5obIDdqJiCb1LwB5A01E5BJzRtAbtR800nVopOqRSdViz55Sc0EZFLzBJBJzQRkUjMBmdRMQCY1N0CeULMJyKRmAnKjZgJyo+aNk6pFJ1WLTqoWffISkDfU3ACZ1NyoeQPIpGYCMqmZgNyomdRMQCY1N2pugNyo2XRSteikatFJ1SL8kReA3Ki5ATKpuQEyqbkBMqmZgExqJiCTmgnIb1IzAZnUTECeUPPGSdWik6pFJ1WL8EdeADKp2QTkT6LmCSCTmgnIpGYC8oaaTSdVi06qFp1ULfrky4DcqJmATGpugNyoeQPIG0Bu1ExAJjUTkCfU3ACZ1LxxUrXopGrRSdWiT75MzQ2QSc0E5EbNBOQNIDdqboDcqJmA3AB5Qs0E5DedVC06qVp0UrUIf+QPBuQ3qZmATGomIE+oeQLIjZobIJOaN06qFp1ULTqpWvTJS0B+k5pJzQRkUjMBmdTcAJmA3ADZBGRSs0nNppOqRSdVi06qFn2yTM0mIDdAboDcAJnUPKHmBsgbajYBuVHzxknVopOqRSdViz75MiBPqHlDzQTkDTU3QG7U3ACZgGwC8ptOqhadVC06qVr0Sf0NkEnNE2pugExqJiCTmieATGomIN90UrXopGrRSdWiT/5n1ExAboC8AeQNIE+oeULNppOqRSdVi06qFn3yZWq+Sc2Nmhs1TwCZ1LwB5EbNBOQGyKTmN51ULTqpWnRSteiTZUB+E5BJzQ2QJ9Q8AWRSMwGZ1ExAJiCTmjfUfNNJ1aKTqkUnVYvwR6qWnFQtOqladFK16KRq0UnVopOqRSdVi06qFp1ULTqpWnRSteikatFJ1aKTqkUnVYv+AhZMSyr70lV2AAAAAElFTkSuQmCC',67,'2024-10-02 00:19:26','2024-10-02 00:19:26'),(18,'data:image/png;base64,iVBORw0KGgoAAAANSUhEUgAAAJQAAACUCAYAAAB1PADUAAAAAklEQVR4AewaftIAAAToSURBVO3BQY4cSRIEQdNA/f/Lun30UwCJ9OohuSaCP1K15KRq0UnVopOqRSdVi06qFp1ULTqpWnRSteikatFJ1aKTqkUnVYtOqhadVC06qVr0yUtAfpOaJ4DcqHkDyKRmAnKj5gbIb1LzxknVopOqRSdViz5ZpmYTkDfUvAHkCSA3at5QswnIppOqRSdVi06qFn3yZUCeUPMEkEnNDZBJzY2aCcik5gbIDZBJzRNAnlDzTSdVi06qFp1ULfrkHwNkUvMEkEnNpOYGyBNq/iUnVYtOqhadVC365B+jZgJyA2RScwPkCTUTkBs1f7OTqkUnVYtOqhZ98mVq/ktqJiA3QCY1N2omIBOQSc0E5A01f5KTqkUnVYtOqhZ9sgzInwTIpGYCMqmZgExqJiCTmgnIJiB/spOqRSdVi06qFn3ykpo/CZBJzQRkUnOjZgKySc2Nmr/JSdWik6pFJ1WLPnkJyKRmArJJzaRmAvIEkBs1TwC5ATKpuQGySc03nVQtOqladFK16JNlQCY1E5AbNZuATGpugExAJjUTkBs1N0AmNTdqJiCTmgnIBORGzRsnVYtOqhadVC3CH3kByKRmAjKpmYC8oWYTkEnNBGRScwNkUvNNQCY1v+mkatFJ1aKTqkX4I4uATGomIJOaTUBu1GwCMqm5ATKpmYDcqLkBMqmZgExqNp1ULTqpWnRStQh/5AUgv0nNBGRSMwGZ1NwAmdQ8AeRGzQTkRs0EZFJzA2RS800nVYtOqhadVC3CH1kEZJOaTUBu1ExAJjUTkEnNDZAbNROQSc0EZFLzBJBJzRsnVYtOqhadVC3CH3kByKRmAjKpmYBMaiYgk5oJyKTmBsik5gkgb6iZgDyh5gbIjZpvOqladFK16KRq0ScvqZmAbFIzAbkBMqmZ1DwB5Ak1m9TcALlRMwG5UfPGSdWik6pFJ1WLPvmPqbkB8oSaGyBPqJmATGomIDdqJjUTkCfU3AC5UbPppGrRSdWik6pF+CMvAPkmNZuAvKFmAvKb1ExAJjUTkCfUvHFSteikatFJ1aJPlqmZgExqngAyqZmATGomIJOaCcik5gbIjZongExqJiBPAHlCzaaTqkUnVYtOqhZ98odTc6PmRs0E5DcBuVEzAZnUTECeUHMDZFLzxknVopOqRSdViz75MjUTkE1qboBMaiYgE5AbNTdAbtRMQG6APKFmAvKbTqoWnVQtOqlahD/yFwMyqbkB8oaaCcikZgLyhJongNyouQEyqXnjpGrRSdWik6pFn7wE5DepmdRMQG7UTEAmNROQCcgNkE1AJjWb1Gw6qVp0UrXopGrRJ8vUbAJyA2RSMwGZgGxScwPkDTWbgNyoeeOkatFJ1aKTqkWffBmQJ9R8k5on1NwAuVFzA2QCsgnIbzqpWnRSteikatEn/xggk5ongExqnlBzA2RSMwGZ1DwBZFIzAfmmk6pFJ1WLTqoWffJ/DsikZgLyBpA3gDyh5gk1m06qFp1ULTqpWvTJl6n5JjUTkAnIpOYJNROQSc0bQG7UTEBugExqftNJ1aKTqkUnVYs+WQbkNwGZ1ExAbtRMQCY1TwCZ1ExAJjUTkAnIpOYNNd90UrXopGrRSdUi/JGqJSdVi06qFp1ULTqpWnRSteikatFJ1aKTqkUnVYtOqhadVC06qVp0UrXopGrRSdWi/wETDUdGgXZE9AAAAABJRU5ErkJggg==',68,'2024-10-02 00:21:11','2024-10-02 00:21:11'),(19,'data:image/png;base64,iVBORw0KGgoAAAANSUhEUgAAAJQAAACUCAYAAAB1PADUAAAAAklEQVR4AewaftIAAATaSURBVO3BQY4DRxIEwfAC//9l3znmqYBGJ7mSEGb4J1VLTqoWnVQtOqladFK16KRq0UnVopOqRSdVi06qFp1ULTqpWnRSteikatFJ1aKTqkWfvATkl9Q8AeRGzRtAJjUTkBs1N0B+Sc0bJ1WLTqoWnVQt+mSZmk1A3lAzAZmATGomIE8AuVHzhppNQDadVC06qVp0UrXoky8D8oSaJ4BMaiYgk5on1ExAJjU3QG6ATGqeAPKEmm86qVp0UrXopGrRJ/9xap4AMqmZ1NwAeULNf8lJ1aKTqkUnVYs++Y8BcqNmAjKpuQHyhJoJyI2af7OTqkUnVYtOqhZ98mVqfknNDZBJzQRkUnOjZgIyAZnUTEDeUPNPclK16KRq0UnVok+WAfknATKpmYBMaiYgk5oJyKRmArIJyD/ZSdWik6pFJ1WLPnlJzT8JkBsgT6iZgGxSc6Pm3+SkatFJ1aKTqkX4Jy8AmdRMQDapeQLIpGYCcqNmArJJzQ2QTWq+6aRq0UnVopOqRZ/8mJo3gExqJiA3QJ4AMqmZgNyouQEyqblRMwGZ1ExAJiA3at44qVp0UrXopGoR/skiIDdqboA8oeYGyI2aCcikZgIyqbkBMqn5JiCTml86qVp0UrXopGoR/skLQG7UbAJyo+aXgExqboBMam6ATGpugExqJiCTmk0nVYtOqhadVC365P8MyKRmAnKj5gbIjZoJyKTmRs0E5EbNBORGzQRkUjOpmYBMar7ppGrRSdWik6pF+CeLgExqNgF5Qs0EZFJzA2RSMwGZ1NwAuVEzAZnUTEAmNU8AmdS8cVK16KRq0UnVIvyTF4DcqHkCyI2aCcik5puAvKFmAnKj5gkgN2q+6aRq0UnVopOqRZ98GZAbNZOaGyA3QG7UTEAmNROQJ9S8oeYJIDdqJiA3at44qVp0UrXopGoR/skiIJOaGyDfpOYGyI2aCcikZgJyo+YGyKTmDSA3ajadVC06qVp0UrUI/+QFIG+omYBMam6ATGomIJvUTEB+Sc0EZFIzAXlCzRsnVYtOqhadVC36ZJmaTUAmNU+o2QTkRs0TQCY1E5AngDyhZtNJ1aKTqkUnVYs++TEgk5obNROQSc0NkCfUTEDeAHKjZgIyqZmAPKHmBsik5o2TqkUnVYtOqhZ98mNqbtRMQCY1b6iZgExAbtTcALlRMwG5AfKEmgnIL51ULTqpWnRStQj/5F8MyKTmBsikZgJyo2YCMqmZgDyh5gkgN2pugExq3jipWnRSteikahH+yQtAfknNJiCTmgnIL6mZgExqJiA3an7ppGrRSdWik6pFnyxTswnIDZAbNROQSc0bam6AvKFmE5AbNW+cVC06qVp0UrXoky8D8oSaTUBugExqJjU3QG7U3ACZgGwC8ksnVYtOqhadVC365D9OzQ2QTWpugExqJiCTmieATGomIN90UrXopGrRSdWiT/5j1ExAbtRMQDYBeQPIE2qeULPppGrRSdWik6pFn3yZmm9SMwGZ1HyTmjeA3KiZgNwAmdT80knVopOqRSdViz5ZBuSXgLwBZFIzAXkCyKRmAjKpmYBMQCY1b6j5ppOqRSdVi06qFuGfVC05qVp0UrXopGrRSdWik6pFJ1WLTqoWnVQtOqladFK16KRq0UnVopOqRSdVi06qFv0P5RNDNYZu8BoAAAAASUVORK5CYII=',71,'2024-10-02 00:26:46','2024-10-02 00:26:46'),(20,'data:image/png;base64,iVBORw0KGgoAAAANSUhEUgAAAJQAAACUCAYAAAB1PADUAAAAAklEQVR4AewaftIAAATbSURBVO3BQW4kSRIEQdNA/f/Lujz6KYBEenGnCRPBH6laclK16KRq0UnVopOqRSdVi06qFp1ULTqpWnRSteikatFJ1aKTqkUnVYtOqhadVC365CUgv0nNDZA31DwBZFIzAblRcwPkN6l546Rq0UnVopOqRZ8sU7MJyBtqJiBPAHkCyI2aN9RsArLppGrRSdWik6pFn3wZkCfUPAHkBsik5gk1E5BJzQ2QGyCTmieAPKHmm06qFp1ULTqpWvTJH6NmAjIBmdRMQCY1k5obIE+o+UtOqhadVC06qVr0yR+nZgIyAZnU3AB5Qs0E5EbNv+ykatFJ1aKTqkWffJma3wTkCTUTkEnNjZoJyARkUjMBeUPNf8lJ1aKTqkUnVYs+WQbk/0nNBGRSMwGZ1ExAJjUTkEnNBGQTkP+yk6pFJ1WLTqoWffKSmr9MzQRkk5obNf+Sk6pFJ1WLTqoW4Y+8AGRSMwHZpOYNIE+omYBsUnMDZJOabzqpWnRSteikahH+yC8C8oSaN4BMaiYgT6iZgNyouQEyqZmATGomIJOaCcgTat44qVp0UrXopGoR/sgLQJ5QMwGZ1ExAbtQ8AeQJNROQSc0NkEnNNwGZ1Pymk6pFJ1WLTqoWffJlat5QMwG5AfKEmifUTEAmNZOaCcik5gbIpOYNIJOaTSdVi06qFp1ULcIfWQTkCTUTkE1qJiBPqHkCyI2aCciNmgnIpOYGyKTmm06qFp1ULTqpWvTJS0CeUPOEmt+kZgIyqZmATGpugNyomYBMaiYgk5pJzQ2QSc0bJ1WLTqoWnVQtwh/5IiBPqJmATGomIJOaGyBPqJmAvKFmAnKj5gkgN2q+6aRq0UnVopOqRZ+8BORGzRtqngDyhJpNajYBmdRMQG7UTEBu1LxxUrXopGrRSdUi/JFFQN5QMwGZ1NwAmdRMQJ5QMwGZ1ExAbtTcAJnUvAHkRs2mk6pFJ1WLTqoW4Y+8AGRSMwF5Q80E5EbNBGRSMwGZ1ExAJjUTkN+kZgIyqZmAPKHmjZOqRSdVi06qFn3yZWreAHKjZgIyqXlDzQTkRs0TQCY1E5AngDyhZtNJ1aKTqkUnVYs++TIgN2omIJOafxmQGzUTkEnNBOQJNTdAJjVvnFQtOqladFK16JMvUzMBeQLIpGYCcgPkRs0E5EbNDZAbNROQGyBPqJmA/KaTqkUnVYtOqhbhj/zDgExqJiCb1ExAJjUTkCfUPAHkRs0NkEnNGydVi06qFp1ULfrkJSC/Sc2kZgLyhJobIBOQGyCbgExqNqnZdFK16KRq0UnVok+WqdkE5AbIpGYCcgNkUvOEmhsgb6jZBORGzRsnVYtOqhadVC365MuAPKHmDSCTmhsgN2pugNyouQEyAdkE5DedVC06qVp0UrXokz9GzQRkUjOpmYBMap5QcwNkUjMBmdQ8AWRSMwH5ppOqRSdVi06qFn3yxwCZ1ExAbtRMQN4A8gaQJ9Q8oWbTSdWik6pFJ1WLPvkyNd+k5gk1T6iZgExq3gByo2YCcgNkUvObTqoWnVQtOqla9MkyIL8JyKRmAvKbgExqJiCTmgnIBGRS84aabzqpWnRSteikahH+SNWSk6pFJ1WLTqoWnVQtOqladFK16KRq0UnVopOqRSdVi06qFp1ULTqpWnRSteikatH/AC9wRTAe0hMfAAAAAElFTkSuQmCC',72,'2024-10-02 00:32:24','2024-10-02 00:32:24'),(21,'data:image/png;base64,iVBORw0KGgoAAAANSUhEUgAAAJQAAACUCAYAAAB1PADUAAAAAklEQVR4AewaftIAAATlSURBVO3BQY4bSRAEwfAC//9l3znmqYBGJ0fSIszwR6qWnFQtOqladFK16KRq0UnVopOqRSdVi06qFp1ULTqpWnRSteikatFJ1aKTqkUnVYs+eQnIb1IzAblRMwGZ1ExAbtTcALlRMwGZ1ExAfpOaN06qFp1ULTqpWvTJMjWbgLwBZFLzhJobIE8AeUPNJiCbTqoWnVQtOqla9MmXAXlCzRtqboBMap4AcqNmAvJNQJ5Q800nVYtOqhadVC365B+n5gbIDZAbIE8AuVEzAfk/OaladFK16KRq0Sf/OCCTmknNG0CeUHMDZFLzf3JSteikatFJ1aJPvkzNN6l5AsgTam6A3ACZ1ExAJjVPqPmbnFQtOqladFK16JNlQH4TkEnNBGRSMwGZ1ExAJjV/EpC/2UnVopOqRSdViz55Sc2fpGYCMqmZgExqJiDfBOQJNf+Sk6pFJ1WLTqoWffISkEnNDZA/Sc2Nmhsgk5oJyI2aGyCTmhsgk5oJyBNq3jipWnRSteikatEnL6l5Qs1vAvKGmjfU/ElqftNJ1aKTqkUnVYs+eQnIG2pugExqJiCTmknNBGRSMwGZgLwBZFIzAZnU3ACZ1ExAbtR800nVopOqRSdViz55Sc0NkBsgk5pJzRtAnlBzA+QJNROQSc0EZFLzhpobIJOaN06qFp1ULTqpWvTJS0Bu1ExAJjUTkG9SMwGZ1ExAJjUTkEnNBOQNIJOav9lJ1aKTqkUnVYvwRxYBuVEzAblR8wSQTWomIDdq3gByo2YCsknNGydVi06qFp1ULfrkJSCTmgnIG0AmNROQSc0TQCY1T6iZgLyhZgJyo+YGyKRmArLppGrRSdWik6pF+CO/CMik5gkgk5oJyKTmDSCTmt8EZFIzAXlCzTedVC06qVp0UrXok5eAPKFmAjKpmYA8oeYGyKRmAnIDZFJzA2RSMwG5UTMBmdQ8AWRSs+mkatFJ1aKTqkWfLFMzAZmATGpu1ExAJiCTmgnIE2omIJuA3Kh5AsikZgIyqfmmk6pFJ1WLTqoWfbIMyBNAJjUTkBs1E5BJzQTkBsgbQCY1E5BJzTepmYDcqHnjpGrRSdWik6pFn/wyNU+ouQEyqZmAvKHmBsikZgIyqZmATGo2AflNJ1WLTqoWnVQtwh95AciNmgnIpOYGyKRmAvKGmhsgk5oJyL9MzaaTqkUnVYtOqhZ98pKaJ9Q8oWaTmhsgk5oJyKTmBsgTap4A8jc5qVp0UrXopGrRJy8B+U1qnlAzAZnUTGqeADKp2QRkUvOGmm86qVp0UrXopGrRJ8vUbALyhJoJyKTmCSCTmgnIBGSTmjfU/KaTqkUnVYtOqhZ98mVAnlDzBpBJzQRkk5ongNwAeUPNDZBJzaaTqkUnVYtOqhZ98j+jZgIyqZmATGomIBOQGzU3aiYgk5pNQCY1E5BJzRsnVYtOqhadVC365B+nZgLyhJoJyBNqboBMaiY1E5BJzQTkCTUTkG86qVp0UrXopGrRJ1+m5jepeQLIpOYJIJOaGyCTmknNBOQNIJOaCcimk6pFJ1WLTqoW4Y+8AOQ3qZmATGpugDyhZgIyqXkCyCY1N0AmNd90UrXopGrRSdUi/JGqJSdVi06qFp1ULTqpWnRSteikatFJ1aKTqkUnVYtOqhadVC06qVp0UrXopGrRSdWi/wDKyERDlUgncQAAAABJRU5ErkJggg==',74,'2024-10-06 14:58:24','2024-10-06 14:58:24'),(22,'data:image/png;base64,iVBORw0KGgoAAAANSUhEUgAAASQAAAEkCAYAAACG+UzsAAAAAklEQVR4AewaftIAABUDSURBVO3BQY4cy5LAQDLR978yR0tfBRCoainfHzezP1hrrRd4WGutl3hYa62XeFhrrZd4WGutl3hYa62XeFhrrZd4WGutl3hYa62XeFhrrZd4WGutl3hYa62XeFhrrZd4WGutl3hYa62XeFhrrZf44UMqf1PFpDJVTCpTxTep3KiYVD5RMamcVEwq31RxovKJihsqn6iYVG5UTCpTxaQyVUwqU8WJyt9U8YmHtdZ6iYe11nqJh7XWeokfvqzim1ROKiaVE5Wp4obKJ1SmikllqjhRmSpuVNxQOVGZKqaKSeUTKlPFJyq+SWWq+ETFpDJVnFR8k8o3Pay11ks8rLXWSzystdZL/PDLVG5UfKJiUrmhclJxQ2WqOKn4JpWpYlKZKk4qTlQmlaliqphUpoqTikllqrihMlVMFScqU8UnVKaKb1K5UfGbHtZa6yUe1lrrJR7WWuslfviPU/lNFZPKVDGp3FD5JpVvUrlRcaJyUnGiclIxqUwVN1ROKqaKE5WTikllUpkq/pc8rLXWSzystdZLPKy11kv88P9MxUnFpDJVTConFTcqJpWp4kTlROU3qXxC5aTiROVE5aTihsqNihOVqeJEZar4L3tYa62XeFhrrZd4WGutl/jhl1X8l6icqLxZxaQyVUwqk8pJxQ2VqeJEZaq4UXGickNlqrhRcaNiUpkqpopPVLzJw1prvcTDWmu9xMNaa73ED1+m8i9VTConKlPFpDJVTCpTxaQyVXyTylTxiYpJ5URlqrihMlVMKlPFpDJVTCpTxaTyTRWTylQxqUwVN1SmihOVN3tYa62XeFhrrZd4WGutl/jhQxVvojJVnFRMKlPFpDJVnFRMKlPFpHKiMlVMKlPFpPJNFTdUPqEyVUwqU8UNlaliUjlRmSomlb+p4r/kYa21XuJhrbVe4mGttV7ihw+pTBU3VKaKSeWbVKaKqWJSmSpuqNyo+ETFpDJVfELlmyomlaliUrmhMlXcULlRMal8k8qJyjdVnKhMFZ94WGutl3hYa62XeFhrrZf44Zep3FCZKk5UTlQ+UTGpfKJiUpkqJpWTikllqphUpopJZaqYVKaKT6icqEwVn1A5qbihcqNiUvlExaRyo+JEZaqYKr7pYa21XuJhrbVe4mGttV7C/uAfUpkqJpUbFZ9QmSpOVG5UnKjcqJhUblRMKlPFpHKj4hMq31RxojJV3FA5qZhUblTcULlRcaIyVXzTw1prvcTDWmu9xMNaa73EDx9S+U0VN1ROKiaVqWJSmSqmikllqphUTipuqEwVN1ROVE4qJpVJZao4UZkqJpWpYlL5m1SmikllUpkqJpWpYlKZKr5JZao4UZkqPvGw1lov8bDWWi/xsNZaL/HDhypOVE4qJpWTikllqphUJpWpYlI5UZkqTlSmihOVqeKGyo2KSeWkYlK5ofJNKlPFb1L5JpWp4psqJpWTihsV3/Sw1lov8bDWWi/xsNZaL/HDh1SmipOKSWWq+ITKVDGpnFRMKicqU8WkMqlMFScqU8VUMalMFZPKpPKbKk5UblRMKicq31QxqdyomFQmlZOKE5WpYqqYVCaVk4rf9LDWWi/xsNZaL/Gw1lov8cMvq7ihcqNiUplUTlROKiaVGxWTyknFpDKpnFTcqJhUpoqTiknlRsUNlaliUjmpOFG5UXFD5RMqU8UNlaniTR7WWuslHtZa6yUe1lrrJX74UMUNlRsVk8qkMlWcqNxQOan4JpWp4kTlEypTxQ2VqWJSmSpOVKaKE5VPqEwVk8pUMal8omJS+ZdUblR808Naa73Ew1prvcTDWmu9hP3BF6lMFZ9QmSpOVE4qJpWpYlKZKiaVGxWTylQxqUwVJyqfqJhUpooTlaliUpkqJpWpYlI5qfhNKr+pYlI5qThR+aaKSWWq+MTDWmu9xMNaa73Ew1prvYT9wS9SmSpOVKaKE5Wp4kRlqphUpopPqEwVJypTxQ2VT1ScqEwVb6Jyo2JSmSpOVKaKGyo3Kr5J5aTib3pYa62XeFhrrZd4WGutl7A/+ItUpooTlZOKSeWkYlK5UTGpTBUnKp+omFRuVEwqNypOVKaKSeVGxYnKScWJyo2KE5Wp4obKVPE3qXyi4hMPa631Eg9rrfUSD2ut9RI//GUVNypOVG6o3KiYVKaKSeWk4kRlqphUpoobKicVk8pvqphUvknlRsWkMqmcVEwqJxUnKicVN1SmipOKSeU3Pay11ks8rLXWSzystdZL2B98QGWqmFSmiknlExWTylQxqUwVn1CZKiaVqWJSmSpuqEwVN1SmikllqrihMlVMKjcqPqFyUnGi8k0VJyonFZPKVDGpnFT8Sw9rrfUSD2ut9RIPa631EvYHX6Ryo2JSmSpOVKaKSeU3VXxCZaqYVH5TxaRyo2JSOam4oTJVnKhMFZPKVDGpTBUnKlPFicqNir9JZao4UZkqPvGw1lov8bDWWi/xsNZaL/HDh1SmihsqU8WkMlV8omJSmSomlaniROUTKlPFicpJxYnKScWk8jdVTCqfqLihMlVMFZ+o+CaVqWJSmSre5GGttV7iYa21XuJhrbVewv7gi1ROKj6hMlXcUDmpuKFyo2JSmSomlaniEypTxYnKJyomlZOKT6hMFScqNyomlaliUjmpmFSmikllqphUblRMKlPF3/Sw1lov8bDWWi/xsNZaL/HDh1ROKk5UblScqEwVU8UNlanipOJGxSdUpopJZaqYVKaKqeJEZar4hMpJxUnFpDJVnFRMKpPKicpUMamcVEwqU8WkMlXcUHmTh7XWeomHtdZ6iYe11nqJH/4ylZOK36RyUnGiMlVMKlPFpDJVnFRMKjcqJpWp4kTlhspUMVXcUDlR+SaVqeITKicqJxU3VE4qTir+pYe11nqJh7XWeomHtdZ6CfuDL1I5qbihMlVMKlPFpHJS8SYqn6iYVKaKSWWqOFGZKiaVGxU3VP6miknlpOJE5RMVN1S+qWJSmSo+8bDWWi/xsNZaL/Gw1lov8cMvq5hUpopJZaqYVE5UpopJ5RMqn6iYVG5UfFPFpHJScVIxqUwVk8pJxUnFpDJVTConFZPKVDGpTCo3Kk5UJpWp4kbFpHJSMan8poe11nqJh7XWeomHtdZ6iR8+pHKjYlI5UZkqJpUTlaniExU3VE4qJpUbKlPFVDGpTBVTxYnKVPGbVG5UTCpTxaQyqXyiYlL5RMWkcqNiUvmmim96WGutl3hYa62XeFhrrZf44UMVk8qJylTxL6lMFZPKVDGpnFScqEwVk8oNlZOKGyo3VE5UblRMKv+SylQxqXxC5aRiUjmpmCpOVCaVv+lhrbVe4mGttV7iYa21XuKHL6s4qZhUvqniRGWqmFSmikllqphUJpVPVEwqJxWTyonKJ1S+qeITKlPFpDJVnKhMFTcqJpW/SeVGxQ2VqeITD2ut9RIPa631Eg9rrfUSP3xIZaqYVG5U3FA5UZkqJpWpYlK5UTGpTBUnKicVNyomlZOKSWWquKFyUjGp/KaKSeWGylQxVXxTxaRyUnFD5YbKb3pYa62XeFhrrZd4WGutl/jhl1VMKjdUpooTlanipOKk4obKVDGpTBVTxaQyqZxU3Kj4hMpU8U0Vk8qkMlVMKicVn1C5UXFSMal8QmWqOFE5qfhND2ut9RIPa631Eg9rrfUSP3yZylTxiYobFZPKVDGpTBU3VKaKGyo3Kk5UpoqpYlKZKm5U3Kg4qfhNFZPKVPEvqXxTxX/Jw1prvcTDWmu9xMNaa72E/cEvUpkqJpW/qeKGylQxqZxUnKhMFScqJxU3VP6mikllqjhROan4hMpJxaQyVUwqU8WkMlVMKlPFpPJNFZPKScU3Pay11ks8rLXWSzystdZL/PBlKt9UcUPlhspUMVV8k8pUcaJyQ2Wq+JcqJpWp4l9SmSpOVG5UTCo3KiaVqeJE5aRiUpkqJpVJZar4xMNaa73Ew1prvcTDWmu9xA+/rGJSmSomlUnlRsUnVKaKGxVvonJScaJyUjGpnFScqEwVU8WJyo2KGxWTyqQyVZxUTCo3VE4qJpUbKlPFpPJND2ut9RIPa631Eg9rrfUSP3xIZaq4oXJSMancULlRcaLyiYoTlaliUjmpmFROVKaKqeJE5RMqJypTxb+kMlVMKpPKVDGp3KiYVKaKk4pJ5RMV3/Sw1lov8bDWWi/xsNZaL/HDl6lMFScVk8qkMlWcqHyTylQxqUwqU8U3VfxNKlPFVDGpnKhMFZPKicpJxaQyVZyoTBUnKjdUpooTlZOKE5UbFZPKicpU8YmHtdZ6iYe11nqJh7XWeokfPlRxojJVTCpTxd9UcUPlpGJSmSpOKk5UpoqTikllqvimik9UnKhMFZPKDZUTlZOKGyqTyknFpHJScaNiUpkqJpWp4pse1lrrJR7WWuslHtZa6yV++DKVqWJSmSpOVKaKk4oTlROVk4pvUpkqbqicVEwVk8pUMVXcULmhclLxN1VMKicqJxU3Km5UnFRMKicVk8pUMalMFZ94WGutl3hYa62XeFhrrZewP/iAylRxQ+Wk4kRlqjhRuVFxQ+Wk4kRlqphUpopJ5RMVN1SmikllqphUpopJZao4UfmmihOVGxWTyo2KSWWqOFE5qZhUporf9LDWWi/xsNZaL/Gw1lov8cOXqZxUnFRMKicVk8pJxYnKpDJVTCo3VKaKqWJSOVH5TSpTxY2KSeVNKiaVGxUnKpPKScWkckPlmypOVKaKTzystdZLPKy11ks8rLXWS9gf/EMqU8WJyo2KSeU3VXxCZar4hMpJxTep3Ki4oXKjYlKZKm6oTBWTyicqJpWp4kRlqphUpopJZaqYVE4qPvGw1lov8bDWWi/xsNZaL2F/8EUqU8WJyo2K36QyVUwqU8UNlaliUrlRcUNlqviEym+qmFROKj6hMlVMKjcqJpUbFZPKJyomlU9UfNPDWmu9xMNaa73Ew1prvcQPX1ZxonJScUNlqphUfpPKVPGJiknlhsoNlaliUrlR8Zsqbqh8U8WkMlVMKlPFpHKicqPiv+xhrbVe4mGttV7iYa21XsL+4ItUTiomlRsVk8qNihsqU8WkclJxojJVTCpTxSdUpopJZaqYVKaKSeWk4kTlRsWkclIxqZxUfELlpGJSuVFxQ+Wk4l96WGutl3hYa62XeFhrrZf44UMqU8UnKm5UTCpTxaQyVfwmlZOKSWWqmFQ+UTGpnKhMFTcqJpWpYqo4UZlUpopPVEwqJxUnFScqU8U3qdxQmSomlanimx7WWuslHtZa6yUe1lrrJX74ZSo3VE4qbqhMFZPKVDFVfKLiRsVJxYnKVDGpTBWfUPkmlanipOJEZaqYKk4qJpVJ5aRiUrmhclJxo2JSmSomlaliUpkqPvGw1lov8bDWWi/xsNZaL2F/8EUqU8XfpHJSMal8ouKGylRxonJSMan8TRWfUJkqPqHymyq+SeWkYlKZKiaVqWJSuVExqZxUfOJhrbVe4mGttV7iYa21XuKHD6ncUJkqJpWTiknlhspUcUPlROWGyo2KSWWquKFyUjGp3FCZKk5UpopJZaqYKk5UTiomlUnlpOJEZar4popJ5aRiUplUporf9LDWWi/xsNZaL/Gw1lov8cPLVUwqJxWTyonKjYqTikllqjhRmSpOKiaVqWJS+UTFpPJNFScVJypTxVQxqdyouKFyQ2WqmComlZOKGxUnKlPFNz2stdZLPKy11ks8rLXWS/zwZRUnFTdUpopJ5UbFDZVJZaqYVKaKSeWbVKaKSWWqmFROVG5UfELlpOKk4kTlRsWkcqNiUjmpmFRuVHxCZar4mx7WWuslHtZa6yUe1lrrJX74UMWkclJxUnGicqLyCZWTik9U3FC5oXKiMlVMKicVn1CZKk5UbqhMFVPFpHKiclLxCZWTiknlhsqNikllqphUpopPPKy11ks8rLXWSzystdZL/PBlFZPKpDJVTCo3KiaVE5UbFZPKScVvqphUTipOVKaKSeWGyknFJ1RuqJxUTCpTxSdUpooTlRsVk8o3VfxND2ut9RIPa631Eg9rrfUS9gcfUJkqTlSmit+k8omKE5Wp4kTlRsWJyknFpHJScUNlqphUPlExqUwVk8pUcaJyo2JSOan4TSpTxYnKScWJylTxTQ9rrfUSD2ut9RIPa631EvYHX6RyUjGpTBWTylTxCZWp4kTlExWTyicqTlSmihOVqWJSeZOKGypTxaQyVdxQ+UTFicq/VDGpnFR84mGttV7iYa21XuJhrbVe4ocvq7hRcVJxonJSMVX8popvqvgmlaniRsUNlRsVk8oNlU+oTBUnFScqN1SmiknlpOKGylTxLz2stdZLPKy11ks8rLXWS/zwIZW/qeKGyo2Kv6liUjlRmSpuVEwqn1CZKm5UTCpTxY2KE5WpYlI5UZkqJpWTikllqjipmFROVKaKE5WpYqqYVL7pYa21XuJhrbVe4mGttV7ihy+r+CaVk4pJ5aTiRGWqmFROVE4qJpWp4qRiUrmhMlWcqJxU3KiYVKaKSeU3qUwVJxWTylQxqUwqN1SmihsVNypOVKaKb3pYa62XeFhrrZd4WGutl/jhl6ncqLih8k0VJxWTylRxovIvVXxC5Tep3Kg4UZkqJpUTlaniRGWqmFSmim9S+YTKVHGiMlV84mGttV7iYa21XuJhrbVe4of/uIpJZao4UZkqJpWpYqqYVH6TylRxonKjYqqYVKaKT1RMKlPFicpJxaQyVZxUnFRMKpPKVPEJlU9U3FCZKn7Tw1prvcTDWmu9xMNaa73ED/9jKm5UnFScqEwVJypTxaQyVUwVNyomlaniEyonFZPKDZUbFScVJyqfqLihclIxqUwVk8o3VUwqJxWfeFhrrZd4WGutl3hYa62X+OGXVfxLKlPFDZVvqphUPqFyo+ITFTdUpopvUplUpopJZaq4UTGpTConFVPFpDKpTBWTyg2VqWJSmSr+poe11nqJh7XWeomHtdZ6CfuDD6j8TRWTylRxonJScaJyUjGpTBWTylQxqUwVk8pUcaJyUnFDZaq4oTJVTCpTxYnKJyreTOWkYlKZKiaVk4pJZar4poe11nqJh7XWeomHtdZ6CfuDtdZ6gYe11nqJh7XWeomHtdZ6iYe11nqJh7XWeomHtdZ6iYe11nqJh7XWeomHtdZ6iYe11nqJh7XWeomHtdZ6iYe11nqJh7XWeomHtdZ6if8Dozc//rQC5dwAAAAASUVORK5CYII=',78,'2024-10-07 16:57:56','2024-10-07 16:57:56'),(23,'data:image/png;base64,iVBORw0KGgoAAAANSUhEUgAAATQAAAE0CAYAAACigc+fAAAAAklEQVR4AewaftIAABdnSURBVO3BQY7Y2JLAQFKo+1+Z42WuHiBIZffXZIT9wVprfcDFWmt9xMVaa33ExVprfcTFWmt9xMVaa33ExVprfcTFWmt9xMVaa33ExVprfcTFWmt9xMVaa33ExVprfcTFWmt9xMVaa33ExVprfcQPD6n8TRV3qEwVJypTxd+kclLxJpWp4kRlqjhR+U0Vk8pJxaRyUjGpnFTcoTJVnKj8popJ5W+qeOJirbU+4mKttT7iYq21PuKHl1W8SeUOlaliUnmTylQxqZxU/E0qJypTxR0qJxWTylRxojKpTBWTyh0VJxWTyonKmypOVKaKN1W8SeVNF2ut9REXa631ERdrrfURP/wylTsq7lCZKiaVqeJE5QmVqeI3qZxUTBWTylQxqUwVk8pUMancoTJV3KFyojJV3KFyonJSMalMKicVk8pUMalMFW9SuaPiN12stdZHXKy11kdcrLXWR/zw/4zKVPEvqdyhMlXcoTJV3KEyVUwqU8UdFScVk8pUMamcqEwVJxWTylRxojJV3KEyVZxUnKhMFf/LLtZa6yMu1lrrIy7WWusjfvh/TuVEZaqYKu5QOamYVO5QmSpOVKaKqeJE5UTlDpWpYlI5UTmp+JcqJpWTihOVqWJSmSq+7GKttT7iYq21PuJirbU+4odfVvE3qdxRcaIyqUwVk8pUcYfKVHGicqJyUjGpTBV3VNyhcqIyVUwqU8WJylRxojJVTBUnKlPFVDGpTConFZPKHRVPVPyXXKy11kdcrLXWR1ystdZH/PAylX+pYlKZKiaVqeKkYlKZKiaVqWJSmSomlanipGJSmSomlaliUpkq7lCZKk4qJpUnVKaKSWWquENlqrhDZaqYVKaKSWWqmFROVKaKE5X/sou11vqIi7XW+oiLtdb6iB8eqvgvq5hUTlSmiicqJpWp4qTiN1VMKicqd1TcoTJVTCpPqEwVv6nipGJSOVG5o2JSuaPif8nFWmt9xMVaa33ExVprfYT9wQMqU8Wk8qaKE5WTihOVN1VMKlPFpDJV3KHymyomlb+p4kTliYo7VKaKSeWk4g6VqeIJlaliUnlTxW+6WGutj7hYa62PuFhrrY/44ZdVTConFXeoTBUnKndUTCpPVEwqJyp3VPxNFZPKVHGiclJxojJVTCpTxRMqT1ScqDyhckfFpPK/7GKttT7iYq21PuJirbU+wv7gL1KZKiaV31RxojJV3KFyUnGiMlVMKicVJypTxaQyVUwqU8WkclIxqUwVd6jcUTGpPFExqdxRcaJyUnGiMlXcoTJV3KFyUvGmi7XW+oiLtdb6iIu11voI+4MHVKaKSeWJiidUpopJ5TdVnKi8qeJEZao4UZkqfpPKExUnKlPFicodFZPKVPEmlaliUrmjYlKZKk5UTip+08Vaa33ExVprfcTFWmt9xA8vU5kqnlCZKiaVqeJE5aRiUpkqJpU3VZyoTBUnKneoTBVPqJxUTBVPqLypYlL5l1SmiknlpGJSmVSmijepTBVvulhrrY+4WGutj7hYa62PsD94QOWOihOVqeIOlZOKE5WpYlKZKk5UTiruUDmpmFSmikllqnhCZap4k8oTFScqU8WJyhMVk8pUMalMFScqd1RMKicVJypTxW+6WGutj7hYa62PuFhrrY+wP3iRyknFpPJExaQyVTyhMlWcqEwVJypTxYnKVDGp3FFxojJV3KFyR8UdKlPFicpUMak8UXGiMlWcqEwVk8pJxR0qU8UTKndUPHGx1lofcbHWWh9xsdZaH/HDQypTxaQyqUwVd6icVEwqU8WkclJxR8WJyptUnlCZKp5QmSpOVH6TylQxqdxRMalMKlPFExWTylQxqUwqU8WkMlWcqEwVJxV/08Vaa33ExVprfcTFWmt9hP3BAyonFZPKScWkMlXcoTJVTCpvqjhRmSomlZOKSWWqeEJlqnhC5YmKSWWqeJPKVDGpnFRMKlPFHSpTxR0qU8WJylRxojJVTConFW+6WGutj7hYa62PuFhrrY+wP3hAZaqYVKaKE5WpYlK5o+JEZaqYVJ6oOFF5omJSmSqeUJkqnlCZKu5QeaLiRGWquENlqphUpoo7VKaKJ1SmihOVqWJSmSomlZOKJy7WWusjLtZa6yMu1lrrI+wPHlA5qZhUpopJ5Y6KSeWOikllqjhReaJiUpkqJpWTiknlpOJEZaqYVKaKSeWJiknlpOJE5Y6KE5WTiidUpooTlTdVnKhMFf/SxVprfcTFWmt9xMVaa32E/cEDKlPFf4nKVDGpvKniCZWp4g6Vk4o7VE4qnlCZKiaVk4oTlaliUpkqnlCZKiaVqWJSmSpOVE4qJpU7Kk5UTir+pou11vqIi7XW+oiLtdb6CPuDB1SeqDhRmSomlaliUjmpOFE5qZhUpopJ5aRiUpkqJpWpYlJ5U8UTKndUnKhMFU+oTBWTyknFicpJxYnKExVvUpkqJpWp4jddrLXWR1ystdZHXKy11kfYH/yHqEwVJypTxaRyR8WJyknFpPKmiknliYo7VE4q7lCZKk5UnqiYVKaKO1ROKiaVqWJSmSrepHJHxaRyR8WJylTxxMVaa33ExVprfcTFWmt9hP3Bi1SmihOVOypOVKaK36QyVZyoTBWTyknFpDJVTCp3VJyoTBWTylQxqTxRMalMFXeoTBUnKicVb1KZKiaVqWJSmSruUDmpmFTuqHjTxVprfcTFWmt9xMVaa33EDw+pnKicVDyh8oTKHRV3qNxR8aaKSeUOlROVqeKk4kRlqvhNFZPKScUdKlPFicqJylQxqUwVJypTxVQxqUwq/yUXa631ERdrrfURF2ut9RE/vKxiUrlD5V+qmFROKk4qJpVJ5Y6KE5Wp4g6VqeIJlaniDpUnVE4qTiomlZOKO1SmiknlRGWqmFSmiqniROWkYlKZKk5UpoonLtZa6yMu1lrrIy7WWusj7A/+IZWTiknlpGJSOam4Q2WqmFSmikllqphUpopJZap4k8pJxaQyVfxNKndUTCpTxYnKVHGHyknFpDJVTCpTxR0qU8WJyhMVk8pU8cTFWmt9xMVaa33ExVprfYT9wQMqU8WkckfFpHJSMancUfGEylRxonJSMalMFXeoTBV3qJxUTCpTxaTyRMUdKlPFicpUMalMFXeonFQ8oXJSMam8qWJSOal408Vaa33ExVprfcTFWmt9xA8PVUwqd1RMKlPFpPKbVKaKO1R+k8pJxVRxovKEylRxUnGHyqRyUvFExUnFicodFScqU8WkclIxqUwVT6j8l1ystdZHXKy11kdcrLXWR9gfPKAyVZyonFRMKlPFicqbKiaVOypOVE4qJpWpYlKZKk5UpopJZao4UZkqJpWpYlK5o+JE5Y6KE5WTikllqnhC5Y6KJ1ROKp5QmSqeuFhrrY+4WGutj7hYa62P+OGhiknljoqTiknljoonVE4qJpVJZao4qZhUpoo7VKaKqWJSOVGZKn5TxaQyqZxUnKicqNyhcqIyVZyoTBUnKicqd1RMKpPKScXfdLHWWh9xsdZaH3Gx1lof8cMvq5hUJpWpYlJ5QmWqOFGZKiaVk4oTlROVO1ROKiaVOypOVO6omFSmiknljopJ5Q6Vk4pJZao4Ubmj4kRlqrij4kTljopJ5aTiTRdrrfURF2ut9REXa631EfYHL1J5U8WJyknFpPJExaRyUnGiMlW8SWWqmFSmihOVqeJNKndUnKjcUXGiMlWcqDxR8ZtUTipOVKaKSWWq+E0Xa631ERdrrfURF2ut9RE/PKQyVUwqU8WkcqLymypOVE4q/iWVqeJEZaqYVKaKE5U3Vbyp4g6VqeJE5aTiDpVJZaqYVE4qJpU7VJ6o+Jsu1lrrIy7WWusjLtZa6yN+eJnKVDGpnFTcoTJVnFRMKicVJypTxaRyUnGHylRxR8WkMlVMKlPFpDJV3KEyqbyp4kTlRGWq+C+puKNiUpkq7lA5UTmpeNPFWmt9xMVaa33ExVprfcQPL6uYVJ5QmSruUDmpeKLipOIOlaniRGWqOFE5UZkqnlCZKu6omFROKiaVqeKOihOVqWJSuaPiRGWqOFGZKu5QmSqeqPhNF2ut9REXa631ERdrrfURP/yyiknljoo7VKaKO1TuqLhDZaqYKn5TxaRyovJExR0Vk8pvqjhRmSruqDhROVG5Q+VNFW9SmSredLHWWh9xsdZaH3Gx1lof8cNDFScqd6j8JpU7Kk5UpopJZaqYVJ6ouENlqphUTiomlUnlN1VMKm9SOVGZKk5UpoqpYlI5qXhC5UTlCZWTit90sdZaH3Gx1lofcbHWWh9hf/CAylRxojJVTCpTxYnKHRWTylQxqUwVk8pUMamcVEwqJxWTylQxqZxU3KEyVUwqJxWTypsqJpWp4g6VqeJEZaqYVE4qJpWTihOVqWJSuaPiROWJiicu1lrrIy7WWusjLtZa6yN+eJnKVPGEyknFm1SmipOKk4o7KiaVk4pJZaqYVO5QmSruqDipOFE5qZhUpopJ5Y6KSWWqmComlTtU7lA5qbij4kTlpOIOlTddrLXWR1ystdZHXKy11kfYH7xI5aRiUpkqTlROKiaVqeIOlaniCZWp4kTliYpJ5aTiRGWqmFROKiaVk4o7VE4qJpWTiknliYpJZaqYVKaKSeVfqphUpoq/6WKttT7iYq21PuJirbU+wv7gRSpTxRMqT1RMKlPFpHJHxYnKScWk8kTFpDJVTCp3VEwqd1RMKlPFHSpvqphUTipOVE4q7lCZKiaVqWJSmSpOVE4qJpWTikllqnjiYq21PuJirbU+4mKttT7ih1+mMlVMKicVd6i8qWJSuaPiROWk4k0qU8UdKk+oTBWTylQxqZxUTCpTxR0VJyonFZPKpHJSMVXcoTJVTCpTxUnFpDJVTConFW+6WGutj7hYa62PuFhrrY/44WUVd1RMKpPKVDGpTBWTylRxh8pUMancUTFVTCp3qLxJ5aRiUjmpmFQmlaniX1K5o+JE5QmVqeI3qZyoPKEyVbzpYq21PuJirbU+4mKttT7ih4dU7qiYVKaKJ1SmiknlpGJSmVROKk5U7lC5o+JE5U0Vd1RMKm9SmSpOVKaKv6liUrlDZao4UZkqJpWp4kRlUjmp+E0Xa631ERdrrfURF2ut9RE/PFQxqZyoTBWTyhMVk8pJxaRyUjGpnKhMFZPKScWkMlVMKneoTBWTyh0qb1KZKp5QeZPKVDFVnKhMFZPKpDJVPKEyVUwqU8VJxb90sdZaH3Gx1lofcbHWWh/xw0MqU8WkMlVMKicVk8pUMalMFZPKpPIvVdxRcVIxqUwVd1ScqNxRMamcVJyonFRMFScqU8WbVE5U7lD5TRWTyptUpoonLtZa6yMu1lrrIy7WWusjfniZylQxqUwVk8qkckfFpHJHxaQyqUwVJxWTylQxqZxUnKhMFZPKVHGHylQxqUwVT6hMFScVk8pJxYnKVPFExaRyUvGbVCaVqWKquEPlb7pYa62PuFhrrY+4WGutj/jhoYpJZVI5UTmpmFTuqJhUpoqTijtU3lRxR8VJxaQyVdyhMlU8oTJVTConKicVd1S8SWWqeJPKVDGpTBVvUjmpmFTedLHWWh9xsdZaH3Gx1lof8cNDKndUTConKlPFpHJSMVVMKlPFicpJxaRyojJVTCp3VJyonKhMFScVk8pU8aaKO1QmlaniROUJlaliUpkqTlSmiqniDpWpYlK5o2JS+Zsu1lrrIy7WWusjLtZa6yN+eKjiROWJiknlpGJSOan4L6u4Q2WqmComlanipOKk4r+sYlKZKp5QmSomlaliUjmpOFGZKqaKOypOVE4qTiredLHWWh9xsdZaH3Gx1lofYX/wi1TuqJhU7qg4UTmp+E0qd1RMKicVJyonFU+oTBWTyknFf4nKVDGpTBUnKlPFicpJxRMqT1RMKndUvOlirbU+4mKttT7iYq21PuKHh1TuqLijYlK5Q+Wk4g6Vk4qTihOVJ1TuqPiXKiaVk4pJ5Y6KSeWk4qTiRGWqmFSmiqniN1W8qeJfulhrrY+4WGutj7hYa62P+OFlFScqJxWTylRxR8UTKlPFpDKpTBUnKlPFScWkMlVMKneoTBV3VDxRMalMKlPFicpJxaRyonJScUfFicodFScqJxUnKlPFpHJSMalMFU9crLXWR1ystdZHXKy11kfYH7xIZaq4Q2WqmFSmiidUTiomlaniRGWqeELlpOJNKlPFicpJxaTyL1WcqEwVk8pJxaQyVTyhMlWcqNxR8YTKVDGpTBVPXKy11kdcrLXWR1ystdZH/PCyihOVO1SmiknlpGJSmSpOVKaKSWWqmComlaniROVNKicVT1TcUXGHylQxqUwVk8qkMlVMFXdUTCpTxR0qT6i8SeVNFW+6WGutj7hYa62PuFhrrY/44T+m4o6KN6lMFZPKVHGiMlWcqJxU/JepTBWTyknFScVJxaRyh8pJxR0Vk8pUcUfFHRUnKndU3KFyojJVPHGx1lofcbHWWh9xsdZaH/HDQypTxaTyhMpUMancUXFS8YTKVHGicofKVDGpnFRMKpPKb6qYVCaVOypOKu5QmSreVHGicofKVPEmlaniROWOijddrLXWR1ystdZHXKy11kfYHzygclIxqdxRcYfKVHGHylTxJpU7KiaVk4pJ5aRiUvmXKp5QOamYVKaKO1ROKiaVqeJEZap4QmWqOFGZKiaVqeIOlaniiYu11vqIi7XW+oiLtdb6CPuDB1SmikllqphUnqiYVO6oeJPKmyrepHJSMalMFW9SmSomlZOKN6lMFScqU8WkMlWcqNxRcaIyVUwqv6liUpkq3nSx1lofcbHWWh9xsdZaH/HDL6s4qfhNFU+onFT8TSpTxaRyR8WbVKaKSeWOiknlROWJijsq7lCZKqaKSeWJikllqrhDZao4UfmbLtZa6yMu1lrrIy7WWusj7A8eUJkqTlROKiaVk4oTlZOKE5WpYlKZKiaVf6liUjmpmFSmiknlN1U8oXJSMalMFZPKExWTylRxonJHxYnKmyr+pYu11vqIi7XW+oiLtdb6CPuD/2Eqb6p4QmWqmFROKk5U7qh4QmWqmFSmijtUpooTlaliUpkqJpWp4kTlpGJSuaPiRGWqeELlpOIOlaliUpkqftPFWmt9xMVaa33ExVprfcQPD6n8TRVTxYnKVDGpTCpTxaQyVUwVT6hMFf8lKneoTBUnKicVd6jcoXJSMamcVJyonFScqJxUTBWTyonKVHFHxaQyVbzpYq21PuJirbU+4mKttT7ih5dVvEnlROWkYlKZKp5QmSpOKk5U/iWVqeJE5aTijopJ5Y6KE5WTiknlpOJNFZPKVHFSMalMFXdUPKEyVfymi7XW+oiLtdb6iIu11vqIH36Zyh0Vb1KZKu5QmSomlUllqphUTipOKu5QeZPKicoTKlPFpDJV3FFxonKickfFExWTyonKEypPqEwVk8pU8aaLtdb6iIu11vqIi7XW+ogfPqbiDpWp4kTlDpWTiidUpoqTiicq3qRyR8WJylQxqUwVU8V/icpUMak8UXGiclJxojJV/KaLtdb6iIu11vqIi7XW+ogfPkZlqphUTlSmiidUTlROKv4llZOKSeWJikllqphUpopJZao4UbmjYlKZKiaVqWJSmSpOKiaVqeJE5aRiUplUpoqp4m+6WGutj7hYa62PuFhrrY/44ZdV/KaKN1VMKndUTBWTym9SeULlpOKk4g6Vk4pJZaqYVE5U7qh4QuVEZaqYVKaKk4oTlaliUnmTylTxmy7WWusjLtZa6yMu1lrrI354mcrfpPJExaQyVZyonKhMFXeoTBVTxaTyRMWkMqlMFZPKVDGpTBUnKlPFpDJVnKhMFZPKHSpTxRMqJypTxaQyVUwVk8pUMalMFScqU8WkMlW86WKttT7iYq21PuJirbU+wv5grbU+4GKttT7iYq21PuJirbU+4mKttT7iYq21PuJirbU+4mKttT7iYq21PuJirbU+4mKttT7iYq21PuJirbU+4mKttT7iYq21PuJirbU+4v8AFD7vCVvu//UAAAAASUVORK5CYII=',79,'2024-10-07 23:33:33','2024-10-07 23:33:33'),(24,'data:image/png;base64,iVBORw0KGgoAAAANSUhEUgAAATQAAAE0CAYAAACigc+fAAAAAklEQVR4AewaftIAABcTSURBVO3BQY4cyxIYQffC3P/KLu4UGyWQ6B4+/lKY2R+stdYLPKy11ks8rLXWSzystdZLPKy11ks8rLXWSzystdZLPKy11ks8rLXWSzystdZLPKy11ks8rLXWSzystdZLPKy11ks8rLXWSzystdZL/PAhlb+p4ptUTiomlaliUpkqJpWTik+oTBWTylRxQ2WqmFSmihOVT1RMKlPFpDJVnKhMFd+kMlVMKicVJyo3KiaVv6niEw9rrfUSD2ut9RIPa631Ej98WcU3qdxQmSomlZOKSWWqmFSmin+JylRxQ+VGxScqTlROKj6hMlVMKlPFicoNlRsqJxXfVPFNKt/0sNZaL/Gw1lov8bDWWi/xwy9TuVFxQ+VEZaqYVCaVqWJS+aaKSWWqmFSmiqliUplUpoqTihOVk4pvqjhROak4qTipmFSmipOKSeVGxaQyVUwqU8U3qdyo+E0Pa631Eg9rrfUSD2ut9RI/vFzFpHJScVJxojJVnKhMFZPKicqNihsqU8VUcUNlqjhRmSomlaliUplUpopvUpkqJpWp4kRlUpkqTipOVKaK/2UPa631Eg9rrfUSD2ut9RI//H+uYlKZKiaVqWKqmFSmim+q+ITKVDFVTCrfpHJD5UbFb6qYVD6hclJxQ2WqeLOHtdZ6iYe11nqJh7XWeokfflnF31QxqUwVJxWTyg2VqeITFd+kMlV8U8UNlaniROWGylQxqUwVk8pUcVIxqZyonFTcULlR8YmKf8nDWmu9xMNaa73Ew1prvcQPX6byv0RlqjipmFSmikllqphUpopJZaqYVKaKSWWqmFSmikllqphUTlSmihsqU8Wk8l9SmSpOKiaVqWJSmSomlaliUjlRmSpOVP5lD2ut9RIPa631Eg9rrfUSP3yoYv1fKlPFpDJVTConKlPFpDJVTConKt9U8YmKSeVEZaqYVKaKb1I5UZkqTiomlROVE5UbFf9LHtZa6yUe1lrrJR7WWuslfviQylQxqXxTxVRxQ2WqmFSmihsVJxUnFZ+o+E0qJyq/qeJvqphUPlExqUwVNypuqNxQ+aaK3/Sw1lov8bDWWi/xsNZaL2F/8AGVqeKGyknFpPKJiknlN1WcqJxUTCo3Kr5J5UbFicpJxYnKScVvUvlNFZPKVDGpfFPFpDJVTCpTxYnKVPGJh7XWeomHtdZ6iYe11nqJH/4ylaniRGWqOFG5UTGpnFRMKlPFpDJVTBWTyicqJpWTiknlRsWkMqncqPhExaRyUjGpfKLihspUMancqLihcqPipGJS+Zse1lrrJR7WWuslHtZa6yV++GUqU8WkMlVMFf+yikllqviEylRxo2JSOamYVKaKk4oTlaliUvmmihsVk8o3qUwVJxUnKicVk8pJxYnKVDGpnFRMKt/0sNZaL/Gw1lov8bDWWi/xw4cqJpWp4obKScWkMlVMKicqU8WkcqIyVZyoTBU3VKaKb1KZKj6hcqIyVUwqU8WJyo2K36RyojJVTConFTcqJpUbFScVNyq+6WGttV7iYa21XuJhrbVe4ocvq5hUblScqJyonKhMFf8llaliUjlRuVExqUwVn1CZKiaVqeKGyicqJpWpYqq4oXKj4qRiUjlRmSomlaniROWk4kRlqvhND2ut9RIPa631Eg9rrfUS9gd/kconKk5UpooTlanihspJxaQyVUwqU8UNlRsVk8pJxQ2VGxU3VKaKE5WpYlI5qZhUTiomlZOKGypTxQ2VqeKbVE4qvulhrbVe4mGttV7iYa21XuKHD6lMFd9UMalMFScqN1RuVHxTxaRyo2JSuVExqdxQmSpOVCaVk4obKlPFpDJV/E0Vk8pJxVQxqdyomFRuVNyo+E0Pa631Eg9rrfUSD2ut9RI//GUVN1R+U8WkMlXcUJkqpopJZar4popJ5UTlhspUMancqJhUJpWp4qTipGJSmSomlaniRsWkckPlpGJSmSomlaliUpkqJpWTikllqvimh7XWeomHtdZ6iYe11nqJHz5UMalMFZPKjYpJ5RMV36QyVUwqv6niRsWkMlVMKpPKJyomlUnlhsonKqaKk4oTlaliUjmpuKFyUnFD5URlqrhRMalMFZ94WGutl3hYa62XeFhrrZewP/gilanihsqNihOVqeJE5ZsqTlSmikllqviEylRxojJVTCqfqLihclJxovKJihOVf1nF36QyVfymh7XWeomHtdZ6iYe11nqJHz6kckPlpOKGyknFjYobKicqJxUnFScqU8Wk8k0qU8UnVKaKSWWqOFGZKqaKSeWk4kRlqphUTipOVD5RMancqJhUpopPqEwVn3hYa62XeFhrrZd4WGutl/jhl6l8QuWbVKaKGypTxaQyVZyoTBUnKjcqTlRuVEwqNyqmikllqphUpoqpYlKZKqaKSWVSmSo+UXGiclIxqZyoTBXfpDJV3Kj4poe11nqJh7XWeomHtdZ6CfuDL1KZKiaVqWJSmSq+SeWk4ptUpoobKr+p4ptUTiomlanim1SmikllqrihclIxqZxUTConFTdUblRMKjcqTlSmik88rLXWSzystdZLPKy11kvYH/wilanihspJxQ2VGxU3VKaKSeUTFScqU8WkclIxqfymiknlRsUnVE4qTlSmik+o3Kg4UblRMalMFZ9QmSq+6WGttV7iYa21XuJhrbVewv7gAyqfqJhUpopJ5ZsqTlRuVEwqU8WkMlWcqEwVk8qNihsqU8U3qUwVk8pUMamcVJyonFTcUJkqTlROKiaVk4oTlanihsonKr7pYa21XuJhrbVe4mGttV7C/uADKjcqJpWpYlKZKk5U/qaKb1KZKk5UpooTlZOKT6hMFScqNypuqJxUTCqfqLihMlVMKt9UcUPlpGJSmSr+poe11nqJh7XWeomHtdZ6iR++rGJSmVRuVEwqNypOVE4qTlSmihOVqeITFScqU8UnVKaKE5WpYqq4oTJVTConFZPKVHGiMlWcqHxTxTepTBVTxaQyqZyoTBWTylTxiYe11nqJh7XWeomHtdZ6iR/+MSo3KiaVT1RMKicVk8pUcaIyVdxQmSq+SWWq+ITKJyq+qWJSOamYVKaKqeITFZPKVDGpnFScqNyoOFGZVKaKb3pYa62XeFhrrZd4WGutl/jhP1ZxQ+Wk4kTlRsWkMql8k8pJxVQxqXxC5URlqpgqJpVvUpkqpooTlanipOKk4obKScWkMlWcVJyoTBUnKlPFpDJV/Jce1lrrJR7WWuslHtZa6yXsDz6gclJxovJNFZPKVDGpTBWTyknFpHKjYlI5qfgmlaniEyonFScqJxU3VKaKE5WpYlK5UXGiMlWcqJxUfJPKScUnVKaKTzystdZLPKy11ks8rLXWS9gffEBlqjhROak4UTmpuKEyVdxQ+aaKSWWquKEyVXxCZaq4oTJVTCpTxaTyTRU3VE4qvkllqphUTiomlZOKE5WTihsqU8UnHtZa6yUe1lrrJR7WWusl7A++SOUTFZPKVHFD5aTiROVGxaQyVUwqNypOVKaKSeWkYlKZKiaVk4oTlaliUrlRMalMFScqJxWTyknFicpUcaIyVUwqNypOVH5TxTc9rLXWSzystdZLPKy11kvYH3xAZao4UZkq/iaVk4pvUrlRcUPlRsWk8omKb1I5qThRuVExqdyouKHyiYoTlZOKSWWquKFyo+I3Pay11ks8rLXWSzystdZL2B/8IpWpYlL5popPqNyouKEyVUwqJxUnKicVN1SmiknlmyomlaliUpkqJpWp4obKjYpPqEwVk8pUMamcVEwq31TxX3pYa62XeFhrrZd4WGutl/jhQyonFTcqbqjcUJkqTipOVE4qpoqTiknlExWTylQxqXyi4obKpHKiMlVMKlPFN1X8TSpTxaQyVUwqNypuqJyoTBWTylTxiYe11nqJh7XWeomHtdZ6iR8+VPGbVKaKb1KZKj5RcaIyVUwqJypTxY2KGxWTyg2VqeKkYlKZKk4qbqhMFVPFicpUMamcVEwVNypOKiaVGypTxSdUftPDWmu9xMNaa73Ew1prvcQPH1K5UXGj4hMqJxUnKlPFicpUcaJyUjGp3FA5qThRmSomlZOKv0llqjipmFSmiknlRsWJyo2KE5Vvqvhf8rDWWi/xsNZaL/Gw1lovYX/wAZV/WcUNlZOKE5UbFScqU8UNlaniROWkYlL5popJZaqYVKaKv0llqphUpopvUjmpOFH5TRV/08Naa73Ew1prvcTDWmu9hP3BX6Ryo+KGyknFpDJVnKicVEwqNyq+SeWk4obKVDGpTBUnKp+omFRuVEwqU8WkcqNiUvlExaQyVZyoTBUnKlPFicpJxW96WGutl3hYa62XeFhrrZewP/iAylRxovKJik+onFRMKjcqTlRuVEwq31QxqUwVJyonFd+kclJxonJScUNlqphUPlFxQ2WqmFSmiknlExWTylTxmx7WWuslHtZa6yUe1lrrJX74ZSpTxaRyUnGiclIxVfxLKk5UpoobKjcqJpWp4obKVDGpnFRMFTdUTiomlaliUjlROamYVE5UpoobKicqn6iYVP5LD2ut9RIPa631Eg9rrfUSP/xlKjdUpoqpYlKZVKaKSeVGxTepTBUnKicVU8Wk8jdV3KiYVKaKSWWq+ETFpHKj4kRlqjhRmVSmipOKSWWqmFSmiv8lD2ut9RIPa631Eg9rrfUS9gdfpDJVnKicVEwq31RxojJVTCpTxaRyo2JSmSpOVG5U3FA5qZhUTiomlRsV/yWVqeJE5RMVN1SmihsqJxU3VKaKb3pYa62XeFhrrZd4WGutl/jhyyomlRsVk8pJxaQyVXyiYlKZKj5RMalMFTcqTlROVKaKqWJSOak4UZkqPqFyo2JSOam4oXKjYlKZVKaKSWWqOFG5UXFD5W96WGutl3hYa62XeFhrrZf44ctUblScVJyoTBUnKlPFicpUMamcVJyofJPKN6lMFVPFDZWpYlL5RMWkMlWcVHxC5aTiExWTyg2VqWJSmSomlaliUpkq/qaHtdZ6iYe11nqJh7XWeokfvqziROWGyknFJ1ROKv6miknlRsWkcqLyCZWp4qTiRsUNlROVqeKGyknFicpUcVIxqUwVn1CZKk4qJpWpYlKZKn7Tw1prvcTDWmu9xMNaa72E/cF/SOWk4kTlRsWkMlVMKjcqJpWp4ptUpor/kspUMalMFTdUTiomlaliUjmpOFGZKiaVqeJEZaqYVE4qfpPKScWkMlX8poe11nqJh7XWeomHtdZ6iR/+MpUbKlPFVHGi8omKSeU3qUwVk8onVKaKSeWkYlKZKiaVGypTxUnFpHKjYlKZVG6oTBWTylQxVZxUfJPKScVJxQ2Vk4pPPKy11ks8rLXWSzystdZL2B98kcpUcUNlqphUTiomlW+qOFE5qThROan4l6mcVJyoTBWTyjdVnKj8TRXfpDJV3FD5popJZar4xMNaa73Ew1prvcTDWmu9xA8fUpkqJpWpYlKZKiaVT1TcUPlExScqJpVJZaqYVE4qTlSmihsVk8qkMlWcqEwVN1ROVKaKqWJSmSo+oXKiclIxqdxQmSpuVPxLHtZa6yUe1lrrJR7WWuslfvhQxaQyVZxUTCpTxQ2Vk4obFZPKN1VMKlPFicpUMamcqEwVn1CZKiaVSeWk4psqTlSmiqliUvlExaQyVdyomFQmlRsVN1ROKn7Tw1prvcTDWmu9xMNaa72E/cEvUpkqbqhMFd+kMlVMKicVk8pJxaTymyomlaliUjmpOFGZKm6oTBV/k8onKk5UvqliUpkqbqhMFZPKVHGicqPiEw9rrfUSD2ut9RIPa631Ej98SGWq+ITKVHFDZaq4oXJDZar4l6icqEwVk8pvUpkqbqj8S1SmiqniROUTFZ+o+KaKE5VvelhrrZd4WGutl3hYa62X+OHLVG6oTBWTylQxqZyo3KiYVKaKE5UbFScqU8WkclIxqdyoOFGZKm5UTCpTxaQyVZyonFRMKlPFpDJVfEJlqphUpopPqJxUTConKlPFpDJV/KaHtdZ6iYe11nqJh7XWegn7g3+IylTxCZWTik+ofKJiUpkqJpWp4kRlqphUpoobKjcqPqHyiYpJ5aTihspUMamcVJyoTBU3VG5UnKicVJyoTBWfeFhrrZd4WGutl3hYa62X+OGXqXxC5UbFScWJylRxo+JEZVL5hMpUcaJyQ+VGxQ2Vk4qTikllqjipmFQ+UXGj4kRlqrihMlXcULlRcaPimx7WWuslHtZa6yUe1lrrJX74kMpU8U0Vk8pUcUNlqpgqTlRuqEwVk8qJyv8SlaliUjmp+ETFpPKbVE4qTlROKk5UpoqpYlK5UTGpnKhMFScqU8UnHtZa6yUe1lrrJR7WWuslfvhQxaQyVUwqN1SmiknlpOJEZaqYVKaKSeWkYlI5qfiEylQxqZyonFScqJxUnKicVEwqU8VUcUPlExUnFZPKVPGbKr6p4kRlqvhND2ut9RIPa631Eg9rrfUSP3xIZao4qZhUpooTlU+oTBWTyo2KSeVGxaQyVUwqJxU3Km6onFRMKlPFScWJyonKScWkMlV8QmWqmFSmikllqphUpoobKlPFpDJVTBU3Kv6mh7XWeomHtdZ6iYe11nqJH36ZylRxonJScaJyQ2WquKFyUjGpfFPFicpUcUNlqrhR8QmVqWJSmSpuVEwqJxU3VE5UpopJZaq4oTJVTCpTxYnKVDGpTBWTylTxTQ9rrfUSD2ut9RIPa631Ej/8soqTit+kclIxqZxUfJPKjYpJ5b+kMlVMKicVJxXfpPJNFTdUpopPqJxUTCpTxaQyVZyoTBWTyt/0sNZaL/Gw1lov8bDWWi9hf/ABlaniROWkYlKZKiaVk4q/SWWq+JeonFRMKlPFpPKbKiaVqeJE5aRiUpkqJpWTihOVk4oTlZOKSWWqmFS+qeJE5aTiEw9rrfUSD2ut9RIPa631Ej98qOJGxY2Kb1L5RMUnVE4qbqhMFZPKVPGbKm6oTBU3VL6p4qTiROVGxYnKVDGpnFTcqLihcqIyVfymh7XWeomHtdZ6iYe11nqJHz6k8jdVTBUnKicVk8onKm5UnKicVEwqU8WkclLxTSpTxYnKJyomlRsqU8WkMlVMFZ9QmSpOKiaVb1KZKm5UTCpTxTc9rLXWSzystdZLPKy11kv88GUV36RyojJV3FCZKk5UfpPKJypuVNxQuVFxo2JSOamYVE4qPlFxonJScVIxqUwVk8pJxYnKScUnVKaK3/Sw1lov8bDWWi/xsNZaL/HDL1O5UfEJlRsVn6iYVG6o3Kg4UbmhMlWcVEwqk8onVD5RMalMKp9QOamYVCaVqeKkYlL5TSqfUJkqJpWp4pse1lrrJR7WWuslHtZa6yV+eJmKSWWquKEyVUwqNyr+porfVPFNKlPFpHKiMlWcqNyoOFE5qbihMlWcqNyoOFGZKk5UTip+08Naa73Ew1prvcTDWmu9xA8vV3GiMlVMFScVN1ROKiaVqWJSOVGZKk5UpopJZar4hMpUMalMFZPKVHGickPlpGKqOFGZKiaVqWJSmSpOVKaKSeWkYlKZKqaKSWWq+E0Pa631Eg9rrfUSD2ut9RI//LKK31QxqUwVk8onVE4qJpWpYlKZVG5UTCpTxY2KGypTxYnKicqJyg2Vk4oTlaniROWGyo2K9f/2sNZaL/Gw1lov8bDWWi9hf/ABlb+pYlKZKiaVk4pJZao4UflExYnKScWkcqNiUpkqJpWpYlKZKiaVqeITKlPFpPKJihOVqeITKv+liknlpOKGylTxTQ9rrfUSD2ut9RIPa631EvYHa631Ag9rrfUSD2ut9RIPa631Eg9rrfUSD2ut9RIPa631Eg9rrfUSD2ut9RIPa631Eg9rrfUSD2ut9RIPa631Eg9rrfUSD2ut9RIPa631Ev8HKh7lf3i3w6gAAAAASUVORK5CYII=',80,'2024-10-09 00:38:26','2024-10-09 00:38:26'),(25,'data:image/png;base64,iVBORw0KGgoAAAANSUhEUgAAATQAAAE0CAYAAACigc+fAAAAAklEQVR4AewaftIAABdKSURBVO3BQW7s2pLAQFLw/rfM9jBHBxBU5Xe/OiPsF2ut9QIXa631EhdrrfUSF2ut9RIXa631EhdrrfUSF2ut9RIXa631EhdrrfUSF2ut9RIXa631EhdrrfUSF2ut9RIXa631EhdrrfUSF2ut9RI/PKTylyo+SWWqOFGZKiaVqWJSOal4QmWqmFSmijtUpopJZao4UXmiYlKZKiaVqeJEZar4JJWpYlI5qThRuaNiUvlLFU9crLXWS1ystdZLXKy11kv88GEVn6Ryh8pUMan8y1ROKu5QmSruULmj4omKE5WTiidUpopJZao4UblD5Q6Vk4pPqvgklU+6WGutl7hYa62XuFhrrZf44ctU7qi4Q+VEZaqYVCaVqeKOiknlpOJEZVKZKqaKSWVSmSpOKk5UTio+qeJE5aTipOKkYlKZKk4qJpU7KiaVqWJSmSo+SeWOim+6WGutl7hYa62XuFhrrZf44eUqJpUnKu6ouEPlDpU7Ku5QmSqmijtUpooTlaliUpkqJpVJZar4JJWpYlKZKk5UJpWp4qTiRGWq+F92sdZaL3Gx1lovcbHWWi/xw/9zFZPKpHJScYfKVDFVnKhMFU+oTBVTxaTySSp3qNxR8U0Vk8oTKicVd6hMFW92sdZaL3Gx1lovcbHWWi/xw5dV/EsqTiomlTtUpooTlanim1Smik+quENlqjhRuUNlqphUpopJZao4qZhUTlROKu5QuaPiiYp/ycVaa73ExVprvcTFWmu9xA8fpvJfqphUpopJZao4qZhUpopJZaqYVE5UpopJZaqYVKaKSWWqmFSmiknlRGWquENlqphU/ksqU8VJxaQyVUwqU8WkMlVMKicqU8WJyr/sYq21XuJirbVe4mKttV7ih4cq/iUqU8VfUpkqTiomlROVqWJSmSomlROVT6p4omJSOVGZKiaVqeKTVE5UpoqTiknlROVE5Y6K/yUXa631EhdrrfUSF2ut9RI/PKQyVUwqn1QxVUwqJyonKlPFHRUnKlPFVPFExTepnKh8U8VfqphUnqiYVKaKOyruULlD5ZMqvulirbVe4mKttV7iYq21XsJ+8YDKVHGickfFpDJV3KEyVUwqn1QxqdxRMancUfFJKndUnKicVJyonFR8k8o3VUwqU8Wk8kkVk8pUMalMFScqU8UTF2ut9RIXa631EhdrrfUSP3yZyh0Vk8oTKicqU8WkMlVMKndUTCrfpHJSMancUTGpTCp3VDxRMamcVEwqT1TcoTJVTCp3VNyhckfFScWk8pcu1lrrJS7WWuslLtZa6yXsFw+oTBUnKicVT6h8UsUTKlPFicpJxRMqU8WJylTxhMpUMak8UfFJKndUnKhMFU+onFRMKicVJypTxaRyUjGpTBVPXKy11ktcrLXWS1ystdZL2C8+SGWqeEJlqphUpopJZaqYVKaKSWWqmFSmiknlpGJSOamYVJ6omFSmiidU7qiYVKaKE5U7Kk5U7qiYVO6omFROKp5QmSr+l12stdZLXKy11ktcrLXWS9gvvkjlpGJSmSomlU+qmFSmihOVqeJE5aRiUpkqJpWpYlKZKiaVqeIJlaliUpkqTlQ+qWJSmSqeULmj4g6VqWJSmSomlaniROWk4kRlqvimi7XWeomLtdZ6iYu11noJ+8UfUpkqJpWTihOVqeJEZaq4Q+WkYlKZKiaVqWJSmSruUJkqJpWTijtU7qi4Q2WqOFGZKiaVOyomlaliUjmpuENlqrhDZar4JJWTik+6WGutl7hYa62XuFhrrZf44SGVqeIOlZOKSWWqOFG5Q+WOik+qmFTuUHmiYlK5Q2WqOFGZVE4q7lCZKiaVqeIOlScqJpWTiqliUrmjYlK5o+KOim+6WGutl7hYa62XuFhrrZf44ctUTipOVD6p4kRlqphUJpWTiqliUpkqTiomlaniROVE5Q6VqWJSuaNiUplUpoqTipOKSWWqmFSmijsqJpU7VE4qJpWpYlKZKiaVqWJSOamYVKaKT7pYa62XuFhrrZe4WGutl/jhoYpJZaqYVCaVk4pJ5QmVqeKOijtU/iUVk8pUMalMKk9UTCqTyh0qT1RMFScVJypTxaRyUnGHyknFHSonKlPFHRWTylTxxMVaa73ExVprvcTFWmu9hP3ig1SmijtU7qj4l6hMFScqT1TcoTJVnKhMFZPKExV3qJxUnKg8UXGi8i+r+EsqU8U3Xay11ktcrLXWS1ystdZL/PCQyonKScVUcYfKScWkMlVMKicVk8qJyknFpDJVnKhMFZPKJ6lMFU+oTBWTylRxojJVTBWTyknFicpUMamcVJyoPFExqdxRMalMFU+oTBVPXKy11ktcrLXWS1ystdZL/PAfU/mkik+qmFSmikllqjhRuUPljooTlTsqJpU7KqaKSWWqmFSmiqliUpkqpopJZVKZKp6oOFE5qZhUTlSmik9SmSruqPiki7XWeomLtdZ6iYu11noJ+8UHqUwVk8pU8U0qd1RMKlPFHSpTxYnKX6r4JJWTikllqvgklaliUpkq7lA5qZhUTiomlZOKO1TuqJhU7qg4UZkqnrhYa62XuFhrrZe4WGutl7BfPKByR8Wk8kTFHSp3VNyhMlVMKicVT6hMFZPKScWk8k0Vk8odFU+onFScqEwVT6jcUXGickfFpDJVPKEyVXzSxVprvcTFWmu9xMVaa73ED39MZaqYVKaKO1TuqDhRuaNiUpkqJpUTlZOKqWJSOak4qZhUpopvqphUTlROKqaKSWVSmSqmihOVqeKJiknlpOJE5aTiROVfcrHWWi9xsdZaL3Gx1lovYb/4QyonFZPKJ1VMKp9UcaJyUjGpTBWTylQxqdxR8YTKVHGickfFHSonFZPKExV3qEwVk8onVdyhclIxqUwVf+lirbVe4mKttV7iYq21XsJ+8YDKScWkclJxojJVTCpTxaQyVUwqU8WkMlU8oTJV/MtUpopJ5aTiCZWpYlI5qZhUpooTlaniROWOikllqvgklaniROWJikllqnjiYq21XuJirbVe4mKttV7CfvFFKlPFpPJNFU+onFScqEwVk8pUcYfKVDGpTBV3qEwVJyrfVHGiclJxonJSMalMFd+kMlVMKicVk8oTFScqJxWfdLHWWi9xsdZaL3Gx1lovYb/4IJWpYlK5o2JSmSomlScq7lCZKiaVqWJSuaPiROWk4kTljooTlW+quENlqphUpopPUjmpmFSmiidUpooTlaliUpkqJpWTik+6WGutl7hYa62XuFhrrZewX3yRylRxovJNFXeonFTcoTJVTConFZ+kMlU8oXJScaJyUnGHylRxojJVTCp3VJyoTBUnKicVn6RyUvGEylTxxMVaa73ExVprvcTFWmu9hP3iH6IyVUwqJxV/SWWqmFTuqJhUpoo7VKaKJ1SmijtUpopJZaqYVD6p4g6Vk4pPUpkqJpWTiknlpOJE5aTiDpWp4omLtdZ6iYu11nqJi7XWegn7xQepTBWTylQxqZxU3KEyVdyhckfFHSpTxRMqU8WkclIxqUwVk8pJxYnKVDGp3FExqUwVJyonFZPKScWkMlXcoTJVTCp3VJyofFPFJ12stdZLXKy11ktcrLXWS9gvHlCZKk5Upor/kspU8YTKExV3qEwVd6g8UfFJKicVJyp3VEwqd1TcofJExYnKScWkMlXcoXJHxTddrLXWS1ystdZLXKy11kv88FDFicpUMal8UsUdFZPKScWkMlWcqNyh8oTKVDFVnKhMFZPKJ1VMKicqU8WkMlWcVEwqJyonFVPFicpUMalMFZ+k8kTFf+lirbVe4mKttV7iYq21XuKHh1ROKu6ouEPlDpWp4qTiDpWTijsqJpU7KiaVqWJSeaLiDpVJ5URlqphUpopPqvhLKlPFpDJVTCp3VNyhcqIyVUwqU8UTF2ut9RIXa631EhdrrfUSPzxU8U0qU8UnqZyo3FFxojJVTConFScqU8VUcUfFpHKHylRxUjGpTBUnFXeoTBVTxYnKVDGpnFRMFXdUnFRMKneoTBVPqHzTxVprvcTFWmu9xMVaa73EDx+mclJxR8UTKicVJyp3qEwVU8UdFU+onFScqEwVk8pJxV9SmSpOKiaVqWJSuaPiROWOihOVT6r4X3Kx1lovcbHWWi9xsdZaL2G/+CKV/1LFN6k8UXGiMlXcoTJVnKicVEwqn1QxqUwVk8pU8ZdUpopJZar4JJWTihOVb6r4SxdrrfUSF2ut9RIXa631EvaLD1KZKiaVOyomlaliUjmpmFROKp5QuaPik1ROKu5QmSomlaniROWJiknljopJZaqYVO6omFSeqJhUpooTlaniRGWqOFE5qfimi7XWeomLtdZ6iYu11noJ+8UDKlPFiconVdyh8kTFicr/kopJZao4UTmp+CSVk4oTlZOKO1SmiknliYo7VKaKSWWqmFSeqJhUpopvulhrrZe4WGutl7hYa62XsF88oDJVTCpTxaRyUjGpTBWTylRxh8pUMalMFScqJxWTyknFHSonFScqU8WkckfFpHJS8YTKScWkMlVMKk9UTCp3VJyo/KWKSeWk4psu1lrrJS7WWuslLtZa6yV++GMqd6hMFXeoTBWTyonKVHGiclJxUnGiMlWcVEwqf6nijopJZaqYVKaKJyomlTsqTlSmihOVSWWqOKmYVKaKSWWq+F9ysdZaL3Gx1lovcbHWWi9hv/gglaniROWkYlL5pIpJZao4UTmpmFSmikllqphUPqniDpWTiknlpGJSuaPiv6QyVZyoPFFxh8pUcYfKScUdKlPFJ12stdZLXKy11ktcrLXWS/zwZSp3VEwqJxWTylRxR8WJylRxojJVTCp3VEwqU8WJyonKVDFVTConFScqU8UTKndUTConFXeo3FExqUwqU8WkMlWcqNxRcYfKX7pYa62XuFhrrZe4WGutl/jhIZUnKk4qTlTuUJkqTlSmiknlpOIvqXySylQxVdyhMlVMKk9UTCpTxUnFEypTxSdVTCp3qEwVk8pUMalMFZPKVPGXLtZa6yUu1lrrJS7WWuslfnio4kTlCZWpYqo4UZkqTlSmik9SOamYVO6omFROVJ5QmSpOKu6ouEPlRGWquEPlCZWp4qRiUpkqnlCZKk4qJpWpYlKZKr7pYq21XuJirbVe4mKttV7ihw9TOamYVE4qJpVPUpkqJpU7KiaVJypOVE4qvqliUpkqJpWpYqo4UTmpmFSmiknlpGKqmFSmikllqjhRmSpOVKaKk4onVP5lF2ut9RIXa631EhdrrfUSP3xYxaTyhModFZPKScWkMlVMKndU3KEyVUwqJyp3VEwqJxWTylQxqdyhMlWcVEwqd1RMKpPKExWTylQxVZxUfJLKScVJxR0qJxVPXKy11ktcrLXWS1ystdZL2C8+SOWOikllqphUTiomlaniDpWp4kTlpGJSuaPiRGWq+EsqJxUnKlPFpPJJFScqU8WJyhMVn6QyVdyh8kkVk8pU8cTFWmu9xMVaa73ExVprvcQPD6lMFZPKVDGpTBWTylRxovKEyidVnFScqJyonKhMFScqU8UdFZPKpDJVnKhMFXeonKhMFVPFpDJVTBV3qJyonFRMKneoTBV3VPxLLtZa6yUu1lrrJS7WWusl7BcfpDJV3KEyVUwqU8WJylTxhMpJxYnKVDGpTBWTyhMVk8pU8YTKVDGp3FHxhMpUcaIyVZyoPFExqUwVT6jcUfGEyknFpDJVPHGx1lovcbHWWi9xsdZaL2G/+CKVqeJE5aRiUpkq7lCZKiaVk4pJ5aRiUvmmikllqphUTipOVKaKO1Smir+k8kTFiconVUwqU8UdKlPFpDJVnKjcUfHExVprvcTFWmu9xMVaa73EDw+pTBV3qEwVJypTxaQyVdyhcofKVPFNFScqk8qJylQxqXyTylRxh8q/RGWqmCpOVJ6oeKLikypOVD7pYq21XuJirbVe4mKttV7ihw9TmSruUDmpmFROVKaKk4pJ5Q6VOypOVO6omFSeqDhRmSruqJhUpopJZao4UTmpmFSmikllqnhCZaqYVKaKJ1ROKiaVE5WpYlKZKr7pYq21XuJirbVe4mKttV7CfvFFKlPFX1K5o+JEZaqYVO6omFSmikllqphUTiomlaniDpU7Kp5QeaJiUjmpuENlqphUTipOVKaKO1TuqDhROak4UZkqnrhYa62XuFhrrZe4WGutl/jhj6l8U8V/qeJEZVKZKk4qTiomlUnlDpU7Ku5QOak4qZhUpoqTiknliYo7Kk5Upoo7VKaKO1TuqLij4pMu1lrrJS7WWuslLtZa6yV+eEhlqpgq7lCZKiaVqWJSmSo+qWJSmSomlaliUjlRuaPiv6QyVUwqJxVPVEwq36RyUnGiclJxojJVTBWTyh0Vk8qJylRxojJVPHGx1lovcbHWWi9xsdZaL/HDQxWTylQxqdyhMlVMKlPFpDJVTCpTxSdVTConKlPFHSpTxaRyonJScaJyUnGiclIxqUwVU8UdKk9UnFRMKlPFN1V8UsWJylTxTRdrrfUSF2ut9RIXa631EvaLB1SmijtUpooTlZOKE5Wp4kRlqjhRuaNiUpkqJpWTihOVqeIOlZOKSWWqeELliYpJZaq4Q+WkYlKZKiaVqWJSmSruUJkqJpWp4ptUpoonLtZa6yUu1lrrJS7WWuslfvgylaniROWk4kRlqjhRmSqmihOVk4pJ5ZMqJpWpYqq4Q2WquKPiCZWpYlKZKu6omFROKqaKSWVSOVGZKiaVqeIOlaliUpkqTlSmikllqphUpopPulhrrZe4WGutl7hYa62X+OHLKk4qvknlpGJSOan4JJWpYlKZKiaVqeIvqUwVk8pJxUnFJ6ncUXFHxYnKVPGEyknFpDJVTCpTxYnKVDGp/KWLtdZ6iYu11nqJi7XWegn7xQMqU8WJyknFpDJVTConFScqU8WJylQxqUwVJyp3VNyhckfFpDJVTCrfVDGpTBUnKicVk8oTFScqJxUnKicVk8pUMal8UsWJyknFExdrrfUSF2ut9RIXa631Ej88VHFHxR0Vf0nlpGJSeaLiROVEZao4qfimijtUpoo7VD6p4gmVOypOVKaKSeWk4o6KO1ROVKaKb7pYa62XuFhrrZe4WGutl/jhIZW/VDFVTConKlPFpHJHxaQyqZxU3KEyVUwqU8WkclLxSSpTxYnKExWTyh0qU8WkMlVMFU+oTBUnFZPKJ6lMFXdUTCpTxSddrLXWS1ystdZLXKy11kv88GEVn6RyonKickfFicoTFZPKJ1XcUXGHyh0Vd1RMKicVk8pJxRMVJyonFZPKVDGpTBWTyknFicpJxRMqU8U3Xay11ktcrLXWS1ystdZL/PBlKndU/CWVqeKOihOVSeWJihOVO1SmipOKSWVSeULliYpJZVJ5QuWkYlI5qTipmFS+SeUJlaliUpkqPulirbVe4mKttV7iYq21XuKH/+cqTlSmiknljoq/VPFNFZ+kMlVMKicqU8WJyh0VJyqfpDJVnKjcUXGiMlWcqJxUfNPFWmu9xMVaa73ExVprvcQPL1NxojKpTBVTxUnFpDJVTCp3VJyoTBWTylRxojJVTCpTxRMqU8WkMlVMKlPFicodKicVU8WJylQxqUwVk8pUcaIyVUwqJxWTylQxVUwqU8U3Xay11ktcrLXWS1ystdZL/PBlFd9UMalMFScVd6icVJxUTCpTxaQyVUwVk8pUcUfFHSpTxYnKicqJyh0qJxUnKlPFicodKndUPKHyZhdrrfUSF2ut9RIXa631Ej98mMpfUpkqJpU7VKaKk4pJ5aTiCZWTiknlpGJSmSpOKiaVqeKk4gmVJ1ROKk5UpoonVCaVv1QxqTxRMalMFZ90sdZaL3Gx1lovcbHWWi9hv1hrrRe4WGutl7hYa62XuFhrrZe4WGutl7hYa62XuFhrrZe4WGutl7hYa62XuFhrrZe4WGutl7hYa62XuFhrrZe4WGutl7hYa62XuFhrrZf4P1IBDqTedeaRAAAAAElFTkSuQmCC',81,'2024-10-09 00:44:45','2024-10-09 00:44:45'),(26,'data:image/png;base64,iVBORw0KGgoAAAANSUhEUgAAATQAAAE0CAYAAACigc+fAAAAAklEQVR4AewaftIAABbrSURBVO3BQW4sy7LgQDKh/W+ZfYY+CiBQJd33s93M/mGttV7gYa21XuJhrbVe4mGttV7iYa21XuJhrbVe4mGttV7iYa21XuJhrbVe4mGttV7iYa21XuJhrbVe4mGttV7iYa21XuJhrbVe4mGttV7ihw+p/KWKb1K5UTGpnFRMKicVn1CZKiaVqeKGylQxqUwVJyqfqJhUpopJZao4UZkqvkllqphUTipOVG5UTCp/qeITD2ut9RIPa631Eg9rrfUSP3xZxTep3FCZKiaVk4pJZVKZKr5J5aTihspUcUPlRsUnKk5UTio+oTJVTCpTxYnKDZUbKicV31TxTSrf9LDWWi/xsNZaL/Gw1lov8cMvU7lRcUPlRGWqmFROKm6oTBUnFZPKicpUMVVMKpPKVHFScaJyUvFNFScqJxUnFScVk8pUcVIxqdyomFSmikllqvgmlRsVv+lhrbVe4mGttV7iYa21XuKHl6uYVH5TxaTym1RuVNxQmSqmihsqU8WJylQxqUwVk8qkMlV8k8pUMalMFScqk8pUcVJxojJV/F/2sNZaL/Gw1lov8bDWWi/xw//nKm6oTBUnFZPKpDJVnKicVNxQmSqmiknlm1RuqNyo+E0Vk8onVE4qbqhMFW/2sNZaL/Gw1lov8bDWWi/xwy+r+F9ScUPlhspUMVVMKn9JZar4poobKlPFicoNlaliUpkqJpWp4qRiUjlROam4oXKj4hMV/0se1lrrJR7WWuslHtZa6yV++DKV/1LFpDJVTCpTxUnFpDJVTCpTxQ2VqWJSOVGZKiaVqWJSmSomlROVqeKGylQxqfyXVKaKk4pJZaqYVKaKSWWqmFROVKaKE5X/ZQ9rrfUSD2ut9RIPa631Ej98qOJ/icp/SWWquKHyCZWpYlI5Ufmmik9UTConKlPFpDJVfJPKicpUcVIxqZyonKjcqPi/5GGttV7iYa21XuJhrbVe4ocPqUwVk8o3VUwVN1SmikllqrhRcaPiExV/SeVE5TdV/KWKSeUTFZPKVHGj4obKDZVvqvhND2ut9RIPa631Eg9rrfUS9g8fUPmmihsqU8WJylQxqXxTxaRyo2JSuVHxTSo3Kk5UTipOVE4qfpPKScWkcqNiUpkqJpVvqphUpopJZao4UZkqPvGw1lov8bDWWi/xsNZaL/HDl1WcqNxQmSpOVKaKqWJSmSomlaliUpkqJpWTiknlExWTyknFpHKjYlKZVG5UfKJiUjmpmFQ+UXFSMalMFZPKjYobKjcqTiomlb/0sNZaL/Gw1lov8bDWWi9h//ABlaniv6Ryo+I3qUwVk8qNihsqJxUnKlPFJ1SmiknlExXfpHKj4kRlqviEyknFpHJScaIyVUwqJxWTylTxiYe11nqJh7XWeomHtdZ6iR8+VDGpTBWfUJkqJpWpYlKZKiaVqWJSmSomlZOKSWWqmFRuqEwVn1CZKj6hcqIyVUwqU8WJyo2K36RyojJVTConFTcqJpUbFScVNyq+6WGttV7iYa21XuJhrbVe4ocvq5hUPlExqZyonKhMFZPKVPGbVKaKSWVS+UTFpDJVfEJlqphUpoobKp+omFSmiqnihsqNipOKSeVEZaqYVKaKE5WTihOVqeI3Pay11ks8rLXWSzystdZL2D/8IZWTikllqjhRmSpOVKaKGyonFZPKVDGpTBWTyo2KSWWqmFROKm6o3Ki4oTJVnKhMFZPKjYpJZaqYVE4qbqhMFTdUpopvUjmp+KaHtdZ6iYe11nqJh7XWeokfPqQyVXxCZaqYVKaKE5UbKjcqvqliUvlLFZPKDZWp4kRlUjmpuKEyVUwqU8UNlU9UTConFVPFpHKjYlK5UXGj4jc9rLXWSzystdZLPKy11kv88MtUTipOVP5LFScqJxVTxaQyVXyTyg2VGypTxaRyo2JSmVSmipOKk4pJZaqYVKaKGxWTyg2Vk4pJZaqYVKaKSWWqmFROKiaVqeKbHtZa6yUe1lrrJR7WWusl7B++SGWqmFRuVEwqU8WkclIxqZxUTCpTxYnKjYpJZao4UZkqTlSmiknlRsWkMlVMKv+lim9SmSomlZOKGypTxQ2VT1R8QmWq+MTDWmu9xMNaa73Ew1prvYT9wxepTBWTylQxqdyo+ITKScWkMlVMKlPFico3VZyoTBUnKlPFpPKJihsqJxUnKp+oOFH5X1bxl1Smit/0sNZaL/Gw1lov8bDWWi/xw4dUblRMKlPFDZWpYlKZKqaKGxU3VE4qbqjcUPkmlaniEypTxaQyVZyoTBVTxaRyUnGiMlVMKicVJyqfqJhUblRMKlPFJ1Smik88rLXWSzystdZLPKy11kv88MtUPqFyQ2WqmFSmiknlRsVJxYnKVDGpfKLiROVGxaRyo2KqmFSmikllqpgqJpWpYqqYVCaVqeITFScqJxWTyonKVPFNKlPFjYpvelhrrZd4WGutl3hYa62XsH/4IpWpYlKZKiaVqeKGyjdVfEJlqjhR+UsV36RyUjGpTBXfpDJVTCpTxQ2Vk4pJ5aRiUjmpuKFyo2JSuVFxojJVfOJhrbVe4mGttV7iYa21XsL+4RepTBU3VE4qbqjcqLihMlVMKicV36Ryo2JS+U0Vk8qNik+onFScqEwVn1C5UXGicqNiUpkqPqEyVXzTw1prvcTDWmu9xMNaa73ED1+mcqIyVUwqU8UNlRsVJyo3KiaVqWJSuaEyVUwqU8WkMlWcVEwqU8VvqphUTlROKqaKSWVSmSqmihOVqeITFZPKScWJyknFicr/koe11nqJh7XWeomHtdZ6CfuHX6Ryo2JSOamYVG5UTConFd+kMlXcUPmmik+oTBUnKjcqbqicVEwqn6i4oTJVTCrfVHFD5aRiUpkq/tLDWmu9xMNaa73Ew1prvYT9wxepTBUnKlPFDZWTihsqU8WkclJxojJVnKhMFScqJxWfUJkqJpWTik+oTBWTyknFpDJVnKhMFScqNyomlanim1SmihOVT1RMKlPFJx7WWuslHtZa6yUe1lrrJewfvkjlL1XcUDmpmFROKk5UpopvUpkqJpWp4obKVHGi8psqTlROKk5UTiomlaniN6lMFZPKScWk8omKE5WTim96WGutl3hYa62XeFhrrZewf/gilaniRGWqOFGZKj6hMlXcUJkqTlSmiknlpOJE5aTiROVGxYnKb6q4oTJVTCpTxTepnFRMKlPFJ1SmihOVqWJSmSomlZOKb3pYa62XeFhrrZd4WGutl/jhQypTxTepnKj8JpWTiknlv1RxQ2Wq+ITKScWJyknFDZWp4hMqNyqmiknlpGJSOak4qfiEylRxUnGiMlV84mGttV7iYa21XuJhrbVewv7hAyq/qWJSOak4UTmpuKEyVZyonFRMKlPFDZWp4hMqU8UNlaliUpkqJpVvqrihclJxQ2WqmFSmiknlpGJSOak4UTmpuKEyVXziYa21XuJhrbVe4mGttV7C/uGLVE4qbqhMFTdUpopJZaqYVG5UTCpTxaQyVfwmlZOKSWWqmFROKk5UpopJ5UbFpDJVnKicVEwqJxWTylRxQ2WqmFRuVJyo/KaKb3pYa62XeFhrrZd4WGutl7B/+IDKVDGpnFTcUJkqPqEyVXxCZaqYVE4qJpWpYlKZKm6ofKLim1ROKk5UblRMKjcqJpWpYlL5RMWJyknFpDJV3FC5UfGbHtZa6yUe1lrrJR7WWusl7B9+kcpUMal8U8UnVD5RMamcVEwqv6nihspUMal8U8WkMlVMKlPFpDJV3FC5UfEJlaliUpkqJpWTiknlmyr+Sw9rrfUSD2ut9RIPa631Ej98SOWk4kbFDZUbKlPFScWkcqPiRsWkclJxQ2WqmFQ+UXFDZVI5UZkqJpWp4psq/pLKVDGpTBWTyo2KGyonKlPFpDJVfOJhrbVe4mGttV7iYa21XuKH/3EqU8U3qUwVJxW/SeWGyknFVHGjYlK5oTJVnFRMKlPFScUNlaliqjhRmSomlZOKqeJGxUnFpHJDZar4hMpvelhrrZd4WGutl3hYa62X+OFDFScqU8WNik+onFRMKicVJypTxScqJpWpYlKZVE4qTlSmiknlpOIvqUwVJxWTylQxqdyoOFG5UXGi8k0V/5c8rLXWSzystdZLPKy11kvYP/wilf9SxQ2Vk4pJ5RMVJypTxQ2VqeJE5aRiUvmmikllqphUpoq/pDJVTCpTxTepnFScqPymir/0sNZaL/Gw1lov8bDWWi9h//CHVG5U3FA5qZhUvqliUrlR8U0qJxU3VKaKSWWqOFH5RMWkcqNiUpkqJpUbFZPKJyomlaniRGWqOFGZKk5UTip+08Naa73Ew1prvcTDWmu9hP3DB1SmihOVT1RMKlPFicqNiknlpOJE5UbFpPJNFZPKVHGiclLxTSonFScqJxU3VKaKSeUTFTdUpopJZaqYVD5RMalMFb/pYa21XuJhrbVe4mGttV7C/uEDKlPFpDJVTConFScqJxV/SeVGxYnKVHFD5aTiRGWqmFRuVEwqJxWfUDmpmFSmiknlExWTyo2KE5W/VDGpnFT8poe11nqJh7XWeomHtdZ6iR/+mMoNlaliqphUJpWpYlKZKiaVqeJGxaRyonKiclIxVUwqf6niRsWkMlVMKlPFJyomlRsVJypTxYnKpDJVnFRMKlPFpDJV/F/ysNZaL/Gw1lov8bDWWi9h//BFKlPFicpJxaTyTRWfUJkqJpWpYlL5RMWkcqPihspJxaRyUjGp3Kj4L6lMFScqn6i4oTJV3FA5qbihMlV808Naa73Ew1prvcTDWmu9xA+/TOVGxaRyUvGXVKaK31Rxo+JE5URlqpgqJpWTihOVqeITKjcqJpWTihsqNyomlUllqphUpooTlRsVN1T+0sNaa73Ew1prvcTDWmu9xA8fUpkqJpWTipOKE5WpYlI5qThRmSomlZOKSeWbVH6TylQxVdxQmSomlU9UTCpTxUnFJ1Smim+qmFRuqEwVk8pUMalMFZPKVPGXHtZa6yUe1lrrJR7WWuslfvgylaniEyqfqJhUTlSmim+quKFyo2JSOVH5hMpUcVJxo+KGyonKVHFD5aRiUjmpOKmYVKaKT6hMFScVk8pUMalMFb/pYa21XuJhrbVe4mGttV7C/uEPqdyouKHyiYpJ5UbFpHKj4obKVPFfUpkqJpWp4obKScWkMlVMKicVJyo3Kk5UpopJ5aTiN6mcVEwqU8VvelhrrZd4WGutl3hYa62XsH/4D6ncqJhUpopJ5aTiROVGxSdUpopJ5UbFpDJVTConFZPKVDGpnFRMKlPFpDJVTConFScqf6niv6RyUjGpTBUnKjcqPvGw1lov8bDWWi/xsNZaL2H/8EUqU8UNlaniROVGxYnKVPGXVE4qbqhMFb9J5aTiRGWqmFS+qeJEZaqYVL6p4ptUpoobKt9UMalMFZ94WGutl3hYa62XeFhrrZf44UMqU8WkMlVMKlPFpDJVnFRMKjcqPqFyUnFSMamcqHyTylRxo2JSmVSmihOVqeKGyonKVDFVnFR8QuVE5aRiUrmhMlXcqPhf8rDWWi/xsNZaL/Gw1lovYf/wRSpTxV9SmSq+SeWkYlI5qZhUpooTlZOKE5Wp4hMqU8WkcqPiEypTxYnKVHGi8omKSWWq+ITKjYpPqJxUTCpTxSce1lrrJR7WWuslHtZa6yXsH36RylQxqdyo+CaVqWJSOamYVE4qJpUbFZPKScWkMlVMKicVJypTxQ2VqeIvqXyi4kTlmyomlanihspUMalMFScqNyo+8bDWWi/xsNZaL/Gw1lov8cOHVKaKGxWTylRxonJScUPlhspU8ZtUpooTlROVqWJS+U0qU8UNlf8lKlPFVHGi8omKT1R8U8WJyjc9rLXWSzystdZLPKy11kvYP3xA5aTiEypTxaRyo+KGyknFpHKj4kRlqphUvqnihspU8QmVqWJSmSpOVE4qJpWpYlKZKj6hMlVMKlPFJ1ROKiaVGxWTylQxqUwVn3hYa62XeFhrrZd4WGutl/jhQxUnKp+oOKk4UflExV9SmSomlZOKGyrfpHJScVJxQ+VGxaRyo+JEZaqYVG5UTCpTxTepTBUnKpPKVPGXHtZa6yUe1lrrJR7WWuslfvhjFTdUvknlRsWNihOVSWWq+CaVT6jcqLihclJxUjGpTBUnFZPKJypuVJyoTBU3VKaKGyo3Km5UfNPDWmu9xMNaa73Ew1prvcQPH1KZKr6pYlKZKn6TylRxQ2WqmFQmlZOK/2UqU8WkclLxiYpJ5TepnFScqJxUnKhMFVPFpHKjYlI5UZkqTlSmik88rLXWSzystdZLPKy11kv88KGKSWWqmFQ+UTGp3KiYVD6hMlVMFZPKb1KZKiaVE5WTihOVk4oTlZOKSWWqmCpuqHyi4qRiUpkqflPFN1WcqEwVv+lhrbVe4mGttV7iYa21XsL+4QMqU8UNlaniROWkYlI5qfgmlRsVN1ROKk5UpoobKicVk8pU8QmVT1RMKlPFDZWTikllqphUpopJZaq4oTJVTCpTxW9SmSo+8bDWWi/xsNZaL/Gw1lov8cMvU5kqTlROKk5UpopJZVKZKm6onFRMKt9UcaIyVdxQmSpuVHxCZaqYVKaKGxWTyknFDZUTlaliUpkqbqhMFZPKVHGiMlVMKlPFpDJVfNPDWmu9xMNaa73Ew1prvcQPv6zipOI3qZxUTConFd+kMlVMKlPFpDJVTBW/SWWqmFROKk4qvknlmypuqEwVn1A5qZhUpopJZao4UZkqJpW/9LDWWi/xsNZaL/Gw1lov8cMfUzmpmFSmiknlpGJSOan4TRUnKjcqTlRuVHxC5YbKScWkMlWcqJxUTConKicVN1SmiqliUjmpmFSmiknlROUTFZPKpDJVfOJhrbVe4mGttV7iYa21XuKHD1XcqLhR8ZtUblT8poobKlPFScVvqrihMlXcUPmmik+o3Kg4UZkqJpWTihsVN1ROVKaK3/Sw1lov8bDWWi/xsNZaL/HDh1T+UsVUMamcVJyonKhMFTdUpooTlZOKSWWqmFROKr5JZao4UflExaRyQ2WqmFSmiqniEypTxUnFpPJNKlPFjYpJZar4poe11nqJh7XWeomHtdZ6iR++rOKbVE5UbqicVPymihOVT1TcqLihcqPiRsWkclIxqZxUfKLiROWkYlKZKiaVqWJSOak4UTmp+ITKVPGbHtZa6yUe1lrrJR7WWuslfvhlKjcqvknlm1SmihOVb6o4UbmhMlWcVEwqk8onVD5RMalMKp9QOamYVE4qTiomld+k8gmVqWJSmSq+6WGttV7iYa21XuJhrbVe4of/z1TcUJkqJpWpYqr4L1X8popvUpkqJpUTlaniROVGxYnKN6lMFScqNypOVKaKE5WTit/0sNZaL/Gw1lov8bDWWi/xw8tUfFPFScWk8k0VJypTxaQyVZyoTBWTylTxCZWpYlKZKiaVqeJE5YbKScVUcaIyVUwqU8WkMlWcqEwVk8pJxaQyVUwVk8pU8Zse1lrrJR7WWuslHtZa6yV++GUVv6liUpkqTlSmihOVk4pJZaqYVD5RMalMFTcqbqhMFScqJyonKjdUTipOVKaKE5UbKjcqvqliUvm/7GGttV7iYa21XuJhrbVe4ocvU/lLKlPFpHJSMalMFVPFJ1SmiknlROWGyknFpDJVnFRMKlPFScUnVD6hclJxojJVfEJlUvkmlZOKSeUTFZPKVPFND2ut9RIPa631Eg9rrfUS9g9rrfUCD2ut9RIPa631Eg9rrfUSD2ut9RIPa631Eg9rrfUSD2ut9RIPa631Eg9rrfUSD2ut9RIPa631Eg9rrfUSD2ut9RIPa631Eg9rrfUS/w+bTLSSkvHllwAAAABJRU5ErkJggg==',84,'2024-10-09 00:53:29','2024-10-09 00:53:29'),(27,'data:image/png;base64,iVBORw0KGgoAAAANSUhEUgAAATQAAAE0CAYAAACigc+fAAAAAklEQVR4AewaftIAABc5SURBVO3BQY7cSBDAQFKY/3+Z62OeChDUPfYKGWF/sNZaL3Cx1lovcbHWWi9xsdZaL3Gx1lovcbHWWi9xsdZaL3Gx1lovcbHWWi9xsdZaL3Gx1lovcbHWWi9xsdZaL3Gx1lovcbHWWi9xsdZaL/HDQyq/qWJSmSomlaliUvlNFZPKScWkMlWcqNxRcYfKVPFNKk9UTCp3VEwqU8WkclIxqUwVk8pUMak8UTGp/KaKJy7WWuslLtZa6yUu1lrrJX74sIpPUnmi4qRiUnmi4kTlpOKk4kTlpOJE5aTiDpWp4g6VqWJSmSomlZOKSWWqeKLiRGWqmFSmikllqvimik9S+aSLtdZ6iYu11nqJi7XWeokfvkzljopPUpkqJpUnKk5UTiomlaniRGWqOFF5QmWqOKmYVKaKk4onKp5QuUNlqjipuENlqjhRmSo+SeWOim+6WGutl7hYa62XuFhrrZf44X+u4omKE5UTlZOKOypOVKaKE5WpYlKZKiaVE5WpYlI5UZkqJpWTihOVOypOVO5QmSomlaliqphUJpWTihOVqeL/7GKttV7iYq21XuJirbVe4of/OZWTihOVqeKOiknlCZU7VO5QmSomlaniRGVSeUJlqphUTlROKiaVv6niRGWqmFSmikllqnizi7XWeomLtdZ6iYu11nqJH76s4psqJpVPqvgklanipGJSmSomlZOKSWWqmFSmipOKO1SeUJkqJpVJZaqYVKaKOyomlROVO1Smiicqnqj4l1ystdZLXKy11ktcrLXWS/zwYSq/SWWqmFSmijtUpopJZaqYVKaKSWWqmFSmikllqphU/iaVqeKkYlKZKiaVOyomlaliUpkqJpVPqphUpopJZaq4Q2WqOFH5l12stdZLXKy11ktcrLXWS/zwUMXfVHFScVJxUjGpTBVPVHySylRxUvFNFXeoTBWfpHJHxRMVk8pUMamcqEwVk8pUMancUfF/crHWWi9xsdZaL3Gx1lovYX/wgMpUcaLymyomlZOKSWWqmFROKp5QOak4UTmpmFT+ZRWTyh0Vd6jcUTGp3FHxSSpTxaRyUnGiMlVMKndUPHGx1lovcbHWWi9xsdZaL/HDL6t4QmWqmFTuqJhU7qg4UZkqJpWTiknlk1SmijtUTiruULmj4kTlDpWTikllUpkqJpUTlaliUpkqTiomlTtUpoonKiaVT7pYa62XuFhrrZe4WGutl/jhoYoTlaniDpWpYlI5UZkqJpVPUpkqTiomlZOKOyomlaniRGWqeELlpGJSmVSmiidUPqnijopJZVKZKiaVqWJSOak4UZlUpopJ5URlqviki7XWeomLtdZ6iYu11noJ+4MHVO6oOFGZKn6TylQxqUwVd6h8UsWJyidV3KFyUjGpTBV3qNxRcaLyRMUTKlPFpHJSMamcVEwqU8UdKlPFpDJVPHGx1lovcbHWWi9xsdZaL/HDQxWTyh0qU8Wk8kkVk8qJylQxqUwVk8pJxaRyUvFExaQyVUwqk8odFZPKHSpTxaRyUvFExaQyVUwqT6h8U8WkMql8k8pU8UkXa631EhdrrfUSF2ut9RI/PKQyVUwqJxUnFXeo3FFxonJSMalMFZPKpPJNFZPKN1WcVEwqU8WkMqlMFZPKpPJExVQxqUwVn1TxhMpJxaQyVZyoTBV/08Vaa73ExVprvcTFWmu9hP3BF6lMFZPKHRVPqNxRMak8UTGpfFPFpPJExYnKVDGp3FFxojJVTConFZPKVDGpnFScqEwVd6g8UXGHyknFicpUMalMFU9crLXWS1ystdZLXKy11kvYHzygMlWcqEwVk8pUMalMFb9J5TdVTCp3VDyhclJxojJV3KFyUnGHylRxovJ/UnGHylQxqUwVk8pUMalMFd90sdZaL3Gx1lovcbHWWi/xw4epTBUnKlPFpHKiMlWcqHxTxRMqk8pUMalMFZPKHRXfpDJVTCpPqEwVJyonFd+kMlVMKlPFpHKiMlVMFZPKHRWTyt90sdZaL3Gx1lovcbHWWi9hf/A/pnJHxaQyVUwqJxV3qNxRcaLyRMUdKlPFHSpTxSepnFRMKlPFpHJSMalMFXeoTBWTylQxqTxRcYfKHRWTylTxxMVaa73ExVprvcTFWmu9xA8fpjJVPKFyUjGpPKFyUjGpTBUnFZPKicoTFZPKiconqUwVd6g8UTGpnKh8ksodFXeonFQ8oXJScYfKN12stdZLXKy11ktcrLXWS/zwkMpU8UkVn6QyVZyo3KEyVUwqU8WJyknFHRWTylRxh8pJxR0qU8UdKicVd6hMFZPKScWJyqQyVZxUTCqTyh0VT6hMFScVn3Sx1lovcbHWWi9xsdZaL/HDQxUnKt9UcUfFpDJVTBV3VHxTxYnKVDGpTBWTyh0Vk8odKicqU8UdKicVk8pU8YTKVDFVPKFyR8WJylQxqUwqU8UdKlPFExdrrfUSF2ut9RIXa631Ej/84yo+SWWqOFF5QmWq+E0qU8WkMlWcqEwqU8WkckfFpHJHxaQyVfymihOVk4o7KiaVSeUOlaliUplUpoqp4psu1lrrJS7WWuslLtZa6yV++DCVOyomlUllqphUTiomlROVqeJE5TepTBVPVNxRMalMKicVJypTxYnKScWJyh0qU8WJyhMqU8WkMqncUXGHylRxh8pJxRMXa631EhdrrfUSF2ut9RI/fFnFicpUcaIyVUwqk8qJyonKVDFVTCp3qEwVU8WJylRxonJHxaQyVUwqU8WkcofKScWJyr+kYlKZKiaVOyomlROVqWJSmSruUDmp+KSLtdZ6iYu11nqJi7XWegn7gwdUnqiYVE4qJpU7Kk5UpopJ5aTiCZU7Ku5QmSomlW+qOFGZKiaVOypOVE4qTlSeqJhUTiruUDmpmFSmiknlpOJvulhrrZe4WGutl7hYa62XsD/4IpUnKiaVk4oTlaliUjmpuENlqjhRmSqeUDmpOFGZKiaVqWJSmSruUJkqJpU7KiaVk4o7VKaKJ1ROKiaVqeJE5Y6KJ1ROKp64WGutl7hYa62XuFhrrZf44ZdVnKhMKicVJypTxaRyh8pU8YTKJ6n8TSonKk+oTBUnKicVJyonFU+oTBVTxaTyhMpUcaJyh8pJxTddrLXWS1ystdZLXKy11kv88JDKHSpTxUnFpHJHxR0VJypPqEwVJyqfVDGpTBUnKndUTCpTxaQyVZyoPKFyR8UTKicqJxV3qJyoTBUnKlPFEypTxRMXa631EhdrrfUSF2ut9RI/PFQxqUwVk8qkMlVMKneonFScqEwVU8WkclIxqUwqd1RMKlPFicqJyknFpPKbVKaKSeVEZaqYVKaKE5Wp4o6KE5VJZap4ouKkYlK5o2JS+aaLtdZ6iYu11nqJi7XWegn7gwdUPqniDpU7KiaVk4pJZaqYVE4qTlROKk5UnqiYVE4qJpWTihOVqeJEZaqYVKaKSeWJiknliYpJZaq4Q2WqmFSmiidUTiomlaniiYu11nqJi7XWeomLtdZ6iR8eqjhROamYVD6p4qRiUvmkijsqJpVJ5YmKSeWk4kTlDpVPqniiYlI5qfhNFScqT1TcoXJSMan8pou11nqJi7XWeomLtdZ6iR8eUjmpmFTuqJhUnlCZKqaKSeVE5UTlpOKkYlKZKk5UJpWp4psqJpVPUpkqpooTlaliUvmkiknlROWbVKaKSeUOlROVb7pYa62XuFhrrZe4WGutl7A/eEDlX1JxonJScYfKVDGpnFRMKk9UTCpPVJyo/KaKO1SmiknlpOJE5aTiRGWqmFSmiknlX1JxojJVfNLFWmu9xMVaa73ExVprvcQPD1U8oTJV3KEyqUwVJxV3qEwVT6hMFZPKHSp3VJyo3FFxh8pJxYnKJ1VMKlPFScWkcofKHRWTylRxojJV3KFyonKiMlU8cbHWWi9xsdZaL3Gx1lov8cMvU7lDZap4ouJE5aRiUpkqnlCZKu5QmSomlUnlpGJSuUNlqrhD5aRiUjlRmSomlanipGJSmSpOVE4qPknlDpWp4kRlqjhR+aSLtdZ6iYu11nqJi7XWeokfHlL5poo7KiaVqeIJlanikyqeqLij4kRlqphUTiruqHiiYlKZKiaVO1ROKiaVk4onVE5Unqh4QuWk4pMu1lrrJS7WWuslLtZa6yXsDx5QuaNiUvmmiknliYpJZao4UTmpmFROKiaVqWJSOamYVKaKSeU3Vdyh8kTFJ6n8TRWTyjdVTConFU9crLXWS1ystdZLXKy11kv88GUVJxWTylTxhMpU8UkVk8pU8UTFpPJExR0Vn1QxqUwVT6hMFZPKHSpTxYnKScWkMlWcqNxR8UTFpDJVTCqTylQxqXzSxVprvcTFWmu9xMVaa73ED1+mckfFpDJV3FExqdxRMalMFVPFpDJVnKhMFU+o3FExqZxUnKicVEwqU8WJylRxR8WkcqIyVdyhcqJyR8WJylQxVUwqk8odFZPKb7pYa62XuFhrrZe4WGutl/jhyyomlaliUpkqnlCZKu5QeaJiUrlD5UTljopJ5aTiDpWp4kRlqphUpooTlZOKSeWOikllqjhRmSomlZOKE5U7VKaKSWWqmFT+JRdrrfUSF2ut9RIXa631EvYHD6icVNyhclIxqUwVk8pUMamcVEwqd1T8TSonFZPKScWkMlX8TSpPVDyhckfFpPJNFScqd1RMKicV33Sx1lovcbHWWi9xsdZaL/HDQxWTyqQyVUwqU8UnVZxUnKhMFXeonFRMKndUTCpTxYnKScWkcofKJ1VMKicVd6h8UsUdFZPKExWTyknFiconqUwVT1ystdZLXKy11ktcrLXWS/zwYRWTyh0qd1RMKicVJyonKlPFScWJylRxojKpnKj8TRUnKneoTBWTyqRyUjFVnKg8oTJVnFRMKk9UTCrfVPGbLtZa6yUu1lrrJS7WWuslfvgwlanijoo7VKaKSWVSOamYVKaKSWWqmFSmiicqJpWTijtUJpV/ScWkclIxqZyo3FFxR8UTFXeoTBVTxaRyh8odKt90sdZaL3Gx1lovcbHWWi/xw0Mqn6RyUjFVTCpTxaRyojJV3KEyVZxUnKhMFVPFicpJxRMVk8onVdxRcVJxUjGpnKhMFZPKVPEvUZkqTlROKu6o+KSLtdZ6iYu11nqJi7XWegn7g1+kclLxhMpU8UkqU8WkMlVMKlPFpDJVnKh8UsUnqUwVk8odFScqU8WJyh0Vk8odFScqU8WkclJxh8pUMalMFScqU8WJylTxxMVaa73ExVprvcTFWmu9xA8fpvKEyh0VJyonFScqv6niRGWqmFSmikllqjhReaLijopJZVKZKk5UpopvqphUTlROVH6TyonKVHGiclLxSRdrrfUSF2ut9RIXa631Ej98WMWkclJxh8qkclIxqZyoTBWTyqRyojJVTConFZ9UMal8k8pUcaLySRUnFZPKVDGp3FHxRMUTKlPFVHGHyqQyVUwqU8U3Xay11ktcrLXWS1ystdZL/PCQyhMqd1TcoXKi8kkVk8pJxaTyRMWJylTxhMoTFZPKVHGiMlVMKndUnFRMKpPKVDGpTBWTyqQyVUwqU8WJyknFpHJSMalMFZPKScUTF2ut9RIXa631EhdrrfUSPzxUMalMFScqU8WJyidVTCp3VJxUTCqfpDJVTCpTxaQyVZyoTBWTylQxqXxSxaTyhMpUcUfFScVJxYnKHRUnKpPKExWTym+6WGutl7hYa62XuFhrrZf44R+nMlVMKicVk8qkcqJyonJHxaRyR8WJyonKicodKicq36QyVZyoPKHySSpTxUnFHSpTxVRxh8qkMlWcVEwqn3Sx1lovcbHWWi9xsdZaL/HDQypTxRMqU8Wk8kTFpHJSMamcVDxRcYfKJ1VMKlPFJ6k8UXGiMlWcqEwqU8WkMqk8oXJSMal8kspJxaTyL7lYa62XuFhrrZe4WGutl/jhy1SmipOKSWWquEPlCZWTikllqvgklTsqJpV/WcWJylQxqUwVJyonFScVJypTxaQyVUwqk8pU8YTKVDGpTCpTxUnFb7pYa62XuFhrrZe4WGutl/jhyyqeqHiiYlI5qThRmVSmikllqrhDZaqYVJ6omFROVKaKSWWqOKmYVE4qJpWpYlI5qZhUJpUnKu5QmSpOVO6omCpOKiaVE5WpYlL5pou11nqJi7XWeomLtdZ6CfuDL1L5pIpPUrmjYlK5o+JE5Y6KE5WTiknlX1YxqZxU3KEyVXySylRxojJVPKEyVUwqU8Wk8k0VT1ystdZLXKy11ktcrLXWS/zwyyomlanik1TuqJhUJpWp4kTlRGWqmFSmihOVJyomlaliUnmiYlKZKiaVqWJSOVGZKqaKJ1SmiqliUpkq7lCZKj5JZaqYVKaKSeWk4pMu1lrrJS7WWuslLtZa6yV+eEhlqjhRuUNlqphUpoonVE4qJpWp4gmVqeJE5ZNUTlSmiknlpOKk4g6VqWJSuUNlqjhROVGZKqaKSeWOikllqjhRmSomlf+Ti7XWeomLtdZ6iYu11noJ+4N/iMpUcaIyVTyhckfFpDJV3KFyR8WJyh0VT6hMFZPKScWkckfFpPJNFZPKScUdKr+p4kTlpOJvulhrrZe4WGutl7hYa62X+OEhlaliUpkqJpUTlZOKO1Smin9ZxaQyqUwVJxUnKicVk8pUMancoTJVTCpTxaQyVUwqd1RMKicVk8qkMlXcUTGpTBWTyh0qU8VJxR0qJxVPXKy11ktcrLXWS1ystdZL/PBlFScVd6hMKlPFpDJVTCpTxR0qJypTxaRyR8WkclIxqUwVJxVPVNyhcofKVDGpTBWTylTxTRWTyhMVd1RMKlPFHSpPVHzSxVprvcTFWmu9xMVaa73ED79M5aRiUjmpmFROVE5UpoqTiknlRGWqmFQmlaliqjhR+SSVE5UnKu6omFSeUJkqTlS+qeIOlaliUjlR+aSKE5Wp4omLtdZ6iYu11nqJi7XWegn7g/8xlTsqnlCZKiaVqWJSmSomlaliUrmj4pNUTiruULmj4kTlpOJEZao4UTmpeELliYoTlaniDpU7Kr7pYq21XuJirbVe4mKttV7ih4dUflPFJ6lMFXeo3FFxUvFExaRyR8WkMlVMKicqU8VJxaQyqTyhMlXcoTJVTCp3qJxUTCpPqNyhMlWcVEwqv+lirbVe4mKttV7iYq21XuKHD6v4JJU7KiaVSeVEZao4qZhUJpWpYlK5o2JSmVTuqJhUTlTuqLhDZar4JJVJZaqYVKaKk4pJZaqYKk5UpopJ5URlqphUTir+Ty7WWuslLtZa6yUu1lrrJX74MpU7Kp5QuaNiUnmiYlL5JJWp4g6VSeWkYlI5UfmbVE4qJpVJZao4UblD5Y6KSeWk4gmVJ1Smikllqviki7XWeomLtdZ6iYu11nqJH16uYlI5qfikiknliYpJZar4popJ5YmKSeWJikllUpkqJpVJ5aTiDpWpYlKZVKaKO1SmiqniROWkYlI5qfimi7XWeomLtdZ6iYu11nqJH/7nKj5JZap4QmWqmFSmikllUpkqJpWTiknlROWkYlKZKiaVb1K5Q+WkYlKZVKaKSeVE5aRiUpkqJpWpYlI5qbhDZaqYVO6oeOJirbVe4mKttV7iYq21XsL+4AGVqeKTVKaKE5Wp4kRlqphUnqiYVL6pYlL5TRWTylTxSSp3VEwqU8WkMlWcqJxUTCp3VEwqU8WkMlXcoTJVnKg8UfHExVprvcTFWmu9xMVaa73EDx+m8ptUpopJZaqYKu6oOFGZVKaKSWWqmFSeqDhRmSomlaniRGWqmFSmiknlpGKqOFF5ouJE5Zsq7lCZKk5U7lA5qfibLtZa6yUu1lrrJS7WWusl7A/WWusFLtZa6yUu1lrrJS7WWuslLtZa6yUu1lrrJS7WWuslLtZa6yUu1lrrJS7WWuslLtZa6yUu1lrrJS7WWuslLtZa6yUu1lrrJS7WWusl/gOlLEUUxOkvQgAAAABJRU5ErkJggg==',102,'2024-10-09 13:39:08','2024-10-09 13:39:08'),(28,'data:image/png;base64,iVBORw0KGgoAAAANSUhEUgAAATQAAAE0CAYAAACigc+fAAAAAklEQVR4AewaftIAABddSURBVO3BQW7kWhLAQFLw/a/M8TJXDxBU5d8jZIT9Yq21XuBirbVe4mKttV7iYq21XuJirbVe4mKttV7iYq21XuJirbVe4mKttV7iYq21XuJirbVe4mKttV7iYq21XuJirbVe4mKttV7iYq21XuKHh1T+UsWJylQxqXxSxYnKScWkclLxTSpTxaQyVUwqU8Wk8kkVk8pJxR0qU8WJylQxqZxU3KHySRWTyl+qeOJirbVe4mKttV7iYq21XuKHD6v4JJU7KiaVOyomlaliUjmpuKNiUrlD5aTiDpU7Kk4qTlSmikllUjmpmFSmikllqphUpooTlSdUTiomlanikyo+SeWTLtZa6yUu1lrrJS7WWuslfvgylTsq7lCZKu6omFSeqJhUpooTlaniRGWqmFQ+qeJEZao4UTlRmSruUJkqnqiYVKaKO1TuqLhDZar4JJU7Kr7pYq21XuJirbVe4mKttV7ih5dReaJiUplUpopJZar4popJ5Q6VqWJSuaPiiYo7VKaKE5Wp4kRlqpgqJpWpYlKZKk4qJpWpYqq4Q2Wq+H92sdZaL3Gx1lovcbHWWi/xw8tVTConKneoTBUnKneoTBUnFScqU8VJxaTyTSpTxaQyVUwqU8UdFXeo3FFxonJScYfKVPFmF2ut9RIXa631EhdrrfUSP3xZxV+qOKmYVKaKO1SeqLhD5aTiDpVPqrhDZao4qTipmFSmikllqphU7qiYVE4qpopJZVKZKiaVOyqeqPiXXKy11ktcrLXWS1ystdZL/PBhKv8SlaniDpWp4g6VqWJSmSomlaliUjlRmSomlaliUpkqJpUTlaniDpWpYlKZKr6pYlK5o2JSmSpOKiaVqWJSOVGZKk5U/mUXa631EhdrrfUSF2ut9RI/PFTxL1G5o2JSOVGZKr6p4g6VqWJSmSq+qeKJiknlRGWqOKmYVKaKSeWOikllqphUnlCZKiaVqeKk4v/JxVprvcTFWmu9xMVaa72E/eIBlaliUvmkihOVqWJSmSomlZOKSeWk4g6VOyruUJkqJpX/UsU3qUwVd6hMFZPKVHGiMlWcqEwVk8pUcaIyVUwqn1TxTRdrrfUSF2ut9RIXa631EvaLD1K5o+KTVE4qTlSmihOVqWJSmSomlZOKSWWqmFSmik9SOamYVKaKJ1TuqDhRmSruUPmmiknljopJ5Y6KSWWqmFROKr7pYq21XuJirbVe4mKttV7CfvGAylTxhModFZPKVDGpnFRMKicVk8pJxRMqU8UdKlPFpHJScaIyVUwqJxWTyknFicpUcaJyUnGiclIxqUwVk8pUcYfKVHGHyh0Vk8odFU9crLXWS1ystdZLXKy11kvYLx5QuaPik1Q+qWJSeaJiUjmpmFSmir+kMlVMKicVd6g8UTGpTBWTyknFicpJxTep3FExqUwVJypPVEwqU8UTF2ut9RIXa631EhdrrfUSPzxU8YTKVDGpTBV3VEwqJypTxaRyUvGEyhMqJxUnKp+kclIxVXxSxaRyUjGpTBVTxYnKVHGHyknFpDJVTCpPVEwqU8V/6WKttV7iYq21XuJirbVe4oeHVE4qJpWpYlKZKiaVqWJSmVSmihOVk4oTlTsqJpU7VKaKSeVEZaqYVCaVOyruUDmpOFE5qbij4kTlk1T+UsUdKicqU8VfulhrrZe4WGutl7hYa62XsF98kMpJxaQyVUwqU8WkMlVMKndUnKjcUXGiMlVMKicVk8pUMalMFZPKScWJyh0Vk8pU8YTKVHGi8kkVk8pUcaIyVUwqJxWfpHJScaJyUvHExVprvcTFWmu9xMVaa73ED/8YlaliUpkqJpWTijtUpopJ5Q6VJypOKu5QmSomlUllqjipOFE5UZkqJpWpYqqYVO6omFT+UsVJxaQyqUwVk8pUcUfFicpUMal80sVaa73ExVprvcTFWmu9hP3iAZWp4kTliYpJZap4QmWqmFROKu5QeaJiUvmmijtU7qiYVE4q7lCZKiaVqWJSmSpOVKaKSeWTKiaVk4pvUpkqJpWp4omLtdZ6iYu11nqJi7XWeokf/ljFpHJSMalMFXeoTBVTxaTyhMpU8UTFScUdKicVd6icVJyo3KEyVUwqU8WkckfFicpUMalMFU+onFScqEwVJypTxb/kYq21XuJirbVe4mKttV7CfvGAyknFpPJNFZPKScWk8k0Vd6icVJyofFLFEypTxR0qU8UnqUwVn6TyL6mYVKaKSeWkYlKZKr7pYq21XuJirbVe4mKttV7CfvEPUZkqJpWpYlK5o+JEZaqYVKaKSWWq+CSVT6o4UTmp+CSVqeJEZaqYVJ6omFSmihOVk4pJZaq4Q+WJiidUpopJZap44mKttV7iYq21XuJirbVe4ocvU7mjYlI5UTmpOFGZKqaKk4onVKaKE5Wp4g6VE5WpYqqYVCaVk4pJZao4UZkqTlSmihOVT1KZKiaVSeUOlZOKT1KZKiaV/9LFWmu9xMVaa73ExVprvcQPH6YyVdyhMlU8oXJScaIyVZyo3FHxSSpTxUnFicpUMVVMKlPFpHJHxR0Vk8qJylQxqdyhcqIyVZyonFRMKicqd1Q8UfGXLtZa6yUu1lrrJS7WWusl7BcPqEwVJypTxaRyUnGiMlXcoTJVnKh8UsUTKicVJypTxR0qd1RMKndUfJLKVPGEyidVnKicVNyhclIxqUwVk8pU8UkXa631EhdrrfUSF2ut9RI/fJjKVPFExYnKVHGHylQxqdxRMancofIvUTmpmComlaliUrmj4g6VJ1SmijsqJpWpYlI5UZkqTipOVKaKO1ROVP7SxVprvcTFWmu9xMVaa72E/eIBlTsqJpWpYlJ5ouIOlZOKSeWk4pNUTiomlTsqJpWp4kRlqphUpooTlaliUpkqJpWTikllqphU7qiYVE4qJpWTim9SOamYVKaKSeWk4omLtdZ6iYu11nqJi7XWegn7xQepTBUnKicVk8pUMalMFZPKVDGpTBWTylQxqZxUTCp3VNyhMlWcqNxRMamcVJyoTBUnKk9UfJPKScWJylTxSSpTxYnKVPEvuVhrrZe4WGutl7hYa62XsF98kconVXyTylRxonJSMalMFZPKScWkMlVMKv+liknlpGJSuaNiUjmpuENlqjhRmSqeUJkqJpWTiknljopJ5YmKT7pYa62XuFhrrZe4WGutl7BffJDKVDGpTBWTylQxqdxRMalMFScqn1RxojJVTCp3VEwqU8WkMlVMKlPFicpJxaTylyomlanik1SeqJhUpoq/pHJHxTddrLXWS1ystdZLXKy11kvYL/5DKt9UMalMFScqU8Wk8kTFpPJExaTySRUnKlPFHSonFXeoTBUnKp9UMalMFZPKN1XcoXJScYfKVPFJF2ut9RIXa631EhdrrfUS9osHVKaKv6QyVUwqn1QxqZxUfJLKVDGpnFScqNxRMalMFZPKVDGpTBWTylQxqdxRcaIyVXyTyknFicpUMamcVJyonFRMKlPFpDJVPHGx1lovcbHWWi9xsdZaL/HDQxWTylTxhMpUMVWcVEwqU8UdKicVJyp3VJyonFTcUTGpfFLFpDJVTCqfVHFHxaQyVUwqU8WkMlWcVEwqU8UTFZPKHRWTyonKVPFJF2ut9RIXa631EhdrrfUS9osHVKaKSWWqeELljopJ5aTiDpU7KiaVOyomlaniCZU7Kk5U7qiYVO6omFSmihOVk4onVE4qJpWp4g6VqWJSOak4Ubmj4psu1lrrJS7WWuslLtZa6yV++LKKE5VPqnhC5ZMqJpWpYlL5L1VMKicqf6nik1ROKk5UpoqTiidU7qh4QuWOiv/SxVprvcTFWmu9xMVaa73EDw9VnKhMFScVd6hMKlPFScUdKlPFpPJExYnKHSonFZPKExV3qEwqJyonFVPFScWJylTxTSonFZPKVDGp3FFxh8qJylTxTRdrrfUSF2ut9RIXa631Ej88pDJVnKjcoTJVnFScVJyoTBVTxaRyojJVnKhMFXeonFScVJyo3KEyVdxRMancoTJVTCp3qEwVk8pJxaQyVTyhMlVMKneoTBV3VPyli7XWeomLtdZ6iYu11nqJHx6qmFSmiknljoo7VKaKSeWkYlKZKqaKSeUOlROVqWJSmSomlUllqphUTiomlZOKOyqeULmjYlKZKiaVSWWqmFTuUJkq7qj4pIonVKaKb7pYa62XuFhrrZe4WGutl7Bf/CGV/1LFpDJVnKhMFZPKVPGXVO6omFT+SxV3qEwVk8pJxRMqT1ScqEwVJypTxaTyTRX/pYu11nqJi7XWeomLtdZ6iR8+TOWkYlI5qZhUpopJZaqYVKaKf4nKVDGpTBUnFZPKScWJylQxqZxUTCqTyh0Vk8pJxaRyUjGpnFScqEwqU8VUcUfFExWTylRxonJHxSddrLXWS1ystdZLXKy11kv88JDKVDGp3FExqUwVd6hMFZPKVPFExYnKVPEvU5kqTiomlZOKT6qYVO6oOKmYVE5UTiomlZOKJyomlTtUTiomlROVqeKJi7XWeomLtdZ6iYu11nqJHz5MZaq4Q2WqOFE5qZhU7lA5UZkqPknlRGWqmFSmikllqpgqTlROKk5UTiomlaniDpWp4g6VJyomlSdUTiqeqJhUpopJ5b90sdZaL3Gx1lovcbHWWi9hv3hA5aTiCZWp4ptUTiruULmj4g6Vk4pJZao4UZkqTlSmikllqvgmlZOKT1KZKiaVqeJE5aRiUpkqTlROKiaVqeJE5aTiky7WWuslLtZa6yUu1lrrJX54qGJSOVE5qZgqTlTuqDipmFSeqJhU7lC5o+Kk4o6KSeWJiknlpGJSmSomlZOKSWWqOFH5JJUnVKaKJyq+qWJSmSqeuFhrrZe4WGutl7hYa62X+OHLVKaKO1SmijsqJpWTiqliUpkqJpWp4qRiUpkqnlCZKiaVqeKk4kRlUpkqPknlDpWp4kTljopJ5YmKO1ROKqaKSeWTKiaVqeKTLtZa6yUu1lrrJS7WWusl7BcPqEwVJypTxaQyVUwqU8WJyknFpDJVPKHySRWTylQxqUwVJyonFScqd1RMKk9UTCpTxaQyVUwqU8V/SeWk4ptUpopJZar4SxdrrfUSF2ut9RIXa631Ej98mcpUcYfKVHGicofKVHGHyknFicpUMamcVJxUnKg8oXJS8UTFHSonKlPFScUnqUwVT1RMKlPFicpJxR0VJypTxSddrLXWS1ystdZLXKy11kv88FDFHSonFXeoTBWTyknFicpUMVVMKicqd1ScqEwVk8pUMVU8UXGiclIxVZyonFRMKlPFJ6lMFScVJypTxRMqU8VJxTdVfNPFWmu9xMVaa73ExVprvcQPf6xiUplUnlCZKp6omFROKk4q7lCZKqaKSWWqmFSmiknlpGJSmSpOKiaVqeKOiknlCZWTiqniDpWpYqqYVJ6ouENlqvgklZOKJy7WWuslLtZa6yUu1lrrJewXX6RyUvGEyh0VJypTxaQyVUwqJxWTylTxL1GZKk5UTiruUJkqJpWp4pNUpopJZap4QuWk4g6Vk4o7VKaKSeWk4psu1lrrJS7WWuslLtZa6yXsFw+oTBUnKlPFicpJxYnKVDGpTBWfpPJExaTylyqeUJkqJpWp4gmVk4o7VO6omFTuqJhUTiomlZOKSWWqOFE5qfgvXay11ktcrLXWS1ystdZL/PBlKicqU8VUMalMKneoTBWTylQxqZxUnFRMKlPFpPKXKu5QOamYVJ5QmSq+qeJEZVI5qThRmSruqJhUPqniDpWp4psu1lrrJS7WWuslLtZa6yXsFw+onFTcoXJSMal8UsWkMlXcofJExR0qd1RMKicVJypTxR0qU8U3qXxTxaRyUnGiMlVMKlPFHSpTxaQyVdyhclLxxMVaa73ExVprvcTFWmu9hP3iAZVPqjhROamYVKaKSeWOiknlX1IxqUwVd6hMFZPKExV3qJxUTCpTxaQyVdyhclIxqXxSxTepnFT8Sy7WWuslLtZa6yUu1lrrJX54qOJE5aTiRGWqmFS+qWJSuaPik1SmiknlROWTKu5QmVROKk4qTipOKiaVqWJSmSruqJhU7qh4QuWk4v/ZxVprvcTFWmu9xMVaa73EDw+pTBVTxaRyojJVTConKicqJxV3VEwqJyrfVHGHylQxqZyoTBWTyh0VT6jcUTFVnFRMKicVk8pJxYnKVPFExUnFicpUMancUfHExVprvcTFWmu9xMVaa72E/eI/pDJVTCpTxaQyVUwqU8WkMlWcqEwVJypTxaQyVZyoTBWTylQxqZxUPKEyVZyonFR8ksonVUwqJxUnKlPFEypTxYnKHRWTyknFN12stdZLXKy11ktcrLXWS9gvHlCZKiaVqeIJlaliUpkqTlSeqJhUPqliUjmp+CaVqeJE5Y6KSeWkYlKZKk5UTiomlaliUpkqJpU7KiaVOyomlaliUpkqJpWTijtUpoonLtZa6yUu1lrrJS7WWusl7BcfpHJHxYnKExWTyknFEypTxYnKScWkMlWcqPyXKk5UTipOVKaKSWWqOFE5qfgklaniDpVPqvh/drHWWi9xsdZaL3Gx1lovYb94QOWbKiaVqWJSOam4Q2WqmFSmiknljoo7VKaKT1KZKiaVqWJSmSqeUDmpmFROKj5J5ZMqPknljopvUpkqnrhYa62XuFhrrZe4WGutl/jhwyomlaliUjlRuaPikyomlanik1SmikllqphUTiruqJhUpoonVO6omFROKiaVE5Wp4kRlqphUTipOVKaKSWWqmFSmikllqjhRmSomlaliUpkqPulirbVe4mKttV7iYq21XsJ+8YDKVPFfUpkqJpWTiknlpGJSmSomlScqPkllqrhD5YmKSWWqmFSmiknlpGJSuaPiRGWqmFSmihOVqeJEZaqYVO6oeELlpOKTLtZa6yUu1lrrJS7WWuslfvhjKicVk8pU8S9RmSomlaliUpkqTlROKiaVJ1Smik9SOVG5o2JSmVSmiknlDpU7Ku6omFSmihOVqWJSOVG5o2KqmFS+6WKttV7iYq21XuJirbVewn7xf0xlqphUpopJZaq4Q2WqmFROKu5QOak4UZkqnlCZKu5QmSpOVL6p4g6VqWJSOak4UZkqPkllqrhD5ZMqnrhYa62XuFhrrZe4WGutl/jhIZW/VDFVnFRMKicqf0llqphUTiomlSdUPkllqjhR+aaKE5U7KiaVk4oTlaniDpVPUpkqTiomlZOKT7pYa62XuFhrrZe4WGutl/jhwyo+SeVE5ZMq7lC5o+KOihOVk4oTlZOKSeWOim+q+EsVT6icVEwqU8VJxR0qJxWfVDGpTBVPXKy11ktcrLXWS1ystdZL/PBlKndUPFExqZxU3KEyVZxU3KFyUjFVnKjcUfGEyjdV3KHySSonFZPKExWTylRxh8qJyidVTCrfdLHWWi9xsdZaL3Gx1lov8cPLqEwVJyp3VEwqU8WkckfFJ1XcoTJVTBWTylTxhMpUMalMFZPKScWkMlVMKlPFicpJxaRyojJVnKhMFScVJypTxaRyR8U3Xay11ktcrLXWS1ystdZL/PAyFZPKScWkMlVMKicqd1ScqEwVk8pJxV9SOak4qZhUpoqTikllUjlRmSpOVKaKE5Wp4qTiROVEZaqYVE4qJpWpYlI5qfimi7XWeomLtdZ6iYu11nqJH76s4psqTiruqDipmFSmiidUnqiYVKaKSWWquKNiUnlC5ZMq7lCZVKaKqeIJlScqJpU7KiaV/2cXa631EhdrrfUSF2ut9RI/fJjKX1I5qbhDZaqYVO5QmSomlaliUjmpmFSmikllqphUpopJZaq4Q2WqmComlSdUpopJ5aTiROWOihOVqWJSmVSeUJkqJpU7Kk5UpopPulhrrZe4WGutl7hYa62XsF+stdYLXKy11ktcrLXWS1ystdZLXKy11ktcrLXWS1ystdZLXKy11ktcrLXWS1ystdZLXKy11ktcrLXWS1ystdZLXKy11ktcrLXWS1ystdZL/A//CDGEyWRnOQAAAABJRU5ErkJggg==',103,'2024-10-09 13:39:53','2024-10-09 13:39:53'),(29,'data:image/png;base64,iVBORw0KGgoAAAANSUhEUgAAATQAAAE0CAYAAACigc+fAAAAAklEQVR4AewaftIAABcgSURBVO3BQY4cSRLAQDLR//8yV0c/BRCoamk24Wb2B2ut9QIPa631Eg9rrfUSD2ut9RIPa631Eg9rrfUSD2ut9RIPa631Eg9rrfUSD2ut9RIPa631Eg9rrfUSD2ut9RIPa631Eg9rrfUSD2ut9RI/fEjlb6o4UZkqTlROKiaVk4pJ5UbFN6l8omJSuVFxonJScaIyVdxQmSomlW+q+JtUblRMKn9TxSce1lrrJR7WWuslHtZa6yV++LKKb1K5UTGpTBUnFZPKScVJxQ2VT1RMFZPKScWNiknlRGWqmFROVKaKSeWk4psqJpUTlaliUpkqJpWpYlKZKr6p4ptUvulhrbVe4mGttV7iYa21XuKHX6Zyo+KbKiaVqWJSmSpOVKaKSWWqOKk4UTlRmSo+oTJV/JeoTBWTyknFjYpJZao4UbmhMlWcVEwqU8U3qdyo+E0Pa631Eg9rrfUSD2ut9RI/vIzKScWkckPlv6RiUrlRMalMFb9J5UbFpHJScUPlROX/ScWJylTx/+xhrbVe4mGttV7iYa21XuKHl6k4UZkqTlSmikllUpkqJpWTikllqphUpopJ5UbFicoNlRsVk8pUMVXcULlRMancUPkmlU9UvNnDWmu9xMNaa73Ew1prvcQPv6ziN6mcVEwVJyonKicVk8pJxUnFpDJVnFRMKpPKScWNihsq36QyVZxUnKhMFZPKpDJVTConFTdUPlHxiYr/koe11nqJh7XWeomHtdZ6iR++TOVfqphUpopJZaqYVKaKSeVGxaQyVUwqU8WkMlVMKlPFpDJVTCpTxaRyojJVfJPKVDGpTBWTylTxiYpJZaqYVKaKSWWqOKmYVE5UpooTlf+yh7XWeomHtdZ6iYe11nqJHz5U8S9V3FA5UfmEylRxQ+VE5RMqU8WkMlVMKjcqvkllqphUpoqTiknlROVvqrihcqIyVZxU/D95WGutl3hYa62XeFhrrZf44UMqU8WJylQxqZxUTCpTxVRxovJNFScqJxWTylRxonJDZaqYVKaKSWVS+ZtUpopJ5aTiRsWJyidUpopJZaq4oTKpnFRMKlPFf8nDWmu9xMNaa73Ew1prvYT9wQdUblScqEwVN1Q+UXGiMlVMKlPFDZWp4kTlpOJE5RMVJyonFTdUblRMKicVJyonFZPKVHFDZaqYVG5UfEJlqrihMlV808Naa73Ew1prvcTDWmu9hP3BL1L5lypOVE4qJpWp4hMqU8WkclJxojJVnKicVEwqU8WJyicqTlQ+UTGpfKLiEyo3KiaVqeJE5UbFf8nDWmu9xMNaa73Ew1prvYT9wRepTBWTylQxqUwVk8o3VdxQmSpOVL6pYlKZKn6Tyo2KGypTxaRyUnGiMlVMKlPFJ1SmikllqjhRmSomlanihsrfVPFND2ut9RIPa631Eg9rrfUSP/wylU+onFTcUJlUTio+UXFDZaqYVE5UflPFpDJVnKicVEwq/88qTipOVE5UTlRuVJyoTBUnKlPFb3pYa62XeFhrrZd4WGutl/jhQypTxYnKjYpJ5UTlExU3VKaKSWWqOKmYVKaKGypTxYnKVHFD5aTiExWTyo2Kk4pJ5aRiUvlExVQxqUwVk8pUcaLyL6lMFZ94WGutl3hYa62XeFhrrZewP/gilU9UTCpTxYnKVHGiMlXcUDmpmFSmihOVk4oTlaliUpkqJpWp4ptUpooTlU9UfJPKScUnVKaKSWWqOFGZKiaVk4obKjcqPvGw1lov8bDWWi/xsNZaL2F/8AGVGxWTylRxovL/rOJEZaq4oTJVTCo3KiaVqWJSmSomlRsVJyo3KiaVk4pvUpkqJpWp4obKjYobKlPFpDJVTConFZ94WGutl3hYa62XeFhrrZewP/iLVP6mihOVqWJSuVFxojJV3FCZKiaVk4pJ5UbFpPJNFZPKVPFNKlPFicpUMalMFZPKVHGi8psqTlROKiaVGxXf9LDWWi/xsNZaL/Gw1lov8cOXqZxUTConFScqU8WJyonKVDGpnKjcULlRMalMFZPKb6qYVE4qJpVJ5UTlpOJEZaqYVKaKqWJSmSomlU9UnKhMFf8lFZPKb3pYa62XeFhrrZd4WGutl7A/+CKVGxWTyknFpHJScaJyUnGiMlWcqJxUTConFX+TyjdVTConFZPKVHFDZaqYVKaKGypTxaQyVUwqU8WkMlWcqEwVJypTxYnKVHGiMlV84mGttV7iYa21XuJhrbVe4ocPqdyomFSmihOVk4pJZao4qZhUpooTlaliqphUTipOVD5RMalMFScVJyonKlPFpDKp3FC5oTJVTCpTxaQyVUwqU8WkMlVMKlPFjYoTlaniRGWq+Jce1lrrJR7WWuslHtZa6yV++McqJpUbFTdUTlSmiknlmyq+qeITFZPKVHGjYlL5poobFd+kMlV8ouKGylQxqZxUTBXfpDJV/KaHtdZ6iYe11nqJh7XWeokfPlQxqUwVJypTxQ2Vk4oTlanipOKGyicqJpWp4obKVDGpTBU3VKaKqeJEZaqYVCaVk4pJ5aRiUjmp+E0qJxWTylTxTSpTxQ2V3/Sw1lov8bDWWi/xsNZaL/HDh1ROVKaKE5WTipOKGxWTyjdVnKh8QuU3qdyomFROKqaKT1R8U8UnVKaKSWWqmComlZOKSWWqOFGZKqaKE5Wp4kTlmx7WWuslHtZa6yUe1lrrJX74y1SmikllqphU/qaKSeWk4kRlqjhROan4TRUnKjcqvqniRGWquKEyVUwqN1SmikllqrihMlV8k8p/2cNaa73Ew1prvcTDWmu9xA+/rGJSOamYVD6hcqNiUpkqbqhMFZPKScUNlZOKf0llqrhRcaNiUjmpOFE5qZhUpoqTiknlROVEZao4qTipmFRuqEwV3/Sw1lov8bDWWi/xsNZaL2F/8AGVqWJSOan4hMqNiknlmyomlanim1Smihsqn6iYVKaKSeVGxaRyUnGiMlWcqNyomFQ+UfEJlZOKGyqfqPhND2ut9RIPa631Eg9rrfUS9gdfpHJScUNlqphUpopPqEwVk8pJxYnKScU3qUwVN1RuVEwqU8WkMlVMKlPFicqNiknlpOITKjcqfpPKJypOVE4qvulhrbVe4mGttV7iYa21XuKHv0zlRsUNlaniRGWqmFROKk5UpooTlaniRGWqmComlaliUpkq/ktUpoqp4kTlEyonFZPKjYoTlZOKE5UbFScqU8VUMan8poe11nqJh7XWeomHtdZ6CfuDD6hMFScqU8WkclJxonJScUPlRsWkMlVMKlPFpHJSMalMFScqU8WJyknFb1I5qZhUpopPqNyomFSmiknlpOKGylRxojJV/CaVqeITD2ut9RIPa631Eg9rrfUS9gdfpDJVnKhMFScqU8UNlZOKSWWqmFSmihOVk4oTlaniX1L5popJ5RMVk8pUcaIyVUwqU8UnVKaKSeVGxaQyVUwqn6g4UZkqvulhrbVe4mGttV7iYa21XuKHf6xiUjmpmFSmiknlExUnFZ+omFRuqJxUTCo3KiaVk4obKicVN1QmlW9SmSpOVKaKSeWbKiaVT1ScqEwqN1Smik88rLXWSzystdZLPKy11kvYH/xFKlPFDZWpYlI5qZhUpopJZar4JpWpYlKZKk5UpooTlU9UnKhMFTdUTiomlaliUvlNFScqU8WkMlV8k8pUMalMFf9PHtZa6yUe1lrrJR7WWusl7A8+oDJV3FD5TRUnKp+ouKEyVUwqU8UnVKaKSWWqOFH5TRWTyjdVTCrfVHGi8psqJpWpYlL5TRV/08Naa73Ew1prvcTDWmu9xA9fpjJVTConFTdUpopJZaqYKiaVk4pJ5RMqU8Wk8omKGypTxVQxqUwVN1T+pYobKlPFpDJVTBWfUPmEyknFDZUbKlPFNz2stdZLPKy11ks8rLXWS/zwoYpJ5ZtUpoobFScq/2UVk8pUMal8ouKbVKaKT1RMKlPFpHKiclJxo+JE5aTiRsVJxYnKicpUcVLxLz2stdZLPKy11ks8rLXWS/zwZRXfVHFDZaqYVKaKE5VJ5UbFpDJVTCrfpDJVnKhMFZPKjYobKicqn1CZKk5UpooTlaliqphUJpX/kor/Jw9rrfUSD2ut9RIPa631Ej98SGWqmFRuqHyTyicqbqicVEwqNyo+oTJVTCqTyg2VT1RMKicVv6liUpkqvqliUpkqJpWpYlKZKk5U/p89rLXWSzystdZLPKy11kvYH3yRylQxqUwVk8pUMalMFScqn6iYVKaKE5Wp4kTlpGJSOamYVL6pYlKZKiaVqWJS+UTFpDJVfELlpOJEZaqYVE4qbqicVJyoTBWTylTxLz2stdZLPKy11ks8rLXWS/zwIZWp4obKVDGpnKicVPxNKicqU8VUMamcVEwqJxUnKicVJxWTyo2KE5VPqEwVJypTxQ2VqWJSmSomlRsqN1SmihsVk8qNim96WGutl3hYa62XeFhrrZewP/hFKlPFpHJS8QmVqWJSmSpOVG5U3FA5qfiEyt9UMalMFZPKjYp/SeVGxaQyVZyo3KiYVKaKSWWqmFSmihsqU8U3Pay11ks8rLXWSzystdZL/PAhlaniRsWJyo2KqWJSmSomlaliqvgmlaliUjlROamYKm6o/D9TmSomlZOKk4oTlZOKE5WpYlKZKk4qJpWpYlKZKm6onKhMFZ94WGutl3hYa62XeFhrrZf44ZdV3FCZKiaVqeJEZaqYVKaKSeWk4kTlhsonKiaVk4obFScqk8pUcVIxqXyTylRxQ2WquKFyo+Kk4obKicqJylRxUjGp/KaHtdZ6iYe11nqJh7XWeokfvkxlqviEylRxovIvqUwVk8pJxaRyQ2WqOFGZKqaKE5Wp4kTlpOKk4ptUTipOVKaKqeKGyg2VqeKbKk5UpoobFd/0sNZaL/Gw1lov8bDWWi/xw5dVfFPFpDJV3FCZKiaVqWJSmVQ+UTGp3KiYVG5UfKLiExWTylQxqUwVNyomlaniEyrfpHJD5aRiUpkqblScqEwVk8pU8YmHtdZ6iYe11nqJh7XWegn7gy9SmSomlZOKSWWq+ITKScUNlaniROWbKn6TylRxojJVnKhMFScqNyomlaliUjmpOFG5UTGpTBWTylRxovKJihOVk4q/6WGttV7iYa21XuJhrbVewv7gAyqfqLihMlWcqEwVk8qNihsqU8WJylQxqUwVk8pJxaTyTRUnKlPFDZWTiknlpOKGylRxonKjYlKZKk5UpooTlZOKGyo3Kr7pYa21XuJhrbVe4mGttV7ihy+r+CaVE5WpYqqYVE4qJpUTlZOKE5UTlaniRsVJxaRyUjGpfEJlqjip+CaVqWJSOVH5l1Smik9UTCo3Kv6lh7XWeomHtdZ6iYe11nqJHz5UMalMFTdUpooTlROVk4pJZaqYVE4qTlRuVJyoTBWTyknFVHGj4hMVk8pJxaQyVfymihOVGxWTyonKicpUMamcqJxUnKhMFZPKScUnHtZa6yUe1lrrJR7WWusl7A8+oHKjYlKZKiaVqWJSuVExqdyoOFH5RMWkMlVMKjcqTlSmikllqjhRmSomlaliUvmmiknlpGJSOan4JpUbFZPKVDGpfKLiRGWqmFSmik88rLXWSzystdZLPKy11kvYH3yRyicqvkllqphUTiomlZOKv0llqphUTiomlZOKSWWqmFROKiaVT1R8k8pJxaTyiYpPqNyo+ITKjYrf9LDWWi/xsNZaL/Gw1lovYX/wAZWTiknlpGJSOan4hMpUMalMFZPKScU3qUwVJypTxaQyVUwqJxUnKjcqTlRuVJyoTBU3VE4qJpUbFZPKVHGiclIxqUwVJyonFZPKScUnHtZa6yUe1lrrJR7WWuslfvhQxaQyqZxUTCpTxaRyQ+Wk4psqJpWpYlI5qThRmSpuVEwqU8WkMqncqLih8k0qn1CZKv6mihsVk8qkcqIyVUwVk8qNim96WGutl3hYa62XeFhrrZf44S+rmFSmikllqjhROan4hMpUMamcqEwVNyomlU+onKhMFZPKScWJyknF/xOVGxUnKp+ouFExqdyouKEyVXziYa21XuJhrbVe4mGttV7ihw+pnFScVEwqU8VvUrlRcVIxqUwVN1ROKiaVqeJGxScqJpWTihsqU8WkMlVMFZPKjYqTiknlExWTyknFN1WcqJxUTBW/6WGttV7iYa21XuJhrbVewv7gH1KZKiaVGxUnKlPFicpUMalMFScqn6iYVG5UnKicVEwqU8WkMlVMKlPFpHKj4kRlqrihMlVMKlPFicpJxYnKScUNlaniROWk4kRlqvjEw1prvcTDWmu9xMNaa72E/cEHVKaKE5WTihOVqeKGyo2KT6h8U8U3qZxUfJPKScWkMlVMKlPFpDJVTCo3Km6onFRMKicVJyonFZPKScWkMlVMKicVk8pU8YmHtdZ6iYe11nqJh7XWegn7gw+o3KiYVG5UTConFScqJxWTyo2KSeWbKk5Upoq/SeUTFScqNyq+SWWqOFGZKiaVk4pvUpkqTlROKv6lh7XWeomHtdZ6iYe11noJ+4MPqEwVk8qNik+o/KaKSWWqmFSmihOVqeJE5aTihsonKiaVk4pJZaq4oTJVfJPKVHFD5UbFpDJVfJPKVHFD5RMVn3hYa62XeFhrrZd4WGutl/jhL6uYVCaVGxUnFZ9QOan4hMqJyidUTipOKiaVE5WTikllqvhExQ2VqeKk4kTlpOKGyonKjYpJ5URlqrhRcaLyTQ9rrfUSD2ut9RIPa631Ej/8soqTir9JZaqYVKaKSWWqOKk4qbihMlV8QmWqmFSmihOVE5UbKp+omFSmiknlpGJSOamYVKaKk4pJZaqYVKaKSWWqmFQ+UfEvPay11ks8rLXWSzystdZL/PCXqZxUTCo3KiaVqeITFScqU8WkclIxqXxCZaqYKiaVGyrfpDJVTCpTxYnKicpU8U0qJypTxQ2VqeKkYlK5oXJScaLymx7WWuslHtZa6yUe1lrrJX74UMWNihsVJyonFX9TxaQyVZyoTBXfpPKbKm6oTBU3VKaKqWJSuaFyUnGickNlqpgqbqjcqLih8l/ysNZaL/Gw1lov8bDWWi/xw4dU/qaKqWJSmSpOVD6hckNlqviEyo2KSeWGyg2VqeJE5aTihspUcaPihspUMamcVJyonFRMFScqJypTxYnKjYpvelhrrZd4WGutl3hYa62X+OHLKr5J5UTlROVGxaRyUjGp3FCZKk5UTiq+qeJE5aTiRsWkckPlEypTxaTym1SmipOKGyo3Kj5RMalMKlPFJx7WWuslHtZa6yUe1lrrJX74ZSo3Km5UTCo3KiaVk4obFZPKDZWp4kRlqrhR8QmVb6qYVE4qJpVJ5aRiUrlRMalMFZPKVHFSMamcVNxQ+UTFScVvelhrrZd4WGutl3hYa62X+OH/nMpJxYnKJ1ROVKaKGxWTylRxojJVTBWTylQxqUwVn1A5UbmhMlWcqNyomFQmld+k8jdVnKicqNyo+MTDWmu9xMNaa73Ew1prvcQP/+cqJpUTlZOKSeWk4kRlUrlRcaNiUplUTiomlanimypOKk5UpopJZaq4UfFfUvGJiknlRGWqOFE5qZhUvulhrbVe4mGttV7iYa21XuKHX1bxX1JxovIJlanimyo+UXGj4obKVDGpfKLiRsUNlW+qmFSmihsqU8WkMlVMKjcqJpWTihsV3/Sw1lov8bDWWi/xsNZaL2F/8AGVv6liUvmmihOVqWJS+UTFDZV/qeI3qXyi4kTlmypOVE4qTlROKk5UTiomlaliUjmpmFSmim96WGutl3hYa62XeFhrrZewP1hrrRd4WGutl3hYa62XeFhrrZd4WGutl3hYa62XeFhrrZd4WGutl3hYa62XeFhrrZd4WGutl3hYa62XeFhrrZd4WGutl3hYa62XeFhrrZf4H8ihzcSuafErAAAAAElFTkSuQmCC',104,'2024-10-09 13:41:46','2024-10-09 13:41:46'),(30,'data:image/png;base64,iVBORw0KGgoAAAANSUhEUgAAATQAAAE0CAYAAACigc+fAAAAAklEQVR4AewaftIAABb1SURBVO3BQW7kWhLAQFLw/a/M8TJXDxBU5d8jZIT9Yq21XuBirbVe4mKttV7iYq21XuJirbVe4mKttV7iYq21XuJirbVe4mKttV7iYq21XuJirbVe4mKttV7iYq21XuJirbVe4mKttV7iYq21XuKHh1T+UsUdKlPFicpUMalMFScqJxWTyh0VJypPVEwqU8WJylQxqZxUTCpTxaRyUnGiMlVMKndUTConFXeofFLFpPKXKp64WGutl7hYa62XuFhrrZf44cMqPknliYpJ5ZNU7qg4qThRmVSmiqniDpVJ5Q6VJyruUJkqnqg4qZhUTlSeUJkq7qj4pIpPUvmki7XWeomLtdZ6iYu11nqJH75M5Y6KO1Smik9S+ZdUTCqTylQxqUwVd1ScVEwqk8pUMalMFVPFJ6mcVNxRcYfKScVJxaQyqUwVn6RyR8U3Xay11ktcrLXWS1ystdZL/PAyKlPFHRWfpHKiMlVMKicVT6hMFZPKpDJVTCpTxR0Vd6icVEwqU8WkMqlMFVPFpDJVTCpTxR0qU8VUcYfKVPH/7GKttV7iYq21XuJirbVe4of1iMpUcaLyRMWJylTxRMWJyonKN1VMKicVk8pUcYfKHRUnKlPFVHGiclLxZhdrrfUSF2ut9RIXa631Ej98WcVfqjipmFTuULmjYlKZKu5QmSpOVO5QOak4qbhDZaqYVKaKO1SmijtUpoqp4kTlpOJE5aRiqphUTiqeqPiXXKy11ktcrLXWS1ystdZL/PBhKv8SlaniDpWpYlI5UZkqJpWp4qRiUpkqJpWpYlKZKiaVJ1Smik9SmSomlW9SmSpOKiaVqWJSmSomlaniDpWp4kTlX3ax1lovcbHWWi9xsdZaL/HDQxX/sopJ5UTlROWTKiaVb1KZKu5QuaPiDpUTlU+qmFSmijtUpoqTipOKO1Smiknljor/JxdrrfUSF2ut9RIXa631EvaLB1Smiknlkyo+SeWOihOVqWJSmSomlTsqJpVvqphUPqliUpkqTlTuqLhD5Y6KSWWqOFE5qZhUpooTlaliUvmkim+6WGutl7hYa62XuFhrrZewXzygMlVMKlPFicpUMamcVJyo3FExqUwVd6hMFScqJxX/MpWTikllqphUTiomlaliUpkqnlA5qThR+ZdUTCpTxaRyR8UnXay11ktcrLXWS1ystdZL2C8eUJkqTlT+UsWkclIxqdxR8UkqJxV3qDxRcaIyVUwqJxWTyknFpHJScaJyUnGHyknFicpUcaIyVZyoTBWTylQxqUwVk8odFU9crLXWS1ystdZLXKy11kv88FDFpDJVTBXfpHJHxaQyVdyhMlVMKlPFpHJScaLyRMWk8l+qmFQmlaliUplUpoqTikllqphUpoonKk5UpopJ5YmKSeVE5aTimy7WWuslLtZa6yUu1lrrJewXH6RyUjGp3FExqdxR8YTKVDGpnFScqNxRcaJyUjGpnFScqJxUTCpTxaQyVTyhclIxqdxRcaJyUjGpnFRMKicVk8pUcYfKVHGHylTxxMVaa73ExVprvcTFWmu9hP3iAZWTiknlpOIJlaniROWTKiaVT6qYVE4qnlB5ouJE5Y6KE5WTik9SOam4Q2WqmFSmihOVk4o7VE4qJpWpYlKZKp64WGutl7hYa62XuFhrrZf44cMqJpWpYlI5UTmpmComlaliqphUTiq+qWJSmVROKiaVk4qTihOVE5WTihOVOyomlTtUnqh4omJSmSomlZOKE5UnKu5Q+aaLtdZ6iYu11nqJi7XWeokfPkzlCZWpYlI5UTlROamYVO5QmSomlROVOyomlZOKT6qYVKaKJypOVKaKqWJSuaNiUnlC5aTiRGWqmFQmlTsqJpVPqphUPulirbVe4mKttV7iYq21XuKHD6s4UblDZaqYVKaKE5Wp4g6VqWKqmFSmiknljoqTikllUrmj4o6KSWWqmFROKiaVqeKJiknljooTlTtUTipOKiaVk4qTiv8nF2ut9RIXa631EhdrrfUSP3yYylTxRMWkMlU8oTJVTBWTyonKHRUnKp9UMalMFXeofFLFHSpTxaQyVUwqd1ScqNxRMamcqEwVJxUnKlPFicpJxX/pYq21XuJirbVe4mKttV7ihy9TmSomlROVqWJSmSruqJhUpooTlZOKSWWquEPlpOJE5UTliYoTlaliUpkqTipOKk4qJpU7VKaKSeVE5Y6KE5U7Kp6oeKLiky7WWuslLtZa6yUu1lrrJewXH6TyRMWJyhMVk8pUcYfKHRWTyknFiconVUwqJxVPqEwVk8pJxaQyVUwqJxWTylQxqUwVk8pJxaQyVUwqU8WJyhMVT6hMFZPKVPHExVprvcTFWmu9xMVaa73ED/+xihOVqWJSOan4L1XcUXFHxR0qJyonFScqJxVPVEwqJypTxYnKVPFExYnKVHFSMamcVHySylQxqfyXLtZa6yUu1lrrJS7WWuslfviwijtUTiomlaniROWkYlKZKu6oOFGZKk5UpooTlanipOJEZVKZKk4qJpU7KiaVk4pJ5URlqphUpooTlSdUpopJZaqYVE5U7qh4ouIvXay11ktcrLXWS1ystdZL/PCQyknFpDJVnKicqEwVJxWfVHGi8kTFpPJExRMVd6icVEwqJxWTyknFScWkMlWcVEwqU8WkclIxqUwVk8qJylRxh8onqUwVn3Sx1lovcbHWWi9xsdZaL/HDQxWTyh0qJxUnKicVJyp/qWJSOan4SyonKicVk8pUMancoTJV3KFyUvFNFZPKpPJJFScqU8UdKicqf+lirbVe4mKttV7iYq21XsJ+8R9SuaNiUjmpmFSmikllqjhROamYVO6o+CSVk4onVKaKSWWqOFG5o+JEZaqYVKaKSeWk4pNU7qj4JJWTikllqphUTiqeuFhrrZe4WGutl7hYa62XsF88oDJVTCpPVJyoTBV/SWWqmFSmikllqphUpooTlZOKO1SmiknljooTlaliUpkqJpU7Kr5J5aTiRGWqmFSmijtUpooTlaniX3Kx1lovcbHWWi9xsdZaL2G/eEDlpOIOlU+qmFT+n1VMKlPFicq/rGJSmSruUDmpmFSmikllqvhLKlPFpHJSMancUTGpPFHxSRdrrfUSF2ut9RIXa631Ej98WMWJyknFHSpTxSdV3KFyR8WkMlVMKlPFpDJVnFRMKndUnKicVEwqJyonFScVJxUnFScqJxUnKk9UPFHxTRXfdLHWWi9xsdZaL3Gx1lov8cOXqdyh8oTKHRUnKlPFpDJVTCpPqJyonKicqNxRcaIyVXxSxaRyh8odFZPKScWkcqLySSonFVPFicpJxR0qU8UnXay11ktcrLXWS1ystdZL2C8eUJkqTlSmijtUpopJ5YmKO1ROKk5UpoonVE4q7lA5qbhDZaqYVKaKO1ROKiaVqeIJlZOKE5WTihOVqWJSOak4UTmpmFSmikllqnjiYq21XuJirbVe4mKttV7ih4cqJpU7VKaKSWWqOKmYVKaKSeUOlZOKSeUOlTsqpoonVKaKSeVE5aRiUpkqJpWp4qTiROUOlZOKqeJEZao4qZhUpoonKiaVOyomlROVqeKTLtZa6yUu1lrrJS7WWuslfnhIZaqYVE4qTio+SWWqmFROKiaVOyq+SWWquKPiiYpJZVJ5QmWqmFROKk5UpopvUpkqJpWp4qTipGJSOak4Ubmj4psu1lrrJS7WWuslLtZa6yV++LKKE5VPqniiYlK5Q+UOlaliUpkqTiomlZOKSWWqOFH5SxUnFZPKN6lMFScVT6j8JZU7Kv5LF2ut9RIXa631EhdrrfUSPzxUcaIyVZxU3KEyqUwVk8qkclJxUjGpnKhMFZPKEyonFZPKVDGp3FFxh8qkcqIyVUwqd6hMFZPKVPFNKicVd6hMFZPKVHGHyonKVPFNF2ut9RIXa631EhdrrfUSP3yYylQxqdyhMlU8UfGEylTxTRWTylRxh8odFZPKHSpTxR0Vk8qkMlVMKneoTBWTylQxqZxUTCpTxYnKScVU8YTKVHFHxV+6WGutl7hYa62XuFhrrZf44ctUnqi4o2JSmSpOVO5QeULljoonKiaVSeWkYlI5qfikik+qOFGZKiaVqWJSuUNlqrhDZap4ouIJlanimy7WWuslLtZa6yUu1lrrJewXD6j8SyomlW+qmFSmijtUnqh4QuW/VPFJKicVk8odFZPKHRUnKlPFpHJSMal8U8V/6WKttV7iYq21XuJirbVewn7xgMpJxTepPFExqXxSxRMqU8WkMlWcqEwVd6hMFZPKVHGi8kTFicpUcYfKVPGEyknFX1KZKiaVqeJE5aTimy7WWuslLtZa6yUu1lrrJewXD6hMFU+onFScqJxUTCp3VEwqU8WJylQxqUwVk8pUMancUXGiMlX8JZWp4gmVqWJSmSomlaniROWk4kRlqjhROam4Q+WOikllqvimi7XWeomLtdZ6iYu11noJ+8UXqZxUPKEyVdyhckfFicodFZPKScUTKlPFEypTxR0qU8WJylQxqUwVk8pU8YTKVDGpTBWTylRxh8onVZyoTBWTyknFN12stdZLXKy11ktcrLXWS9gvHlB5omJSOam4Q2WquENlqphU7qh4QuWOikllqjhRmSpOVKaKSWWq+CaVk4pPUpkqJpWp4g6VqWJSmSomlTsqJpWTikllqvimi7XWeomLtdZ6iYu11nqJHz6s4kTljooTlSdUpoqp4qTiROWTKu5QeaJiUjmpOKmYVJ6omFSmihOVqeIOlSdUTipOVKaKk4pJZao4qZhUnlCZKp64WGutl7hYa62XuFhrrZewX3yRylRxh8pUMalMFX9JZaqYVKaKSWWqmFT+UsUTKlPFpHJSMal8UsUdKlPFHSp3VEwqU8WJylQxqdxRcaIyVUwqJxWfdLHWWi9xsdZaL3Gx1lovYb94QOWk4g6VqWJSmSomlZOKE5WpYlK5o2JSOal4QuWkYlK5o+IOlaliUvmmiidUpopJ5YmKSeWbKk5UpopJZaqYVKaKv3Sx1lovcbHWWi9xsdZaL2G/+CKVk4oTlaliUrmj4pNUTiomlaniRGWquEPlkypOVKaKSeWk4ptUTipOVKaKSeWkYlKZKiaVk4onVKaKSeWk4kRlqvimi7XWeomLtdZ6iYu11nqJHx5SmSqmijtUpopJ5aRiUplUpooTlTsqTipOVO5QmSpOKj5JZao4qZhU7lC5o2KqmFTuqDipOFE5UZkqJpUTlZOKOyomlU9SmSqeuFhrrZe4WGutl7hYa62X+OHLVE4qTlROKu6oeKJiUplUpopJ5aTijoo7VD6pYlKZKr6p4kRlqjhROal4omJSmSqeqHhC5f/ZxVprvcTFWmu9xMVaa73EDw9VTCpTxaQyqZxU/JcqJpWp4omKSWWq+KaKE5UTlanik1SmikllqpgqTipOVE5UTiqeUJkqTlSmikllqrhD5UTljopPulhrrZe4WGutl7hYa62XsF88oDJVfJLKScWk8kTFpHJSMalMFScqU8UdKndUTConFZPKHRUnKlPFpDJVnKicVNyhckfFicpJxYnKVHGHyknFN6lMFZ90sdZaL3Gx1lovcbHWWi/xw5epTBWTyknFHRWTylQxqdxRMalMFU+oTBWTyidVPFFxh8odFZPKVPFNFU+oTBUnKlPFVHGiMlX8Syq+6WKttV7iYq21XuJirbVewn7xh1T+SxWTyknFHSpTxaQyVfwllaliUvmkihOVOyo+SeWTKr5JZaq4Q+WOikllqjhRuaPiiYu11nqJi7XWeomLtdZ6iR8eUpkqTipOVKaKJ1TuqJhUpopJ5f9JxUnFpPKEyiepnFRMKlPFScWJyh0qd1RMKlPFExV3qNyhMlX8pYu11nqJi7XWeomLtdZ6iR8+TOWk4g6VqeIJlanim1SmihOVqWJSmSpOVD6pYlKZKj5J5aTipOKkYlKZKk4qTipOVCaVE5WTijtUTiomlTtUpopvulhrrZe4WGutl7hYa62XsF88oHJS8UkqU8WkclIxqUwVJyqfVHGiclIxqZxUTCpTxaRyUnGiMlWcqNxRMancUfFJKndUPKEyVdyhMlXcoTJVTCp3VDxxsdZaL3Gx1lovcbHWWi/xw4dV3KHyTRWTylRxovJExaQyqdxRcUfFpHKiclIxqZxUTConFU9UnKhMKp9UMalMFU+o3KFyUnGicofKScU3Xay11ktcrLXWS1ystdZL2C8eUDmpmFTuqJhUTiomlaniDpU7Kk5Upoo7VKaKb1KZKu5QOak4UZkqTlSmihOVJyruUJkqTlSeqJhUpoo7VE4qJpWpYlKZKp64WGutl7hYa62XuFhrrZewXzyg8kTFicpfqrhDZao4UZkqvknlmyomlaniROWkYlKZKk5UpooTlZOKO1SmiknljopJ5f9JxTddrLXWS1ystdZLXKy11kvYL75I5YmKSeWk4gmVJyomlZOKSWWq+JepTBWTyh0Vn6RyUnGiMlWcqDxRMamcVNyhclIxqUwVn6QyVTxxsdZaL3Gx1lovcbHWWi9hv3hAZaqYVKaKSeWOihOVqeIOlaliUpkqvknljoonVE4q7lD5poo7VKaKJ1ROKu5QuaPiRGWqmFSeqJhUpopJZar4pIu11nqJi7XWeomLtdZ6iR++rOKk4g6VJ1ROKiaVqWJSuaPikypOVKaKSeWkYlKZKiaVOyomlaniDpWTikllqrij4kTlpGKqmFSmiknlpGJSOak4UTmpmFT+0sVaa73ExVprvcTFWmu9hP3iAZWp4kTlpGJS+S9VnKicVEwqU8WkMlXcofJJFZPKv6TiROWkYlKZKk5UpopvUnmiYlL5pIoTlaniky7WWuslLtZa6yUu1lrrJewX/8dUpopJZaqYVKaKSWWqmFSeqJhUpopJZaqYVKaKSWWqmFROKiaVqeIOlaniRGWqmFS+qWJS+aSKSWWq+CSVqeIOlU+qeOJirbVe4mKttV7iYq21XuKHh1T+UsVUMancUTGpTBWTyknFicpJxaRyojJVTCp3VEwqk8odKlPFicodKndUnKhMFZPKVHGiclIxqUwVk8pUMal8kspUcVIxqZxUfNLFWmu9xMVaa73ExVprvcQPH1bxSSonKp9UcVIxqZyoPFExqdxRcaIyVXxSxTdVnKhMKlPFVHFScUfFicpUMalMFScVd6icVHxSxaQyVTxxsdZaL3Gx1lovcbHWWi/xw5ep3FHxRMUdKk9UTCpTxaRyonJS8YTKN6n8SyruUJkqJpU7KiaVqeKkYlKZKu5QOVH5pIpJ5Zsu1lrrJS7WWuslLtZa6yV+eBmVJyomlaliUpkqJpWp4qTiRGWqOFGZKp6omFSmijtUTiruULmjYqo4qXiiYlKZKiaVqeJEZao4qThRmSomlTsqvulirbVe4mKttV7iYq21XuKHl6mYVE4q7lB5QmWquKNiUpkqpopvqphUTiqmihOVqWJSmSomlaniRGWqOFE5qZhU7qiYVKaKE5WpYlI5qZhUpopJ5aTimy7WWuslLtZa6yUu1lrrJX74sopvqnhC5aTiROWkYlK5Q2WquENlqphU/iUqd1RMKicqU8UTFZPKEyqfVDGpTBWTyv+zi7XWeomLtdZ6iYu11nqJHz5M5S+p3FExqUwVJyonKlPFJ6mcqNxRcaIyqUwVd6hMFVPFpHJHxaTyTSpTxaQyVZyoTBWTyqRyojJVTCpTxaRyR8WJylTxSRdrrfUSF2ut9RIXa631EvaLtdZ6gYu11nqJi7XWeomLtdZ6iYu11nqJi7XWeomLtdZ6iYu11nqJi7XWeomLtdZ6iYu11nqJi7XWeomLtdZ6iYu11nqJi7XWeomLtdZ6if8BhsjGhhqXHOcAAAAASUVORK5CYII=',106,'2024-10-11 11:01:07','2024-10-11 11:01:07'),(31,'data:image/png;base64,iVBORw0KGgoAAAANSUhEUgAAATQAAAE0CAYAAACigc+fAAAAAklEQVR4AewaftIAABcrSURBVO3BQW7s2pLAQFLw/rfM9jBHBxBU5Xe/OiPsF2ut9QIXa631EhdrrfUSF2ut9RIXa631EhdrrfUSF2ut9RIXa631EhdrrfUSF2ut9RIXa631EhdrrfUSF2ut9RIXa631EhdrrfUSF2ut9RI/PKTylypOVKaKSeWJijtUTiomlTsq7lCZKiaVqWJSmSomlaniROWkYlKZKk5Upoo7VKaKE5WpYlI5qbhDZaqYVO6omFT+UsUTF2ut9RIXa631EhdrrfUSP3xYxSep3FExqTxRMalMFScV36TyTSp3VDxRcYfKVHGickfFpDJVnKg8oTJVnKhMFZ9U8Ukqn3Sx1lovcbHWWi9xsdZaL/HDl6ncUXGHyknFpDJVTCp3qJxUPFFxojJVTConKndUnKhMFXeoTBVTxR0VJypPqEwVd6icVJxUnKhMFZ+kckfFN12stdZLXKy11ktcrLXWS/zwMhUnFScVk8pJxYnKN1VMKicVk8pUMancUfFExR0qU8WJylQxqUwqJxWTylQxqUwVd6hMFScVJypTxf+yi7XWeomLtdZ6iYu11nqJH15GZaqYVKaKJ1ROKu5QmVROKqaKE5Wp4qRiUvkmlTsqTlSmikllqrhD5Y6KE5WpYqq4Q2WqeLOLtdZ6iYu11nqJi7XWeokfvqziL1V8UsU3qfxLVJ6ouENlqphUpooTlaniCZWTihOVk4oTlZOKSeWOiicq/iUXa631EhdrrfUSF2ut9RI/fJjKv0RlqphUpopJZaqYVKaKSWWqOKmYVKaKSWWqmFSmikllqphUpopJ5URlqvgklaliUpkqnqiYVKaKk4pJZaqYVKaKSWWqmFROVKaKE5V/2cVaa73ExVprvcTFWmu9xA8PVfwvq5hU7qh4ouKk4qRiUpkqJpWp4psqPknlRGWqOKmYVKaKk4pJZaqYVKaKk4o7VKaKJyr+l1ystdZLXKy11ktcrLXWS9gvHlCZKiaVT6o4UflLFZPKVHGiMlWcqEwVd6j8L6n4JJWp4gmVk4oTlaliUjmpeEJlqphUPqnimy7WWuslLtZa6yUu1lrrJewXD6hMFZPKExWTyknFpDJVnKhMFZPKVHGHylRxonJSMalMFZ+kclIxqdxRcaJyR8WJylRxh8r/ZxWTyh0Vn3Sx1lovcbHWWi9xsdZaL2G/+CCVqWJSeaJiUpkqPkllqjhRmSomlaliUrmj4kTlpGJSOak4UZkqJpWpYlK5o+JEZao4UTmpmFSmikllqphUpopJZao4UTmpmFSmikllqnhC5aTiiYu11nqJi7XWeomLtdZ6iR8eUpkqJpWTikllqjipmFSmiknlpOKTVKaKSeWk4pMqJpWpYlL5L1VMKpPKVHGiMlWcVEwqU8WkMlVMKlPFEyonFZPKicpUMak8UfFNF2ut9RIXa631EhdrrfUS9osHVO6omFSmiknlpGJSmSruUDmpmFROKp5QmSomlZOKSWWqmFROKk5UvqniCZWTiknljoo7VKaKE5Wp4gmVk4oTlaliUpkqJpWp4omLtdZ6iYu11nqJi7XWeokfvqxiUpkqJpWp4kTlRGWqmFSmikllUjmpmFROKu5QeaLipGJSeaLiRGWqmFTuUDmpuKPiRGVSmSomlaliUpkq7lCZKiaVqeJE5YmKv3Sx1lovcbHWWi9xsdZaL/HDQxUnKlPFHSpTxUnFpHJSMamcVEwqJxWTyqQyVZxUTCp3qEwVJxVPqJxUTCpPVEwqd6g8UfFJKlPFpDJVnFRMKk9UnKj8pYu11nqJi7XWeomLtdZ6iR8eUnlC5aTipGJSOVE5qZhUJpWp4o6Kv6QyVfylim9SmSqmiknljopJ5YmKSWWquKNiUvmXVJyofNLFWmu9xMVaa73ExVprvcQPD1VMKp+kclIxVZyoTBWfpHJS8YTKHRWTyh0Vd1RMKlPFpDJVTCqTylTxRMWkckfFicpUMVWcqNxRMamcVJyoTBUnKlPFX7pYa62XuFhrrZe4WGutl7BffJHKVDGpnFScqEwVd6hMFScqU8WJylQxqUwVT6icVEwqU8UTKicVk8onVUwqU8WkclJxh8odFZPKVHGiMlXcofJJFZPKVDGpTBVPXKy11ktcrLXWS1ystdZL2C8+SGWqmFSeqDhROamYVKaKO1ROKiaVT6o4UflLFScqU8UdKlPFJ6lMFScqU8WkMlU8ofJJFXeoTBWTyknFN12stdZLXKy11ktcrLXWS/zwj6m4Q2WqmFQ+SWWqmFQmlaniRGWqOFH5pIpJ5aTijopJZaqYVKaKE5WpYlI5qZhUpooTlaliUpkqTlSmijtUTlROKqaKk4pJ5URlqnjiYq21XuJirbVe4mKttV7ih4dUpopJ5aTiRGWqmComlanikyomlZOKSWWqmComlanipOJE5UTlpOJE5aTiCZWp4kRlqjhRmSruqDipmFSeUDmp+CSVqWJS+S9drLXWS1ystdZLXKy11kv88FDFScWJylQxVXySylQxqUwV36TyRMWkMlWcVJyoTCpTxUnFpHJHxR0Vk8qJylQxqUwVJypTxaRyUjGpnFRMKicqd1Q8UfGXLtZa6yUu1lrrJS7WWuslfnhI5aRiUrlD5aRiqphUpoo7VKaKqWJSmVTuqDhRmSqmikllqnii4g6Vk4pJ5Y6Kk4qTikllqrij4gmVE5Wp4kRlqrhD5ZNUpopPulhrrZe4WGutl7hYa62X+OGhik9SmSomlUllqpgqTlSmik+q+CaVv6RyUjGpTBWTyh0Vd6jcUXFHxR0Vk8o3VZyoTBV3qJyo/KWLtdZ6iYu11nqJi7XWegn7xQMqU8UdKndUnKhMFScqJxWTyknFicpUMancUXGickfFpDJVnKhMFZPKVHGiclJxonJSMalMFZPKScUnqdxR8UkqJxWTylQxqZxUPHGx1lovcbHWWi9xsdZaL/HDP65iUpkqpoo7KiaVSeVfUjGpTBVTxTepnKhMFScqU8WJyidVnFScqEwVk8pUcUfFJ6lMFVPFpHJScVLxTRdrrfUSF2ut9RIXa631EvaLB1SmiidUPqniRGWqOFGZKiaVv1Rxh8pJxaTylyomlZOKE5WTikllqphUpopJZar4JpW/VDGpPFHxSRdrrfUSF2ut9RIXa631Ej88VDGp3FExVdyhcofKExWTyh0Vk8pJxaQyqZxUnFQ8UXGiclIxqZxUfFPFpDJVnFScqHxSxRMqU8U3VXzTxVprvcTFWmu9xMVaa72E/eKDVKaKJ1TuqPhLKk9UTConFScqT1RMKlPFicpUcYfKHRUnKlPFEyp3VNyhckfFpHJScYfKScUdKlPFJ12stdZLXKy11ktcrLXWS9gvHlCZKu5QmSpOVKaKSWWqmFSeqJhUpoo7VKaKE5WpYlI5qThRuaPiDpWpYlKZKu5QuaNiUpkqPkllqphUTipOVKaKSeWk4kTlpGJSmSomlaniiYu11nqJi7XWeomLtdZ6iR8eqphUnlA5qbhD5aTiDpU7VO5QOamYVD6pYlK5Q+WkYlKZKiaVqeKk4ptUpopJZap4omJSmSqeqJhU7qiYVE5UpopPulhrrZe4WGutl7hYa62X+OEhlanim1SmipOKO1SmiqliUrmj4i9V3KHyRMWkMqk8oTJVTConFZPKicpUcVJxh8pUMalMFScVJxWTyknFicodFd90sdZaL3Gx1lovcbHWWi9hv3hAZaqYVP5SxYnKVHGi8pcqTlROKj5J5S9VTCpTxR0qT1ScqJxUPKHySRWTyidV/Jcu1lrrJS7WWuslLtZa6yV+eKjipOJEZaq4Q2VSmSpOVKaKqWJSOamYVE4qJpWp4pNUpopJ5YmKO1QmlROVqWJSOamYVD6p4gmVk4o7VO6ouEPlRGWq+KaLtdZ6iYu11nqJi7XWeokfPkxlqphU7lCZKu5QmSomlROVqeJE5ZsqJpUTlanipOJE5Q6VqeKOikllUpkqJpWTijtUpopJ5aRiUpkqTlROKqaKSeUOlanijopJ5aTiiYu11nqJi7XWeomLtdZ6iR/+cRV3VEwqk8qJylTxSRVPqEwVk8qJylQxqZxUTConFZ9UcUfFicpJxYnKVDGp3KEyVdyhMlU8UfGEylQxqXzSxVprvcTFWmu9xMVaa72E/eIBlX9JxaRyUnGiMlWcqEwVd6g8UTGp/C+p+CaVqeIJlScqTlSmiknlpOJE5ZMqTlROKp64WGutl7hYa62XuFhrrZewX3yRylQxqUwVd6g8UfGEyknFEypTxaRyR8WkMlWcqEwVk8pUcaLyRMWkclIxqZxUTConFScqJxXfpDJVnKhMFScqJxXfdLHWWi9xsdZaL3Gx1lov8cNDKlPFEyrfVHGiclIxVdyhMlWcVEwqU8WkMlU8oTJVnFRMKlPFVHGiMlWcVEwqk8pJxUnFpHKiclJxojJVnKh8k8pJxaRyojJVPHGx1lovcbHWWi9xsdZaL/HDQxV3qEwV/yWVqeJE5aRiUnlCZaq4Q+Wk4qTiROUJlaliqphUpopJ5Y6KO1SeqJhUpoqp4kRlqvikikllqphU7qj4pIu11nqJi7XWeomLtdZ6CfvFAyonFXeonFTcoTJVTCp3VNyhMlVMKicVk8pUcaJyUnGiMlWcqEwVk8pU8U0qJxV3qEwVk8pUMalMFXeoTBWTylRxh8pU8YTKScUnXay11ktcrLXWS1ystdZL/PBhFZPKVDGpnFScqNyh8oTKVHFSMak8UXGi8kkVk8oTFZPKExV3VPxLVE4qTlSmikllqphUpooTlanijopJZap44mKttV7iYq21XuJirbVe4oeHKiaVqeKOikllqrij4kRlqvgklaliUrlDZar4SxUnKk9UTConKlPFicpUcaIyVZxUTCp3VEwqU8WJyhMqU8VU8YTKVPFJF2ut9RIXa631EhdrrfUSP3xYxYnKHRWTylRxh8qJylQxqUwVk8pUMalMFZPKScVJxYnKicpJxRMqU8VfqvgmlZOKE5UTlZOKOyomlROVqWJSmSr+0sVaa73ExVprvcTFWmu9hP3ig1ROKu5QmSomlZOKSWWquEPljooTlaniCZWTihOVk4pJ5aTiL6k8UXGi8kkVJyonFXeonFRMKlPFHSpTxTddrLXWS1ystdZLXKy11kv88GEVk8qkclIxVUwqU8WJyhMqU8WkMlWcqEwVT6h8UsUdFXeoTBV3qJxUTCpTxaRyR8WkMlVMKlPFicpUMamcqJxUTConFZPKJ6lMFU9crLXWS1ystdZLXKy11kv88JDKHRWTyqRyUjGpTBUnFScqT6g8oXJSMVXcoTJVTConFZPKVDGpTBWTylQxqZxUTCpPqJxU3FExqUwVU8UTFZPKpHKiclJxh8pfulhrrZe4WGutl7hYa62X+OGhim+qmFROVO5QmSo+qWJSOamYVO5QuUNlqphUTiomlROVE5WTikllqrij4kTlDpWp4pMqPqniDpVPqviki7XWeomLtdZ6iYu11noJ+8U/TOWkYlKZKiaVJypOVKaKE5VvqjhROal4QuWOiidUTiruULmj4kTlpOJEZaqYVD6pYlKZKiaVOyo+6WKttV7iYq21XuJirbVe4ocPUzmpuKNiUnmiYlK5Q+WkYlKZKk4qTlSmiknljoo7VKaKSWWqmFSeUJkqvqniCZWTikllqpgqTiomlTsqJpWp4qRiUpkqvulirbVe4mKttV7iYq21XsJ+8UEqU8Wk8l+qmFROKiaVT6qYVE4qTlSmikllqphUPqniRGWq+Esqn1RxonJSMamcVEwqU8Wk8kkVJyp3VDxxsdZaL3Gx1lovcbHWWi9hv3hAZaq4Q+Wk4gmVqWJSmSomlaliUrmjYlKZKiaVJyqeUJkqTlROKp5QOamYVKaKSWWqOFE5qZhUTiruUJkqvknljor/0sVaa73ExVprvcTFWmu9xA8fpnJScYfKVDGpTBUnKt9UMamcVEwqU8WkclJxovJNFScqd1ScVJxUnFRMKlPFScVJxRMqU8UnqUwVd1ScqEwV33Sx1lovcbHWWi9xsdZaL2G/+CCVqWJSmSruUPmmihOVqeIOlZOKSeWkYlKZKk5UpopJ5aTiRGWqmFSmihOVqWJSuaPik1SeqDhRmSqeUDmpOFE5qZhUTiqeuFhrrZe4WGutl7hYa62XsF88oDJVTConFZPKScWJyknFpHJHxYnKScWk8kTFpDJVTCqfVDGpTBWTyh0Vn6TyTRWTyh0Vk8pUcYfKScWJyh0V/6WLtdZ6iYu11nqJi7XWeokfvqziRGWqOFH5pIpJZaqYVKaKk4pJ5YmKSWWqOKm4Q+WOiknlpOJE5aRiUpkqpopJ5ZNUpopJZaqYVKaKSWWqmFSmiknlRGWqmFROVKaKE5Wp4omLtdZ6iYu11nqJi7XWegn7xRepnFScqJxUnKjcUXGHylRxh8pUMamcVJyofFLFicpUcaJyUnGiMlVMKlPFicoTFXeoTBV3qHxSxYnKScWkMlV808Vaa73ExVprvcTFWmu9hP3ii1SeqJhUpopJZar4JJU7Kj5J5aTiL6lMFZPKHRUnKicVk8pJxYnKExWTyh0Vk8pUcYfKHRXfpDJVPHGx1lovcbHWWi9xsdZaL2G/eEBlqphUpopJ5Zsq7lC5o2JSmSomlaliUpkqTlROKv5LKp9UMalMFScqU8UTKlPFJ6mcVJyoTBWTylRxojJVTCpTxaQyVXzSxVprvcTFWmu9xMVaa73ED19WcVJxh8pUMamcqJxU3KEyVUwqU8Wk8kkVd6hMFZPKScWkckfFpDJVTCpTxaRyUjGpTBV3VJyonFTcUTGpnFRMKicqU8UdFZPKX7pYa62XuFhrrZe4WGutl7BfPKAyVZyonFRMKlPFicpJxYnKScWkclIxqZxU3KHyTRWTyr+k4kTlpGJSmSpOVKaKSWWq+CSVOyomlU+qOFGZKj7pYq21XuJirbVe4mKttV7CfvE/TGWqmFSeqJhU7qg4UZkqJpVvqphUTiomlaniDpWp4g6Vv1QxqUwVJyonFZPKVPFJKlPFHSqfVPHExVprvcTFWmu9xMVaa73EDw+p/KWKqWJSmSqeUJkqnlD5popJ5Y6KSWVSuUNlqjhR+aaKE5WpYlKZKp6omFSmihOVb1KZKk4qJpWTik+6WGutl7hYa62XuFhrrZf44cMqPknlRGWqmFSeqJhU7qiYKu6omFTuqDhR+aaKT6qYVKaKSeWOipOKE5UnKiaVqWKqeELlpOKTKiaVqeKJi7XWeomLtdZ6iYu11nqJH75M5Y6KJ1TuqHii4kTlpGJS+SaVk4pJ5Q6Vv1RxUjGpnFScqJxUTCpPVEwqU8UdKicqn1QxqXzTxVprvcTFWmu9xMVaa73EDy9TMalMFZPKVHFSMalMFScVJxUnKneoTBUnKicVk8pUcYfKScUdKicVk8qJylRxonKHylQxqUwVJypTxUnFicpUMancUfFNF2ut9RIXa631EhdrrfUSP7yMylQxqZyoPKFyojJVTConFX+p4qRiUjmpmCpOVE4qpopJZVI5UblDZaq4Q+WkYlKZKk5UpopJ5aRiUpkqJpWTim+6WGutl7hYa62XuFhrrZf44csqvqliUplUpooTlaniRGWqmFT+kspUcaIyVfyXVE4qTlROKj6p4g6VE5VPqphUpopJ5X/ZxVprvcTFWmu9xMVaa72E/eIBlb9UMalMFXeo3FExqZxUnKicVJyoPFExqUwVk8pUMancUXGiMlXcoTJVTConFScqU8UTKlPFpPJExaQyVUwqJxV3qEwVn3Sx1lovcbHWWi9xsdZaL2G/WGutF7hYa62XuFhrrZe4WGutl7hYa62XuFhrrZe4WGutl7hYa62XuFhrrZe4WGutl7hYa62XuFhrrZe4WGutl7hYa62XuFhrrZe4WGutl/g/J74oPD8hEccAAAAASUVORK5CYII=',110,'2024-10-11 11:15:58','2024-10-11 11:15:58'),(32,'data:image/png;base64,iVBORw0KGgoAAAANSUhEUgAAATQAAAE0CAYAAACigc+fAAAAAklEQVR4AewaftIAABdqSURBVO3BQW7s2pLAQFLw/rfM9jBHBxBU5fu+OiPsF2ut9QIXa631EhdrrfUSF2ut9RIXa631EhdrrfUSF2ut9RIXa631EhdrrfUSF2ut9RIXa631EhdrrfUSF2ut9RIXa631EhdrrfUSF2ut9RI/PKTylypOVKaKSeWk4kRlqjhROamYVO6ouENlqphUpopJZaqYVKaKE5WTikllqjhRmSruUJkqTlSmiknlpOIOlaliUrmjYlL5SxVPXKy11ktcrLXWS1ystdZL/PBhFZ+kckfFpPJJFScqU8UdFScqk8o3qdxR8UTFHSpTxYnKHRWTylRxovKEylRxojJVfFLFJ6l80sVaa73ExVprvcTFWmu9xA9fpnJHxR0qJxWTylRxonJScaIyVZyonFRMKlPFpHKickfFicpUcYfKVDFV3FFxovKEylRxh8pJxUnFicpU8Ukqd1R808Vaa73ExVprvcTFWmu9xA8vU/GEylQxqfxLKlPFpHJSMalMFZPKHRVPVNyhMlWcqEwVk8qkclIxqUwVk8pUcYfKVHFScaIyVfwvu1hrrZe4WGutl7hYa62X+OFlVKaKE5Wp4g6VqeJEZaqYKk5UTipOVKaKk4pJ5ZtU7qg4UZkqJpWp4g6VOypOVKaKqeIOlanizS7WWuslLtZa6yUu1lrrJX74sop/SWWqmFTuqHiiYlKZKiaVv6TyRMUdKlPFpDJVnKhMFU+onFScqJxUnKicVEwqd1Q8UfFfcrHWWi9xsdZaL3Gx1lov8cOHqfxLFZPKEypTxaQyVUwqU8UTFZPKVDGpTBWTylQxqUwVk8qJylTxSSpTxaQyVTxRMalMFScVk8pUMalMFZPKVDGpnKhMFScq/2UXa631EhdrrfUSF2ut9RL2i/9hKk9UTConFXeonFRMKlPFpHJHxaQyVZyoTBWTylRxh8pUMak8UXGHylRxh8odFU+onFScqEwV/8su1lrrJS7WWuslLtZa6yXsFw+oTBWTyidVnKjcUTGp3FExqUwVd6jcUXGHyv+Sik9SmSqeULmjYlKZKiaVk4onVKaKSeWTKr7pYq21XuJirbVe4mKttV7ihy+ruENlqphUpoo7KiaVk4pJ5aTikyomlROVqWKqeELlpGJSuaPiROWOiqliUpkqvknlROUOlU9SuaNiUpkqJpWp4pMu1lrrJS7WWuslLtZa6yV++GMqU8WJylQxqTxRMamcVJyonFRMKicqn6QyVUwqJxUnKlPFpDJVTCp3VJyoTBVTxaRyUnFSMalMFZPKVDGpTBUnKicVk8pUMalMFScVk8qJylTxxMVaa73ExVprvcTFWmu9xA//mMpUcUfFHSonFZPKVHFHxaQyVUwqU8UTKlPFpDJVTCr/UsWkMqlMFScqU8VJxaQyVUwqU8WkMlU8oXJSMamcqEwVk8oTFd90sdZaL3Gx1lovcbHWWi9hv/gilaliUnmi4kRlqjhRmSomlaniRGWquENlqphUTiomlaliUjmpOFH5poonVE4qJpU7Ku5QmSpOVKaKJ1ROKk5UpopJZaqYVKaKJy7WWuslLtZa6yUu1lrrJX54SOWkYlI5qbhD5aTiRGWqOKm4o2JSmSo+qeKk4qRiUnmi4kRlqphU7lA5qbij4kRlUpkqJpWpYlKZKu5QmSomlaniROWJir90sdZaL3Gx1lovcbHWWi/xw0MVJypTxYnKScVJxaQyVUwVk8pJxaRyUnGiMlXcUXGHylRxUvGEyknFpPJExaRyh8oTFZ+kMlVMKlPFScWk8kTFicpfulhrrZe4WGutl7hYa62X+OEhlSdUTipOKiaVE5WTiknlpOKOiidUnqj4SxXfpDJVTBWTyh0Vk8oTFZPKVHFHxaTyX1JxovJJF2ut9RIXa631EhdrrfUSPzxUMal8kspJxVRxh8odKlPFv1QxqZyo3FFxR8WkMlVMKlPFpDKpTBVPVEwqd1ScqEwVU8WJyh0Vk8pJxYnKVHGiMlX8pYu11nqJi7XWeomLtdZ6CfvFF6lMFZPKScWJylRxojJV3KFyUjGpTBWTylRxonJHxYnKVPGEyknFpPJJFZPKVDGpnFTcoXJHxaQyVZyoTBV3qHxSxaQyVUwqU8UTF2ut9RIXa631EhdrrfUS9osPUpkqJpUnKk5UpooTlTsqTlSmiknliYpJZaqYVP5SxYnKVHGHylTxSSpTxYnKVDGpTBVPqHxSxR0qU8WkclLxTRdrrfUSF2ut9RIXa631EvaLD1I5qZhUTipOVKaKE5WpYlKZKk5U7qj4JJVPqphUTiqeUJkqJpWp4kRlqphUTiomlaliUjmpmFSmihOVqeIOlScqnlCZKiaVqeKJi7XWeomLtdZ6iYu11nqJHx5SmSomlUnlpGJSmSqmihOVqWJSmSomlanijooTlZOKOypOVE5UTipOVE4qnlCZKk5UpooTlanijoqTiknlCZWTik9SmSomlX/pYq21XuJirbVe4mKttV7ih4cqTipOVCaVqeJE5aRiUpkqJpWp4l9SmSqmikllqjipOFGZVKaKk4pJ5Y6KOyomlROVqWJSmSpOVKaKSeWkYlI5qZhUTlTuqHii4i9drLXWS1ystdZLXKy11kvYL/6QylQxqTxRMalMFd+kclIxqUwVJypTxaQyVTyhMlWcqNxRMancUfFJKlPFJ6l8UsWkclJxh8pJxaQyVUwqU8UnXay11ktcrLXWS1ystdZL/PBhKlPFicpJxaRyR8WJylTxSRWTylRxonKiMlV8k8pJxaQyVUwqd1TcoXJHxTdVTCrfVHGiMlXcoXKi8pcu1lrrJS7WWuslLtZa6yXsFw+onFScqNxRMamcVEwqJxV3qEwVd6icVEwqU8WkMlVMKicVk8pUcaIyVUwqU8WJyknFicpJxaQyVUwqJxWfpHJHxSepnFRMKlPFpHJS8cTFWmu9xMVaa73ExVprvcQPX6YyVdxRMamcVNxRMamcVEwVn1RxUjGpTBWTylTxSSonKlPFicpUcaLySRUnFScqU8WkMlXcUfFJKlPFVDGpnFScVHzTxVprvcTFWmu9xMVaa72E/eKDVE4qTlROKiaVqeJEZaq4Q2WquEPlkyruUDmpmFT+UsWkclJxonJSMalMFZPKVDGpTBXfpHJHxYnKScWk8kTFJ12stdZLXKy11ktcrLXWS/zwkMpJxR0Vf0llqrhDZaq4o2JSmSomlUnlpOKk4omKE5WTiknlpOKbKiaVqeKk4gmVOyqeUJkqvqnimy7WWuslLtZa6yUu1lrrJX54qOIOlaniROUJlU+qmFQmlaniCZWpYlI5UTlRmSpOKk5UpopPUpkq7qi4o2JSuaNiUpkqPknlpGKqOFE5qbhDZar4pIu11nqJi7XWeomLtdZ6CfvFP6RyUjGpTBWTyh0Vk8pJxaQyVdyhMlXcoXJHxYnKHRV3qEwVk8pUcYfKHRWTylTxl1ROKk5UpopJ5aTiROWkYlKZKiaVqeKJi7XWeomLtdZ6iYu11nqJHz5MZaqYVKaKSWVSmSpOKiaVE5Wp4kTlDpUnVE4qTlTuqJhU7lA5qZhUpopJZao4qfgmlaliUpkqJpWp4qRiUpkqnqiYVO6omFROVKaKT7pYa62XuFhrrZe4WGutl7BfPKAyVUwqT1ScqEwVT6hMFScqU8WkMlWcqJxUTCpTxaQyVZyo3FFxonJHxaRyUjGpnFRMKndUPKFyUjGpTBWfpHJScaJyR8U3Xay11ktcrLXWS1ystdZL2C8eUJkqJpX/sooTlZOKSeWkYlKZKiaVJyqeUPlLFZPKVPGEyh0VJyonFU+ofFLFpPJJFf/SxVprvcTFWmu9xMVaa73EDw9VnFScqEwVd6g8oTJVTBWTyh0Vk8pU8UkVk8pJxaTyRMUdKpPKicpUMamcVEwqn1TxhMpJxR0qd1TcoXKiMlV808Vaa73ExVprvcTFWmu9xA8fpjJVTCp3qEwVT1RMKpPKHSonKlPFpHJSMalMFScVd1ScqNyhMlXcUTGpTCpTxaRyUnGHylQxqZxUTCpTxYnKScVUMancoTJV3FExqZxUPHGx1lovcbHWWi9xsdZaL/HDQyrfVHFHxaQyqXxSxaRyovJJKlPFicpUMamcVEwqJxWfVHFHxYnKScWJylQxqdyhMlXcoTJVPFHxhMpUMal80sVaa73ExVprvcTFWmu9hP3ig1T+pYpJ5aTiDpU7Ku5Q+f+s4ptUpoonVJ6oOFGZKiaVk4oTlU+qOFE5qXjiYq21XuJirbVe4mKttV7CfvFFKlPFpDJVnKh8UsWJylRxojJVPKEyVUwqJxUnKlPFicpUMalMFScqT1RMKicVk8pJxaRyUnGiclLxTSpTxYnKVHGiclLxTRdrrfUSF2ut9RIXa631Ej88pDJV3FFxojJVnKicVDyhMlWcqJxUTCpTxaQyVUwqn6QyVZxUTCpTxVRxojJVnFRMKpPKScVJxaRyonJScaIyVZyofJPKScWkcqIyVTxxsdZaL3Gx1lovcbHWWi9hv/gilZOKJ1SmijtUTipOVJ6o+CSVOyqeULmjYlKZKk5UpopJ5Y6KO1ROKiaVqWJSmSruUJkqvkllqphUTiq+6WKttV7iYq21XuJirbVewn7xgMpJxaQyVUwqJxV3qEwVk8pJxR0qU8WkMlVMKlPFEyonFScqU8WJylQxqUwV36RyUnGHylQxqUwVk8pUcYfKVDGpTBV3qEwVT6icVHzSxVprvcTFWmu9xMVaa73EDx9WcYfKScWJyhMVJyonFScqU8UTKn+pYlJ5omJSeaLijor/EpWTihOVqWJSmSomlaniRGWquKNiUpkqnrhYa62XuFhrrZe4WGutl/jhy1TuqJhUpoqTijtUpoqp4o6KSeVEZaqYVKaKE5VvqjhReaJiUjlRmSpOVKaKE5Wp4qRiUrmjYlKZKk5UnlCZKqaKJ1Smik+6WGutl7hYa62XuFhrrZf44T+uYlKZKk5U7lCZKiaVqWJSmSomlW+qOFE5UTmpeEJlqvhLFd+kclJxonKiclJxR8WkcqIyVUwqU8VfulhrrZe4WGutl7hYa62XsF88oDJVfJLKExWTylRxh8odFXeoTBV3qJxUnKicVEwqJxV/SeWJihOVT6o4UTmpuEPlpGJSmSruUJkqvulirbVe4mKttV7iYq21XuKHD1M5qZhUpoqp4gmVqWJSmSomlaliUpkqTlROKu5Q+aSKOyruUJkq7lA5qZhUpopJ5Y6KSeWk4g6VqWJSOVE5qZhUTiomlU9SmSqeuFhrrZe4WGutl7hYa62X+OHDKiaVSeVE5YmKE5VvUnlC5aRiqphUpopJZaqYVE4qJpWpYlKZKiaVqWJSOamYVJ5QOak4qThRmSqmiicqJpVJ5UTlpOIOlb90sdZaL3Gx1lovcbHWWi/xw4epTBWTyh0Vk8qJylQxqfyliknlpGJSeULljopJ5aRiUjlROVE5qZhUpoo7Kk5U7lCZKj6p4pMq7lD5pIpPulhrrZe4WGutl7hYa62XsF/8h6lMFZPKVDGp3FExqUwVk8pUMalMFZPKExWTyknFpHJS8YTKHRVPqJxU3KFyR8WJyknFicpUMal8UsWkMlVMKndUfNLFWmu9xMVaa73ExVprvcQPX6YyVUwqJxWTylRxUnGiMqk8ofJExRMVk8pJxR0qU8WkMlVMKk+oTBXfVPGEyknFpDJVTBUnFZPKHRWTylRxUjGpTBXfdLHWWi9xsdZaL3Gx1lovYb/4IJWpYlI5qZhUTiomlZOKSeWkYlKZKiaVqWJSmSomlZOKO1ROKiaVT6o4UZkq/pLKJ1WcqJxUTConFZPKVDGpfFLFicodFU9crLXWS1ystdZLXKy11kvYLx5QmSruUJkqTlSmihOVqWJSmSomlScqTlSmikllqphU7qi4Q2WqOFE5qXhC5aRiUpkqJpWp4kTlpGJSOam4Q2Wq+CaVOyr+pYu11nqJi7XWeomLtdZ6iR8+TOWOihOVqWJSmSpOVKaKT6qYVKaKqWJSmSomlSdUvqniROWOipOKk4qTikllqjipOKl4QmWq+CSVqeKOihOVqeKbLtZa6yUu1lrrJS7WWusl7BcfpHJS8YTKExV/SeWOiknlpGJSOamYVKaKSeWk4kRlqphUpooTlaliUrmj4pNUnqg4UZkqnlA5qThROamYVE4qnrhYa62XuFhrrZe4WGutl7BfPKAyVUwqU8UdKlPFEypTxaRyUnGiclIxqUwVk8oTFZPKJ1VMKlPFpHJHxSepfFPFpHJHxaQyVdyhclJxonJHxb90sdZaL3Gx1lovcbHWWi/xwx9TuaNiUrmj4kTlmyomlROVqWJSmSruqLhD5Y6KSeWk4kTlpGJSmSqmiknljooTlaliUpkqJpWpYlKZKiaVqWJSOVGZKiaVE5Wp4kRlqnjiYq21XuJirbVe4mKttV7ih4cqnqg4UTmpmFQ+qeJEZaq4o2JS+SSVT6o4UZkqTlROKk5UpopJZaqYKiaVO1SmipOKSWWqOKmYVE5UTlSmiicqJpWpYqr4pIu11nqJi7XWeomLtdZ6CfvFF6k8UTGpTBWfpPJJFScqJxWTyknFEypTxYnKVDGp3FFxonJSMamcVJyonFRMKlPFpHJHxaQyVdyhckfFN6lMFU9crLXWS1ystdZLXKy11kvYLx5QmSomlaliUvmmijtUpopJZaqYVKaKO1SmihOVk4p/SeWTKiaVqeJEZar4L1M5qThRmSomlaniRGWqmFSmikllqviki7XWeomLtdZ6iYu11nqJH76s4qTiDpWpYlI5UTmpOKmYVKaKSeUvVUwqU8WkMlVMKicVk8odFZPKVDGpTBWTyknFpDJVfJLKScUdFZPKScWkcqIyVdxRMan8pYu11nqJi7XWeomLtdZ6CfvFAypTxYnKScWkMlVMKndUnKjcUTGpTBWTyh0VJyrfVDGp/JdUnKicVEwqU8WJylQxqUwVn6RyR8Wk8kkVJypTxSddrLXWS1ystdZLXKy11kv88FDFHRV3VNxRMamcqPyXVEwqd1RMKicVk8qkMlVMKlPFHSpTxR0qT6icqEwVd1RMKicVk8pUMVV8UsUdKpPKHSpTxRMXa631EhdrrfUSF2ut9RI/PKTylyqmipOKSWWqOFGZKu5Q+V9SMalMKneoTBUnKt9UcaIyVUwqU8UTFZPKVHGi8k0qU8VJxaRyUvFJF2ut9RIXa631EhdrrfUSP3xYxSepnKjcUTGpnFRMKicVk8pUcUfFpHJHxYnKN1V8UsWkMlVMKndUnFScqDxRMalMFVPFEyonFZ9UMalMFU9crLXWS1ystdZLXKy11kv88GUqd1Q8UXFHxRMVJxWTylQxqZxUPKFyUjGp3KHylypOKiaVk4oTlZOKSeWJikllqrhD5UTlkyomlW+6WGutl7hYa62XuFhrrZf44WVUTiomlanipGJSmSomlanipOJE5aRiUpkqTlROKiaVqeIOlZOKO1ROKiaVE5Wp4kTlDpWpYlKZKk5UpoqTihOVqWJSuaPimy7WWuslLtZa6yUu1lrrJX54mYo7KiaVJ1SmikllqphUnlCZKp6oOKmYVE4qpooTlZOKqWJSmVROVO5QmSruUDmpmFSmihOVqWJSOamYVKaKSeWk4psu1lrrJS7WWuslLtZa6yV++LKKb6q4Q2WqOKk4UZkqPqniCZWpYlKZKv4llZOKE5WTik+qmFSmiknlROWTKiaVqWJS+V92sdZaL3Gx1lovcbHWWi9hv3hA5S9VTCpTxaQyVUwqT1RMKlPFpHJHxYnKVHGiMlVMKlPFpDJVTCp3VJyoTBV3qEwVk8pJxYnKVDGpTBUnKlPFpPJExaQyVUwqJxV3qEwVn3Sx1lovcbHWWi9xsdZaL2G/WGutF7hYa62XuFhrrZe4WGutl7hYa62XuFhrrZe4WGutl7hYa62XuFhrrZe4WGutl7hYa62XuFhrrZe4WGutl7hYa62XuFhrrZe4WGutl/g/MkpYTnhQenoAAAAASUVORK5CYII=',116,'2024-10-11 11:42:08','2024-10-11 11:42:08'),(33,'data:image/png;base64,iVBORw0KGgoAAAANSUhEUgAAATQAAAE0CAYAAACigc+fAAAAAklEQVR4AewaftIAABdKSURBVO3BQW7s2pLAQFLw/rfM9jBHBxBU5Xe/OiPsF2ut9QIXa631EhdrrfUSF2ut9RIXa631EhdrrfUSF2ut9RIXa631EhdrrfUSF2ut9RIXa631EhdrrfUSF2ut9RIXa631EhdrrfUSF2ut9RI/PKTylypOVKaKSeWkYlK5o2JSOamYVO6ouENlqphUpopJZaqYVKaKE5WTikllqjhRmSruUJkqTlSmiknlpOIOlaliUrmjYlL5SxVPXKy11ktcrLXWS1ystdZL/PBhFZ+kckfFpPJExaQyVdxRcUfFpDKpfJPKHRVPVNyhMlWcqNxRMalMFScqT6hMFScqU8UnVXySyiddrLXWS1ystdZLXKy11kv88GUqd1TcoXJSMalMFf+SikllqphUpopJ5UTljooTlaniDpWpYqq4o+JE5QmVqeIOlZOKk4oTlanik1TuqPimi7XWeomLtdZ6iYu11nqJH16m4qTiROUJlaliUpkqnqiYVE4qJpWpYlK5o+KJijtUpooTlaliUplUTiomlaliUpkq7lCZKk4qTlSmiv9lF2ut9RIXa631EhdrrfUSP7yMylQxqUwVU8WkcqIyVUwqU8WkMlWcqJxUnKhMFScVk8o3qdxRcaIyVUwqU8UdKndUnKhMFVPFHSpTxZtdrLXWS1ystdZLXKy11kv88GUVf6liUnmi4omKSWWqmFROKiaVT1J5ouIOlaliUpkqTlSmiidUTipOVE4qTlROKiaVOyqeqPiXXKy11ktcrLXWS1ystdZL/PBhKv+yikllqphUpopJZaqYVKaKSWWqmFSeUJkqJpWpYlKZKiaVE5Wp4pNUpopJZap4omJSmSpOKiaVqWJSmSomlaliUjlRmSpOVP5lF2ut9RIXa631EhdrrfUSPzxU8S9RmSpOKiaVOyruUJkqTiruUJkqJpWp4psqPknlRGWqOKmYVKaKk4pJZaqYVKaKk4o7VKaKJyr+l1ystdZLXKy11ktcrLXWS9gvHlCZKiaVT6q4Q+WbKiaVqeKTVKaKO1T+l1R8kspU8YTKHRWTylQxqZxUPKEyVUwqn1TxTRdrrfUSF2ut9RIXa631EvaLD1KZKiaVqWJSmSpOVO6omFROKiaVqeKbVE4qJpWp4pNUTiomlTsqTlTuqDhRmSruUPn/rGJSuaPiky7WWuslLtZa6yUu1lrrJewXH6RyR8WJyknFicpJxYnKVHGHyknFpHJHxaRyR8WkclJxojJVTCpTxaRyR8WJylRxonJSMalMFZPKVDGpTBWTylRxonJSMalMFZPKVPGEyknFExdrrfUSF2ut9RIXa631Ej88pDJVTConKicVT1RMKpPKVDFVfJPKScUTFScqU8Wk8l+qmFQmlaniRGWqOKmYVKaKSWWqmFSmiidUTiomlROVqWJSeaLimy7WWuslLtZa6yUu1lrrJewXD6jcUTGpTBWTyknFJ6lMFScqd1TcoXJScaJyUjGpnFScqHxTxRMqJxWTyh0Vd6hMFScqU8UTKicVJypTxaQyVUwqU8UTF2ut9RIXa631EhdrrfUSP3xZxaQyVUwqU8WJyh0Vk8pUcaJyUnGiMlU8oXJHxUnFpPJExYnKVDGp3KFyUnFHxYnKpDJVTCpTxaQyVdyhMlVMKlPFicoTFX/pYq21XuJirbVe4mKttV7ih4cqTlSmikllqphUpoqTiknlpGJSOamYVJ5QmSruqJhUTlSmipOKJ1ROKiaVJyomlTtUnqj4JJWpYlKZKk4qJpUnKk5U/tLFWmu9xMVaa73ExVprvcQPD6l8kspUcVIxqZyonFRMKpPKVHFHxRMVT1T8pYpvUpkqpopJ5Y6KSeWJikllqrijYlL5l1ScqHzSxVprvcTFWmu9xMVaa73EDw9VTCqfpHJSMVWcqEwVT6jcUfFJKlPFicodFXdUTCpTxaQyVUwqk8pU8UTFpHJHxYnKVDFVnKjcUTGpnFScqEwVJypTxV+6WGutl7hYa62XuFhrrZf44cMqJpUnKk5UpoqTijsqnlA5UZkqpopPqphUpoonVJ5QuUNlqphUpopJ5Y6KE5UTlaliUpkqTlROKk5U7lA5qZhUpopvulhrrZe4WGutl7hYa62XsF98kMpUcaJyR8WJyknFpDJVTCpTxaRyUjGpPFFxh8pfqjhRmSruUJkqPkllqjhRmSomlaniCZVPqrhDZaqYVE4qvulirbVe4mKttV7iYq21XsJ+8UEqU8WkclJxh8pUMalMFScqU8WkMlVMKicVJypTxaQyVUwqT1RMKicVT6hMFZPKVHGiMlVMKicVk8pUMamcVEwqU8WJylRxh8oTFU+oTBWTylTxxMVaa73ExVprvcTFWmu9xA8PqUwVk8oTKlPFVPGEyonKVDGpnFRMKlPFHRWTylRxonKiclJxonJS8YTKVHGiMlWcqEwVd1ScVEwqT6icVHySylQxqfyXLtZa6yUu1lrrJS7WWuslfnio4qTiiYonKiaVqWJSmSq+SeWJikllqjipOFGZVKaKk4pJ5Y6KOyomlROVqWJSmSpOVKaKSeWkYlI5qZhUTlTuqHii4i9drLXWS1ystdZLXKy11kvYLx5QmSpOVE4qJpWTihOVqeJE5aTiROWJihOVqeKbVKaKE5U7KiaVOyo+SWWq+CSVT6qYVE4q7lA5qZhUpopJZar4pIu11nqJi7XWeomLtdZ6iR/+MSpTxaRyR8WJylTxSRV3qNyhMlV8k8pJxaQyVUwqd1TcoXJHxTdVTCrfVHGiMlXcoXKi8pcu1lrrJS7WWuslLtZa6yXsF/8hlScqJpWp4g6VqWJSOal4QuWOiknliYpJZao4UZkqJpWp4kTlpOJE5aRiUpkqJpWTik9SuaPik1ROKiaVqWJSOal44mKttV7iYq21XuJirbVe4ocPU5kqJpU7KiaVk4oTlaniROWTVKaKk4oTlTsqPknlRGWqOFGZKk5UPqnipOJEZaqYVKaKOyo+SWWqmComlZOKk4pvulhrrZe4WGutl7hYa62XsF98kcpUcaJyUnGHylTxSSpTxRMqd1TcoXJSMan8pYpJ5aTiROWkYlKZKiaVqWJSmSq+SeWJiknlpGJSeaLiky7WWuslLtZa6yUu1lrrJX74x1TcoTJVTBWTyknFHRWTyh0VJxWTyqRyUnFS8UTFicpJxaRyUvFNFZPKVHFScaIyVUwqd1Q8oTJVfFPFN12stdZLXKy11ktcrLXWS/zwkMpJxYnKVDGpPKEyVXySylQxqTyhMlWcqEwqJypTxUnFicpU8UkqU8UdFXdUTCp3VPwllZOKqeJE5aTiDpWp4pMu1lrrJS7WWuslLtZa6yV+eKjiROWk4qRiUpkqJpUnVE4qTlSmihOVqeJEZaq4o+JE5URlqpgqTlSmipOKO1ROVKaKSWWqmCr+SxV3VEwqJxVTxaQyqUwVk8pUMalMFU9crLXWS1ystdZLXKy11kv88GEqd6jcUfGEyknFicpJxaRyh8pUMVVMKp9UMancoXJSMalMFZPKVHFS8U0qU8WkMlU8UTGpTBVPVEwqd1RMKicqU8UnXay11ktcrLXWS1ystdZL/PCQylTxL6mYVKaKSWWqmComlTsq/mUqT1RMKpPKEypTxYnKVDGpnKhMFScVd6hMFZPKVHFScVIxqZxUnKjcUfFNF2ut9RIXa631EhdrrfUSP3yZyl+qeKJiUpkqpopJ5URlqphU7qj4pIpJ5UTlL1XcUTGp3FFxojJVTCpTxRMqT1TcoXJHxX/pYq21XuJirbVe4mKttV7CfvEfUpkq7lA5qZhUTiruUJkqTlROKiaVqWJSmSomlZOKSeWJijtUnqiYVE4qJpWTihOVqeIJlZOKO1SmikllqrhDZaqYVKaKb7pYa62XuFhrrZe4WGutl/jhw1SmiknlDpWp4g6VqWJSmVROKk5UTipOVKaKk4o7Kk4qTlTuUJkq7qiYVCaVqWJSOam4Q2WqmFROKiaVqeJE5aRiqphU7lCZKu6omFROKp64WGutl7hYa62XuFhrrZf44SGVb6q4o2JSmVROKr5JZap4QuUOlaliUjmpmFROKj6p4o6KE5WTihOVqWJSuUNlqrhDZap4ouIJlaliUvmki7XWeomLtdZ6iYu11noJ+8UDKlPFpPKXKiaVk4onVE4q7lB5omJS+V9S8U0qU8UTKk9UnKhMFZPKScWJyidVnKicVDxxsdZaL3Gx1lovcbHWWi/xwx+rmFSmihOVqWJSeUJlqphUpopJ5YmKSWWqmFQmlZOKSWWqOFGZKiaVqeJEZVK5o2JSOamYVE4qJpWTihOVSWWqmCpOKu5QmSpOVKaKE5WTim+6WGutl7hYa62XuFhrrZf44R+j8k0VJxWTyonKVDGpnFRMKicqU8WkMlU8oTJVnFRMKlPFVHGiMlWcVEwqk8pJxUnFpHKiclIxqZxUnKh8k8pJxaRyojJVPHGx1lovcbHWWi9xsdZaL/HDQxV3qEwVT6hMFXeoTBV3VJxUTConFZ+kclJxUnGi8oTKVDFVTCpTxaRyR8UdKk9UTCpTxR0qU8UnVUwqU8WkckfFJ12stdZLXKy11ktcrLXWS9gvHlA5qbhD5aTiDpWpYlKZKj5J5Y6KE5WTiknlpOJEZao4UZkqJpWp4ptUTiruUJkqJpWpYlKZKu5QmSomlaniDpWp4gmVk4pPulhrrZe4WGutl7hYa62X+OHDKiaVqWJSOak4UblD5URlqphUpopJ5ZNUTiomlU+qmFSeqJhUnqi4o+JfonJScaIyVUwqU8WkMlWcqEwVd1RMKlPFExdrrfUSF2ut9RIXa631Ej88VDGpTBV3VEwqU8UdFScqU8VJxUnFpDJVTCqTylQxqfyXKk5UnqiYVE5UpooTlaniRGWqOKmYVO6omFSmihOVJ1SmiqniCZWp4pMu1lrrJS7WWuslLtZa6yV+eEhlqjhRuaNiUpkqJpVJ5Q6VqWJSmSomlaliUpkqJpUnKk5UTlROKp5QmSr+UsU3qZxUnKicqJxU3FExqZyoTBWTylTxly7WWuslLtZa6yUu1lrrJewXH6RyR8WJyjdV3KFyR8WkclLxhMpJxYnKScWkclLxl1SeqDhR+aSKE5WTijtUTiomlaniDpWp4psu1lrrJS7WWuslLtZa6yV+eEjljopJZaqYKk5UpopJZaqYVKaKSWWqmFSmir+k8kkVd1TcoTJV3KFyUjGpTBWTyh0Vk8pJxR0qU8WkcqJyUjGpnFRMKp+kMlU8cbHWWi9xsdZaL3Gx1lov8cM/RuWkYqp4omJSmSo+qWJSmVROKqaKSeVEZaqYVE4qJpWpYlKZKiaVqWJSOamYVJ5QOak4qThRmSqmiicqJpVJ5UTlpOIOlb90sdZaL3Gx1lovcbHWWi/xw0MVd6jcUfFExaQyVXySylQxqZxUTCp3VJyoTCpTxaRyUjGpnKicqJxUTCpTxR0VJyp3qEwVn1TxSRV3qHxSxSddrLXWS1ystdZLXKy11kvYL/5hKlPFpDJVnKicVDyhclIxqdxRcYfKVDGpnFQ8oXJHxRMqJxV3qNxRcaJyUnGiMlVMKp9UMalMFZPKHRWfdLHWWi9xsdZaL3Gx1lovYb/4IJWTikllqnhC5aRiUvmkikllqphUpoo7VE4qPkllqphUpopJ5aTiRGWqmFROKv6SyknFpDJVPKFyR8WkMlXcoTJVfNPFWmu9xMVaa73ExVprvYT94oNUpopJZaqYVE4qTlROKiaVk4pJ5ZMqJpWTihOVOyomlU+qOFGZKv6SyidVnKicVEwqJxWTylQxqXxSxYnKHRVPXKy11ktcrLXWS1ystdZL2C8eUJkq7lCZKj5JZaqYVKaKSWWqmFTuqJhUpopJ5aTiRGWquENlqjhROal4QuWkYlKZKiaVqeJE5aRiUjmpuENlqvgmlTsq/ksXa631EhdrrfUSF2ut9RI/fJjKScUdKlPFpDJVnKhMFXeonFRMKicVk8pUcaJyUjGpfFPFicodFScVJxUnFZPKVHFScVLxhMpU8UkqU8UdFScqU8U3Xay11ktcrLXWS1ystdZL2C8+SGWq+CSVb6o4UTmpOFE5qZhUpopJ5aTiRGWqmFROKk5UpopJZao4UZkqJpU7Kj5J5YmKE5Wp4gmVk4oTlZOKSeWk4omLtdZ6iYu11nqJi7XWegn7xQMqU8WkckfFpDJVnKhMFScqJxV3qJxUTConFZPKVDGpTBWTyidVTCpTxaRyR8UnqXxTxaRyR8WkMlXcoXJScaJyR8V/6WKttV7iYq21XuJirbVe4od/XMWkcofKVDFVTConKlPFScWkclIxqUwVJxUnFXeo3FExqZxUnKicVEwqU8VUMancUXGiMlVMKlPFpDJVTCpTxaQyVUwqJypTxaRyojJVnKhMFU9crLXWS1ystdZLXKy11kvYL75I5aTiROWkYlKZKiaVJyomlaniDpUnKk5UPqniRGWqOFE5qThRmSomlaniROWkYlKZKu5QmSruUPmkihOVk4pJZar4pou11nqJi7XWeomLtdZ6CfvFF6k8UTGpTBWTylTxhMoTFZ+kclLxl1SmiknljooTlZOKSeWk4kTlpGJSmSomlTsqJpWp4g6VOyq+SWWqeOJirbVe4mKttV7iYq21XsJ+8YDKVDGpTBWTyjdV3KFyR8WkMlVMKlPFicpUMamcVPyXVD6pYlKZKk5Upop/mcpJxYnKVDGpTBUnKlPFpDJVTCpTxSddrLXWS1ystdZLXKy11kv88GUVJxV3qEwVk8qJyknFHSpTxaQyVUwqU8UnqUwVk8pUMamcVEwqd1RMKlPFpDJVTConFZPKVPFJKicVd1RMKicVk8qJylRxR8Wk8pcu1lrrJS7WWuslLtZa6yXsFw+oTBUnKicVk8pUcaLylyomlaliUpkqnlA5qZhU7qiYVP4lFScqJxWTylRxojJVTCpTxSep3FExqXxSxYnKVPFJF2ut9RIXa631EhdrrfUS9ov/YSpTxaTyRMWkMlVMKlPFpHJHxaRyUjGpnFRMKicVk8pUcYfKVHGHyl+qmFSmihOVk4pJZar4JJWp4g6VT6p44mKttV7iYq21XuJirbVe4oeHVP5SxVRxUjGpTBUnKlPFpDJVTCp3VEwqf6liUplU7lCZKk5UvqniRGWqmFSmiicqJpWp4kTlm1SmipOKSeWk4pMu1lrrJS7WWuslLtZa6yV++LCKT1I5UfkklanipGJSmSomlTsqJpU7Kk5UvqnikyomlaliUrmj4qTiROWk4qRiUpkqpoonVE4qPqliUpkqnrhYa62XuFhrrZe4WGutl/jhy1TuqHii4kRlUpkqTlSmiicqJpVvUjmpmFTuUPlLFScVk8pJxYnKScWkcqIyVUwVk8pUcYfKiconVUwq33Sx1lovcbHWWi9xsdZaL/HDy6jcUXFHxaQyVZxUnFScqNyhMlWcqJxUTCpTxR0qJxV3qJxUTConKlPFicqJylRxojJVnKhMFScVJypTxaRyR8U3Xay11ktcrLXWS1ystdZL/PByFXeofJPKVHFHxYnKVPFExUnFpHJSMVWcqJxUTBWTyqRyonKHylRxonJHxaQyVZyoTBWTyknFpDJVTConFd90sdZaL3Gx1lovcbHWWi/xw5dVfFPFpDKpTBV3VJyonKj8y1Smiv+SyknFicpJxSdVPKHyTRWTylQxqfwvu1hrrZe4WGutl7hYa62XsF88oPKXKiaVqeIOlTsqTlSmik9SuaNiUpkqJpWpYlKZKiaVOypOVKaKO1SmiknlpOJE5aTiDpWpYlJ5omJSmSomlZOKO1Smik+6WGutl7hYa62XuFhrrZewX6y11gtcrLXWS1ystdZLXKy11ktcrLXWS1ystdZLXKy11ktcrLXWS1ystdZLXKy11ktcrLXWS1ystdZLXKy11ktcrLXWS1ystdZLXKy11kv8H4jiRT3RZqwbAAAAAElFTkSuQmCC',121,'2024-10-11 12:03:55','2024-10-11 12:03:55'),(34,'data:image/png;base64,iVBORw0KGgoAAAANSUhEUgAAATQAAAE0CAYAAACigc+fAAAAAklEQVR4AewaftIAABddSURBVO3BQY7YSBLAQFLo/3+Z62OeChCk9niFjLA/WGutD7hYa62PuFhrrY+4WGutj7hYa62PuFhrrY+4WGutj7hYa62PuFhrrY+4WGutj7hYa62PuFhrrY+4WGutj7hYa62PuFhrrY+4WGutj/jhIZW/qeIJlaniDpWTiknlpOIJlZOKSWWqmFSmikllqphUpopJ5TdVTConFScqU8WJylQxqZxU3KEyVUwqd1RMKn9TxRMXa631ERdrrfURF2ut9RE/vKziTSpPqNyhclJxonJScaJyR8WkMqlMFXeo3FFxUjGpTBUnKk9UTConFZPKVHGi8oTKVHGiMlW8qeJNKm+6WGutj7hYa62PuFhrrY/44Zep3FFxh8pJxYnKScUTFU9UTCqTylQxqUwqU8UdFScqU8UdKlPFVHGi8l+quENlUrmj4kRlqniTyh0Vv+lirbU+4mKttT7iYq21PuKHj6m4o+JE5aTiRGWqmFSmikllqphUJpWTipOKSeWOiicqJpWpYlI5qZhU7lCZKiaVk4pJZao4UZlUpoqTihOVqeL/2cVaa33ExVprfcTFWmt9xA8fozJVPFExqUwqJxVPVNxRcaJyUjFVTCq/SeVEZaq4o+JNFZPKScWJyknFicpJxZddrLXWR1ystdZHXKy11kf88Msq/qaKSeWk4o6K/5LKVHFHxYnKExV3qEwVT6hMFZPKVHGiMlWcVEwqJxVTxaQyqUwVU8WkclLxRMW/5GKttT7iYq21PuJirbU+4oeXqfzLKiaVqWJSmSomlaliUpkq7lCZKiaVqWJSmSomlaliUpkqJpUTlaniDpWpYlKZKiaVqWJSmSruUJkqTiomlanipGJSmSruUJkqTlT+ZRdrrfURF2ut9REXa631ET88VPElKndUnFRMKicqU8WkMlVMKlPFpPI3VdyhcqJyojJVnFRMKlPFHSpTxaQyVbxJ5U0V/08u1lrrIy7WWusjLtZa6yN+eEhlqphU3lQxVUwqv0llqnii4k0Vd1RMKicqJypPVEwqU8UTKlPFVPEmlaliUpkqpopJZaqYVKaKJ1TeVPGbLtZa6yMu1lrrIy7WWusj7A9+kcpJxR0qU8WbVKaKE5WTiknlTRWTylTxJpWTikllqphUpooTlTsqfpPKb6qYVE4qJpXfVDGpnFT8pou11vqIi7XW+oiLtdb6CPuDB1SmihOVk4pJ5YmKJ1SmihOVOyruUJkqJpU7KiaVk4oTlaniRGWqOFGZKk5UpopJ5YmKE5WpYlKZKp5QOamYVKaKSWWqeELlpOKJi7XW+oiLtdb6iIu11vqIHx6qmFSmipOKSWWqeEJlqjhRmSpOVKaKSeUJlanipGJSOVGZKiaVf5nKVHFHxaQyVdyhckfFpHJSMamcVJxUTCpTxaRyR8VU8Zsu1lrrIy7WWusjLtZa6yN+eFnFHSonKicVb6p4U8UTFScqT1RMKm9SmSqeqLijYlI5qZhU7qi4Q2WqmFQmlaniDpUnKt6kMlU8cbHWWh9xsdZaH3Gx1lof8cPLVKaKk4onVKaKqeJE5U0qd1Q8UfGEylQxqZyonFT8TSonFXdU3KFyR8Wk8oTKVHFScaJyUnGHylTxpou11vqIi7XW+oiLtdb6iB/+Yyp3VNyhMlWcVJyoTBWTyh0qU8WkMlXcoXKHyonKHSp3qEwVd1RMKneonFScVNyhMlVMKlPFpDJVnFScqDyh8l+6WGutj7hYa62PuFhrrY/44SGVE5UnKk4qJpUTlanijopJ5Y6Kf1nFpDJVnKhMFScqJypTxaQyVUwVk8odFScqJxWTypsqJpWTiicqTir+SxdrrfURF2ut9REXa631EfYHL1KZKiaVN1XcoXJScYfKScUTKndUTCp3VLxJ5Y6KSeWk4g6VqWJSmSomlZOKE5Wp4kTljopJ5aTiRGWqmFSeqHjTxVprfcTFWmt9xMVaa32E/cEDKr+p4kRlqniTylRxojJV/CaVk4oTlaniCZWTihOVJyomlaliUjmpuENlqphUpopJ5aRiUpkq7lB5U8WkMlVMKlPFExdrrfURF2ut9REXa631ET88VDGpTBUnKicqJxUnKndUnKhMFU+o3FFxUjGpPKEyVUwqU8WJylQxVZyoTBUnFScVk8odKlPFb1I5Ubmj4k0qd1S86WKttT7iYq21PuJirbU+4odfpjJVnFS8qWJSmSruqLhDZaqYKu5QmSomld+kMlXcUXGHylRxojJVTCq/SeWkYlKZKiaVqeIOlROVk4o7KiaVE5Wp4omLtdb6iIu11vqIi7XW+ogfHlKZKiaVSWWqOFGZKk5UpoqpYlKZKk5UpoqTikllqphUpoqpYlKZKk5UTlROKk5UTiqeUJkqTlSmihOVN1WcVEwqJyp3VLxJZaqYVP5LF2ut9REXa631ERdrrfURPzxUcVJxh8pUcaIyVUwqJxV3VPxNKlPFVDGpTBUnFXeo3FExqZxUTBV3VEwqJypTxRMVJypTxVQxqUwVJyonKndUPFHxN12stdZHXKy11kdcrLXWR/zwkMpJxaRyh8pUcaJyUvE3qUwVk8pJxaQyVUwVJxUnKicVJyqTyknFpHJHxUnFScWkclLxRMWJyptUpoo7VN6kMlW86WKttT7iYq21PuJirbU+wv7gL1KZKiaVqWJSmSomlZOKSWWqeEJlqjhReVPFpDJV3KFyUnGiMlVMKk9U3KFyUvEmlaniROVNFScqU8Wk8psq3nSx1lofcbHWWh9xsdZaH2F/8IDKHRV3qEwVd6icVPw/UflNFU+oTBWTylRxonJScaJyUjGpTBWTyknFHSpTxaRyUvGbVE4qJpWpYlI5qXjiYq21PuJirbU+4mKttT7C/uABlaniDpWp4kRlqphUnqg4UZkqnlCZKiaVqWJSmSrepHJS8SaVqWJSmSomlTsq/iaVk4pJZap4k8pUcaIyVfxLLtZa6yMu1lrrIy7WWusjfnio4g6VqeJEZar4m1SeUJkqTlR+k8odFZPKpHJSMamcVEwqd1RMKneoTBWTylQxqUwVJxUnFZPKVDGpnFScqJxUTCpPVLzpYq21PuJirbU+4mKttT7ih4dUpoo7VE4qJpWTikllqphUJpWp4g6VOyomlaliUpkqJpU7Kp6oeKJiUjmpOFF5k8pUcVJxh8odFScVJyonFb+p4jddrLXWR1ystdZHXKy11kfYHzyg8kTFicpUcaIyVdyhclIxqdxRMak8UXGi8kTFHSpTxR0qJxWTylQxqUwVJypvqrhD5TdV3KFyUnGHylTxpou11vqIi7XW+oiLtdb6CPuDB1TuqDhRmSomlaniv6RyUjGpTBVPqEwVb1I5qbhDZaqYVKaKE5WTikllqvibVKaKSeWkYlI5qZhUTipOVE4qJpWpYlKZKp64WGutj7hYa62PuFhrrY/44aGKSWWqOFE5UZkqJpWTijepnFRMKlPFicpJxVQxqUwVf5PKVDFVTCpTxaQyVUwVd1ScqEwVk8pUMalMFU9U/KaKSeWOiknlRGWqeNPFWmt9xMVaa33ExVprfcQPD6lMFScqU8UTFXeo3FExVUwqb6o4UZkqpoonVJ6oOFF5QmWqOFE5qbij4qTiDpWpYlJ5QmWqmFROKk5U7qj4TRdrrfURF2ut9REXa631ET/8MpUTld9UcVJxonJScYfKVHFHxaRyUnFHxaRyovI3VUwqU8VJxR0qU8WkMlVMKlPFmyomlTep3FHxX7pYa62PuFhrrY+4WGutj7A/+A+pTBV3qEwVk8odFU+o/EsqJpWpYlJ5ouIOld9UMancUXGiMlU8oXJScYfKVDGpTBV3qEwVk8pU8Zsu1lrrIy7WWusjLtZa6yN++MtU7lCZKp6omFROVKaKN1XcoXJScVJxUnGicofKVHFHxaQyVTxRMalMKicVk8pJxaQyVZyoTBWTylQxqdyhMlXcUTGpnFQ8cbHWWh9xsdZaH3Gx1lof8cPLVKaKJyqeqJhUTlSmihOVOyruUJkqTlTuqJhUTiomlZOKOyqeUHlTxaQyqUwVk8odKlPFicpU8aaKJ1SmiknlTRdrrfURF2ut9REXa631EfYHv0hlqphUflPFHSonFZPKScUdKlPFicoTFZPKf6liUpkqJpU7Kt6k8kTFpHJSMamcVJyovKniROWk4omLtdb6iIu11vqIi7XW+gj7gxepTBWTylQxqUwVJypTxaRyUnGi8kTFEypTxaRyUnGiMlWcqEwVk8pJxaTyRMUdKlPFpDJVTConFScqJxWTylRxh8pJxYnKVPGEyknFExdrrfURF2ut9REXa631ET88pDJVTCpTxaRyojJVTBWTyknFHRV3qJyoTBVPVJyoPKEyVbyp4kTlCZU7Kk4qJpUTlZOKSeUJlTtUpooTlZOKSWWqmFTedLHWWh9xsdZaH3Gx1lof8cNDFZPKVHFSMalMFZPKScWJyknFpDJVTCpTxaRyh8odKicVJyonFScqJxUnKlPFEypTxb+kYlJ5QuWOiknlpGJSmSomlROVqeJNF2ut9REXa631ERdrrfUR9gd/kcpUMamcVNyhMlWcqEwVd6hMFScqb6o4UZkqTlSmijtUTipOVKaKO1ROKp5QOamYVKaKE5WTiknliYo3qZxUvOlirbU+4mKttT7iYq21PuKHl6lMFU9UnKjcoXJScaIyVTxRMamcVJyo3KEyVUwVk8pJxVRxonJSMalMFXdUPKEyVUwqd6hMFVPFpDKpTBWTylRxh8pJxUnFicpU8cTFWmt9xMVaa33ExVprfcQPL6u4Q2WqmFSmipOKO1TuqDipmFSmiknlDpU3VdxRcaIyVdxRcYfKVHGHylQxqUwVk8pUMak8oTJVnKhMFXeonFQ8ofKbLtZa6yMu1lrrIy7WWusj7A8eUJkqfpPKVHGi8kTFpDJVTCpPVEwqU8WkMlWcqEwVk8pJxRMqU8UdKicVk8pJxYnKVHGiclLxhMoTFScqU8WkMlVMKlPF33Sx1lofcbHWWh9xsdZaH2F/8CKVk4o7VE4qJpWTii9TOak4UTmpmFROKp5QmSpOVO6ouEPlTRUnKicVk8pUMamcVJyonFScqEwVb7pYa62PuFhrrY+4WGutj/jhIZWTiknlpGKqOFGZKiaVE5WpYlK5o2JSmSrepPKmijsq7lCZKu5QOamYVKaKJypOVE4qTlSmiknlDpWpYlI5UXlTxaQyVTxxsdZaH3Gx1lofcbHWWh9hf/AilZOKSeWJiknlpOJNKicVk8pU8TepTBWTyknFpDJVTCpTxaQyVUwqJxWTyh0Vk8odFXeoTBV3qEwVk8pUMalMFZPKVPGEyh0VT1ystdZHXKy11kdcrLXWR9gfPKAyVUwqU8WkclIxqZxU3KEyVUwqU8WJyknFHSpTxR0qU8UdKlPFicpJxaQyVdyhMlW8SeWOikllqjhROam4Q2WqeEJlqphUpooTlaniiYu11vqIi7XW+oiLtdb6CPuDf5jKVDGpTBUnKlPFpDJVnKicVJyoTBUnKlPFicpJxaQyVTyhMlVMKicVd6icVNyhckfFpDJVTCpTxaRyUjGpnFRMKlPFpHJHxaQyVfymi7XW+oiLtdb6iIu11vqIHx5SOamYVO6omFTuUJkqTiqeqJhUpooTlTtUTipOVE5Unqi4o2JSOan4TRV3qDyhclJxUjGpnFScVJyo/Esu1lrrIy7WWusjLtZa6yPsD/5DKk9UTConFScqU8UTKicVk8pJxYnKVDGpTBV3qNxRcaIyVUwqU8WbVO6omFROKiaVk4pJ5aRiUpkqTlSmiknlN1W86WKttT7iYq21PuJirbU+4oeHVKaKSWWqmComlaliUplUpopJ5UTlROWJihOVqWJSeULlCZWTikllUpkq7qiYVE4qJpWp4qTiX1IxqZxU3FHxRMWkclIxqUwVT1ystdZHXKy11kdcrLXWR/zwUMVJxaQyVZyoTBWTyh0qU8WJyknFpHJHxaQyVZyoPKFyUnFHxRMqU8VJxUnFScWkMlVMKlPFHRVPVDyhckfFpPIvu1hrrY+4WGutj7hYa62P+OEvqzipOFE5UXlTxaTyJpWpYlKZKk4qJpWpYlI5UZkq7lCZKk4qnlC5o2KqOKm4Q+Wk4kTlpOKOihOVk4o7KiaV33Sx1lofcbHWWh9xsdZaH2F/8IDKVDGpTBUnKicVJypTxR0qJxVPqJxUTCpTxYnKVDGpTBVvUpkqJpWpYlKZKt6k8kTFEypTxYnKVHGHyknFicpJxb/kYq21PuJirbU+4mKttT7ih19WMalMFScVk8odKlPFScWkMqlMFScqU8WJyh0qU8VJxaQyVUwqU8VJxaRyojJVTConFZPKVDFVTConFXeoTBV3qEwVd6hMFZPKicpUcYfKVHGiMlU8cbHWWh9xsdZaH3Gx1lofYX/wi1ROKk5U/qaKSWWqmFSmijtUpopJ5aTiROVNFZPKScWJyknFicpUMalMFScqJxWTyknFb1J5U8WJylRxojJV/KaLtdb6iIu11vqIi7XW+gj7g1+k8kTFicpJxR0qU8WkMlVMKlPFpDJVTCpTxaRyUvEmlaliUpkqJpU7Kk5UTiomlZOKJ1R+U8WbVO6oOFGZKu5QmSqeuFhrrY+4WGutj7hYa62PsD94QGWqmFSmiknliYoTlaniDpWpYlI5qbhDZao4Ubmj4m9SmSomlTsqJpWp4kRlqphUpopJ5aRiUpkq7lCZKiaVqWJSmSomlaniRGWqmFSmikllqnjTxVprfcTFWmt9xMVaa33ED7+s4qTiDpUTlaliUjmpuKPiROWk4r+kMlVMKlPFpHKHylQxqUwVk8pUMamcVEwqU8VJxYnKVPGbKiaVqWJSOVGZKqaKk4pJ5W+6WGutj7hYa62PuFhrrY+wP3hAZao4UTmpmFSeqHiTylQxqUwVJypPVEwqU8WkclJxovJfqrhD5aRiUpkqTlSmijtUpooTlaliUjmpmFTeVHGiMlW86WKttT7iYq21PuJirbU+4oeHKu6ouKPiRGWqmFSmijep3KFyUjGp/KaKSWWquKPiDpWp4gmVO1SmijepPKEyVUwqU8UTFXeoTCp3qEwVT1ystdZHXKy11kdcrLXWR/zwkMrfVDFV3KFyUjGp3FFxUvEmlaliUrmjYlJ5QmWqOFE5qXii4gmVqeKk4g6VqeIOlTepTBUnFZPKScWbLtZa6yMu1lrrIy7WWusjfnhZxZtUTlTuqHhTxaQyVUwqU8VJxYnKScWJym+qeJPKVDFVPKEyVUwVJyp3VEwVk8pUMVU8oXJS8aaKSWWqeOJirbU+4mKttT7iYq21PuKHX6ZyR8WbKp6omFROKp5QOamYKk5U7qiYVKaKSWVS+ZtUpopJ5Y6KE5WTikllqrijYlI5qThROVF5U8Wk8psu1lrrIy7WWusjLtZa6yN++JiKSWWqOFE5qZhUpoqTipOKE5WpYlI5qThRuaPiCZWTihOVSWWqOFGZVE4qTlTepDJVTCqTylRxUnGiMlVMKndU/KaLtdb6iIu11vqIi7XW+ogfPq7iTSpPqNxRcaIyVUwqT1RMKlPFpHJSMVWcqJxUTCqTyhMVJypTxYnKScVUMalMFZPKpDJVTConFZPKVDGpnFT8pou11vqIi7XW+oiLtdb6iB9+WcVvqphU3lRxojKpTBVTxaQyVfxNKlPFScVvUjmpeKLiROWOikllqrhD5aTijopJZaqYVP6fXay11kdcrLXWR1ystdZH/PAylb9JZaq4Q+VEZaq4Q+Wk4omKO1SmikllqphUpoo7VKaKqWJSOVGZKiaVE5Wp4g6VqeKk4kRlqphUpooTlaliUpkqJpU7Kk5Upoo3Xay11kdcrLXWR1ystdZH2B+stdYHXKy11kdcrLXWR1ystdZHXKy11kdcrLXWR1ystdZHXKy11kdcrLXWR1ystdZHXKy11kdcrLXWR1ystdZHXKy11kdcrLXWR1ystdZH/A+bh1kyiziDngAAAABJRU5ErkJggg==',124,'2024-10-12 01:17:09','2024-10-12 01:17:09'),(35,'data:image/png;base64,iVBORw0KGgoAAAANSUhEUgAAATQAAAE0CAYAAACigc+fAAAAAklEQVR4AewaftIAABdvSURBVO3BQQ7c2JLAQFKo+1+Z42WuHiCoyu2vyQj7g7XWeoGLtdZ6iYu11nqJi7XWeomLtdZ6iYu11nqJi7XWeomLtdZ6iYu11nqJi7XWeomLtdZ6iYu11nqJi7XWeomLtdZ6iYu11nqJi7XWeokPD6n8TRXfpHJScaIyVUwqJxVPqJxUTCpTxaQyVUwqU8WkMlVMKr9UMalMFZPKVDGpTBUnKlPFpHJScYfKVDGp3FExqfxNFU9crLXWS1ystdZLXKy11kt8+LKKb1J5QmWquENlqjhROal4QmWqmFQmlaniDpU7Kk4qJpWp4kTlROUJlaliUpkqTlSeUJkqpopJZar4popvUvmmi7XWeomLtdZ6iYu11nqJDz+mckfFHSonFd+kMlVMKlPFL6lMFZPKpDJV3FFxojJV3KEyVUwVJyr/pYo7VCaVJyomlanim1TuqPili7XWeomLtdZ6iYu11nqJDy9TcUfFHSp3qHxTxaQyqZxUnFRMKndUPFExqUwVk8pJxaRyh8pUMamcVEwqU8WJyqQyVZxUnKhMFf/LLtZa6yUu1lrrJS7WWuslPryMylQxqUwVJyonKicVk8pUcYfKScWJyknFVDGp/JLKicpUcUfFN1VMKicVJyonFScqJxVvdrHWWi9xsdZaL3Gx1lov8eHHKv6mijtUpoqp4k0qTlSeqLhDZap4QmWqmFSmihOVqeKkYlI5qZgqJpVJZaqYKiaVk4onKv4lF2ut9RIXa631EhdrrfUSH75M5V+iMlVMKicqU8WkMlVMKlPFpDJVTCpTxaRyojJVTCpTxaQyVUwqJypTxR0qU8WkMlVMKlPFpDJV3KEyVZxUTCpTxUnFpDJV3KEyVZyo/Msu1lrrJS7WWuslLtZa6yU+PFTxv6xiUrmj4qRiUvmmikllqphU/qaKO1ROVE5UpoqTikllqrhDZaqYVKaKb1L5por/JRdrrfUSF2ut9RIXa631Eh8eUpkqJpVvqpgq/j9RmSqmijsqJpUTlROVJyomlaniCZWpYqr4pYpJZaqYKiaVqWJSmSqeUPmmil+6WGutl7hYa62XuFhrrZf48GUqU8UvqTyhclIxqUwVk8pUcVIxqTyhMlVMFScVJyonFZPKVDGpnFRMKndUTBV/k8odKlPFicpUMancoXJHxaTyX7pYa62XuFhrrZe4WGutl/jwUMWkcqJyUjGp3FFxonKHylQxqZyoTBWTylQxqTyhclIxqZxUnKhMFb9UcaIyVUwqT1RMKicVk8pUcVJxonJSMalMFZPKVHFScaJyUvHExVprvcTFWmu9xMVaa73Eh4dU7qi4o+IJlZOKSWWqOKmYVH6p4o6KSWVSmSomlX+ZylRxR8WkMlX8UsWkclIxqZxUnFRMKlPFpHJHxVTxSxdrrfUSF2ut9RIXa631EvYHD6hMFScqJxWTyknFf0llqphUpoo7VE4qTlROKiaVk4oTlZOKSWWq+CWVk4pJ5Y6KO1SmiknlpOIOlTsqfkllqnjiYq21XuJirbVe4mKttV7iw0MV36QyVZyoTBWTylQxqUwVT6icqEwVk8oTKlPFicpUMamcqJxU/E0qJxV3VNyhckfFpPKEylRxUnGiclJxh8pU8U0Xa631EhdrrfUSF2ut9RIfHlKZKu6oOFGZKv5LKt+kMlVMKt+kcqJyonKHyh0qU8UdFZPKHSonFScVd6hMFZPKVDGpTBUnFScqT6j8ly7WWuslLtZa6yUu1lrrJewPfkjliYo7VO6ouEPlpGJSmSruULmjYlK5o2JSmSpOVKaKE5U7KiaVqeJE5Y6KE5WTiknlpGJSmSpOVE4qTlROKv5lF2ut9RIXa631EhdrrfUS9gf/IZVvqjhROam4Q+WJihOVqWJSOamYVE4qvknljopJ5aTiDpWpYlKZKiaVk4oTlaniROWOiknlpOJEZaqYVJ6o+KaLtdZ6iYu11nqJi7XWeokPP6byRMWk8kTFHSpTxUnFicqkMlVMFZPKVHFHxaTyTSonFScqd6hMFZPKVDGp3FFxojJV3KFyUjGpnFScqNyhclIxqUwVk8pU8cTFWmu9xMVaa73ExVprvcSHL1P5JpU7VE4qJpW/qWJSmVSmihOVqWJSeUJlqphUpooTlaliqjhRmSpOKk4qJpU7VKaKX1I5Ubmj4ptU7qj4pou11nqJi7XWeomLtdZ6CfuDL1I5qThRmSpOVKaKE5WpYlKZKu5QmSruUDmpmFS+qWJSOan4JZWp4kRlqphU7qg4UbmjYlKZKiaVqeIOlScqnlCZKiaVqeKJi7XWeomLtdZ6iYu11nqJDw+pTBWTyqQyVUwVk8pJxR0Vk8odKlPFv6TiROVE5aTiROWk4gmVqeJEZao4UfmmipOKSeVE5Y6Kb1KZKiaV/9LFWmu9xMVaa73ExVprvcSHhypOKu5QmSomlUllqjhRmSomlUllqrhD5ZcqJpWp4qTiDpU7KiaVk4qp4o6KSeVEZap4ouJEZaqYKiaVqeJE5UTljoonKv6mi7XWeomLtdZ6iYu11noJ+4O/SOWJiknljoo7VKaKE5VvqphUpopJ5aTiROWk4kTljopJ5Y6Kb1I5qfgllZOKE5WTijtUTiomlaliUpkqvulirbVe4mKttV7iYq21XuLDQyonFScVk8pUMal8k8pUMVU8UTGpnFRMKicq31QxqUwqU8VUMalMFZPK36TyN6lMFU+o3FFxojJV3KFyovI3Xay11ktcrLXWS1ystdZLfHio4kRlqjipmFTuqJhUvknlpOKXKp5QOamYKu5QmSomlaniROUJlZOKSeVE5aRiqjhRmSomlZOKJyqeqJhUpopJZVKZKp64WGutl7hYa62XuFhrrZewP3hAZaqYVO6oOFGZKiaVv6niDpUnKiaVqeKbVE4qvkllqphUpopJ5Y6Kv0nlpGJSmSq+SWWqOFGZKv4lF2ut9RIXa631EhdrrfUSHx6qmFSmikllqjhReaLiRGWqeEJlqpgqJpU7VJ5QuaNiUplUTiomlZOKSeWOiknlDpWpYlKZKiaVqeKk4qRiUpkqJpUnVE4qJpUnKr7pYq21XuJirbVe4mKttV7C/uCLVJ6oOFE5qZhUpopJ5aRiUjmpmFROKiaVqeJE5YmKO1SmijtUpopJ5aTiROWOiknlpOKXVE4qnlA5qbhD5Y6KX7pYa62XuFhrrZe4WGutl7A/+CGVb6q4Q+WOikllqphUTipOVO6omFSmiknliYo7VKaKO1ROKiaVqWJSmSpOVL6p4kTlb6q4Q+Wk4g6VqeKbLtZa6yUu1lrrJS7WWusl7A8eUDmpmFROKk5UpopJ5aTiROWkYlJ5ouIJlanim1ROKu5QmSomlaniROWkYlKZKv4lKicVk8pJxaRyUnGiclIxqUwVk8pU8cTFWmu9xMVaa73ExVprvcSHhyomlTsqTlSmikllqphUJpWTihOVk4pJZaq4Q+UOlanib1KZKqaKSWWqmFSmiqnijooTlaliUpkqJpWpYlKZKk4qfqliUrmjYlI5UZkqvulirbVe4mKttV7iYq21XuLDQypTxaQyVdxRMak8UXGiMlVMFZPK31QxqXyTyhMVJypPqEwVJyonFVPFScVJxR0qU8Wk8oTKVDGpnFScqNxR8UsXa631EhdrrfUSF2ut9RIf/jKV/5LKVDFVTCpTxVRxh8odFScVJypTxUnFpHKi8jdVTCpTxUnFicpUcaJyR8U3VUwq36RyR8V/6WKttV7iYq21XuJirbVe4sNDFScVJypTxR0qT6hMFVPFpHJScVJxovJLKlPFpPJExR0qk8qJyonKVDGpnFQ8UfGEyknFScWkckfFHSonKlPFL12stdZLXKy11ktcrLXWS3x4SGWqOFG5Q2WqOFE5qZhUnqiYVJ6oOFE5qTipOKk4UblDZaq4o2JSmSqeqJhUpopJZaqYVE4qJpWp4kRlqphUpopJ5Q6VqeKOiknlpOKJi7XWeomLtdZ6iYu11nqJD1+mMlU8UXFHxYnKHSrfpDJVnKjcoTJVTCpTxaRyUjGpnFTcUfGEylTxSypTxaRyh8pUMVWcVHxTxRMqU8Wk8k0Xa631EhdrrfUSF2ut9RIfHqo4UblD5W+quKNiUjmpuENlqjhR+ZtUTlS+SWWqmFSmikllqjipOKmYVCaVE5Wp4kTliYqpYlKZVL6pYlL5pYu11nqJi7XWeomLtdZ6iQ8PqTxR8YTKpDJVTBX/sopJZao4qTipmFSmihOVqWJSOamYVCaVE5Wp4g6VqWJSmSomlZOKE5VJZaqYKp5QOak4UZkq/mUXa631EhdrrfUSF2ut9RIfvqxiUpkqTlS+SeWk4qTipGJSOVGZKiaVOyomlaliUrlDZar4pooTlb+p4qRiUjlROamYVE4qTlTuUJkqTlROKiaVqWJS+aaLtdZ6iYu11nqJi7XWeokPD1VMKneoTBUnKlPFHSonKlPFEyp3VNyhMlWcVEwqJxUnKicVJypTxRMqU8W/pGJSeULljopJ5aRiUpkqJpUTlanimy7WWuslLtZa6yUu1lrrJewPfkjljopJZaq4Q2Wq+CWVqeIOlZOKSeWJihOVqeIOlZOKE5Wp4g6Vk4onVE4qJpWp4kTlpGJSeaLim1ROKr7pYq21XuJirbVe4mKttV7C/uCLVJ6ouEPlv1QxqUwVk8odFScqJxWTyknFicpJxR0qJxWTylRxojJVPKEyVUwqU8WkclJxonJSMalMFXeonFQ8oTJVPHGx1lovcbHWWi9xsdZaL/HhyyqeUDmpuKNiUjmpeKJiUpkqJpWp4o6KSWVSOam4o+JEZaq4o+IOlaniDpWpYlKZKiaVqWJSeUJlqjhRmSruUDmpeELlly7WWuslLtZa6yUu1lrrJT78mMpJxUnFpDJVPFExqUwVk8pUMamcqEwVk8pUMalMFVPFicqJyknFScWJylTxN6lMFU9UnFQ8UTGp3KEyVdxRMalMFZPKVDFV/NLFWmu9xMVaa73ExVprvcSHh1ROKu6omFTuUJkqTlSmijtUpopvUpkqTlROKr5J5aRiqrhDZao4UfmmiknlpOJEZao4UTmpmFSmiknlpOIOlaniRGWq+KaLtdZ6iYu11nqJi7XWeokPX1YxqUwVk8pUMVXcUTGpnFScqJxUnKicVDyh8k0Vd1TcoTJV3KFyUjGpTBVPVDxRcaIyVUwqd6hMFZPKico3VUwqU8UTF2ut9RIXa631EhdrrfUSHx6qmFSmiknlROWkYlK5o2JSmSqmihOVqeKk4qRiUjmpuENlqphUTiomlaliUpkqJpWp4o6KSeVEZaqYVO6ouENlqpgqvqliUpkqJpWp4gmVv+lirbVe4mKttV7iYq21XuLDj6k8UXFSMalMFZPKVDGpnFRMFZPKv0RlqjipmFROKiaVb6o4UZkqnqiYVE5UpopJZao4UTmpOKmYVKaKk4oTlaliUpkqTlS+6WKttV7iYq21XuJirbVewv7gAZWTiidUpoo7VE4qTlROKp5QuaPiCZWpYlKZKp5QmSomlZOKO1ROKu5QuaNiUpkqJpWpYlI5qZhUTiomlaliUrmjYlKZKn7pYq21XuJirbVe4mKttV7iw0MVd6hMFScVk8pUMalMFXeoTBWTyqQyVTxRcaIyVUwqU8VUMamcqDxRcUfFpHJS8UsVd6g8oXJScVIxqZxUnFScqPxLLtZa6yUu1lrrJS7WWuslPnyZylQxVUwqU8WkMlXcoTJVPFFxonJHxaRyUnFScaIyVdyh8l+qOKm4Q+WJipOKSeWkYlKZVKaKSWWqOFGZKiaVO1ROVKaKb7pYa62XuFhrrZe4WGutl/jwkMpUMalMFVPFScWkMlVMFZPKicqJyknFVDGpTBWTylQxqUwqJxWTyhMqJxWTyqQyVdxRMamcVEwqU8VJxR0qv1QxqZxU3FHxRMWkclIxqUwVT1ystdZLXKy11ktcrLXWS3z4MpWp4kTljopJZap4omJSmSqeUJkqJpWpYlI5UZkqJpVJ5aTijoonVKaKk4qTipOKSWWqmFSmijsqnqh4QuWOiknlX3ax1lovcbHWWi9xsdZaL/HhL1OZKu5QOVH5popJZaqYVKaKE5WpYlKZKp6omFROVKaKO1SmipOKJ1TuqJgqTiruUDmpOFE5qbij4kTlpOKOiknlly7WWuslLtZa6yUu1lrrJewPHlCZKiaVb6r4JZWTil9SOak4UZkqJpWpYlI5qThRmSomlaliUpkqvknliYonVKaKE5Wp4g6Vk4oTlZOKf8nFWmu9xMVaa73ExVprvcSHv6ziCZWTiknlpGKqmFQmlZOKSWWqOKmYVE5UpoqTikllqniiYlI5UZkqJpWTikllqpgqJpWTijtUpoo7VKaKO1SmiknlRGWquENlqjhRmSqeuFhrrZe4WGutl7hYa62XsD/4IZWTihOVqWJSmSomlScqTlROKk5UpopJ5aTiROWbKiaVk4oTlZOKE5WpYlKZKk5UTiomlZOKX1L5pooTlaniRGWq+KWLtdZ6iYu11nqJi7XWegn7gx9SeaJiUrmj4g6VqWJSmSr+JpWTim9SmSomlaliUrmj4kTlpGJSOam4Q2WqmFS+qeKbVO6oOFGZKu5QmSqeuFhrrZe4WGutl7hYa62XsD94QGWqmFSmiknljopJZaqYVKaKb1I5qThRmSomlaliUpkq/iUqU8WkckfFpDJVnKhMFZPKVPGEylRxh8pUMalMFZPKVDGpTBUnKlPFpDJVTCpTxTddrLXWS1ystdZLXKy11kvYHzygMlX8l1SmiknljoonVKaKO1SmiknljopJZaqYVKaKE5U7KiaVqWJSmSomlZOKSWWqeEJlqnhCZao4UZkqJpU7Kp5QOan4pou11nqJi7XWeomLtdZ6CfuDB1SmihOVk4pJZaqYVE4qJpWTihOVOypOVKaKSeWOihOVk4oTlf9SxR0qJxWTylRxojJV3KEyVZyoTBWTyknFpPJNFScqU8U3Xay11ktcrLXWS1ystdZLfHio4o6KOyruqJhUTiomlaliqphUnqiYVKaKSeWbKiaVqeKOijtUpoonVO5QmSq+SeUJlaliUpkqnqi4Q2VSuUNlqnjiYq21XuJirbVe4mKttV7iw0Mqf1PFVDGpTBWTyqQyVUwqT6hMFScVk8pUcYfKHRWTyhMqU8WJyknFExVPqEwVJxV3qEwVd6h8k8pUcVIxqZxUfNPFWmu9xMVaa73ExVprvcSHL6v4JpUTlW9SOamYVH6p4kRlqpgqTlR+qeKbVKaKqeIJlaliqjhROak4qZhUpoqp4gmVk4pvqphUpoonLtZa6yUu1lrrJS7WWuslPvyYyh0VT1RMKlPFpDJVnKhMFXeoTBWTyh0VJyp3VEwqU8WkMqn8TSpTxaRyR8WJyknFpDKpTBUnFZPKScWJyonKN1VMKr90sdZaL3Gx1lovcbHWWi/x4f8ZlROVk4pJ5Y6Kk4onVE4qTlTuqHhC5aTiRGVSmSpOVCaVk4oTlW9SmSomlUllqjipOFGZKiaVOyp+6WKttV7iYq21XuJirbVe4sPLVUwqT6jcUTGp3FFxonJS8UTFpDJVTConFVPFicpJxaQyqTxRcaIyVdyhMlVMFZPKVDGpTCpTxaRyUjGpTBWTyknFL12stdZLXKy11ktcrLXWS3z4sYpfqphUTiomlZOKE5UTlaliUpkqJpWpYqo4UZkqJpWp4qTil1ROKp6ouENlqpgq7lA5UTmpuKNiUpkqJpX/ZRdrrfUSF2ut9RIXa631Eh++TOVvUvkllW9SmSomlW+qmFSmikllqphUpoo7VKaKqWJSOVGZKiaVE5UnVO6oOFGZKiaVqeJEZaqYVKaKSeWOihOVqeKbLtZa6yUu1lrrJS7WWusl7A/WWusFLtZa6yUu1lrrJS7WWuslLtZa6yUu1lrrJS7WWuslLtZa6yUu1lrrJS7WWuslLtZa6yUu1lrrJS7WWuslLtZa6yUu1lrrJS7WWusl/g8e+TibJ2+M2QAAAABJRU5ErkJggg==',133,'2024-10-13 17:00:26','2024-10-13 17:00:26'),(36,'data:image/png;base64,iVBORw0KGgoAAAANSUhEUgAAATQAAAE0CAYAAACigc+fAAAAAklEQVR4AewaftIAABcISURBVO3BQY7YSBLAQFLo/3+Z62OeChCktmeFjLA/WGutD7hYa62PuFhrrY+4WGutj7hYa62PuFhrrY+4WGutj7hYa62PuFhrrY+4WGutj7hYa62PuFhrrY+4WGutj7hYa62PuFhrrY+4WGutj/jhIZW/qWJSeVPFpDJVTCpTxaTyRMWJylQxqUwVJypTxYnKVHGHylRxh8rfVHGHylQxqUwVk8pJxaTyRMWk8jdVPHGx1lofcbHWWh9xsdZaH/HDyyrepHJScYfKicqJyonKHRWTyonKVHFS8TepTBWTyh0qU8VJxaQyVUwqU8WJylRxUvFExaRyUvGbKt6k8qaLtdb6iIu11vqIi7XW+ogffpnKHRV/U8WJylQxqZxUnKicqJyoTBWTyh0Vd1RMKpPKScWkMlVMKicqT6g8oTJVnFTcUTGp3FHxJpU7Kn7TxVprfcTFWmt9xMVaa33ED//nVE4qpoonVKaK31Rxh8q/VDGpTBUnFXdUTConKndUTCqTyonKExWTylTxhMpU8f/sYq21PuJirbU+4mKttT7ih4+pmFSmikllqpgq7lCZKp5QmSomlTsq3qRyh8odFScqU8Wk8qaKSeWJikllUnlCZar4sou11vqIi7XW+oiLtdb6iB9+WcXfpHKiMlW8qWJSmSqmikllqphUpopJ5Q6Vk4o7Ku5QOVH5TRWTyqQyVUwVf1PFmyqeqPgvuVhrrY+4WGutj7hYa62P+OFlKv9SxaQyVUwqU8WkMlVMKlPFHSpTxaQyVUwqU8WkckfFpDJV3KEyVZxUTCpTxaRyR8WkMlVMKicqU8WkMlVMKlPFpHKiMlXcoTJVnKj8l12stdZHXKy11kdcrLXWR9gf/B9TOamYVO6ouEPliYpJ5YmK36QyVdyhclIxqUwVJypTxYnKHRWTylQxqTxRMamcVEwqJxX/zy7WWusjLtZa6yMu1lrrI354SGWquENlqphU7qh4ouKJikllqphUJpWp4g6VSWWquENlqjhReaJiUnmiYlKZKk4qJpXfVDGp3FHxhMqbKk5UpoonLtZa6yMu1lrrIy7WWusj7A9+kcpUMamcVEwqJxVvUpkqJpU7KiaVJypOVO6oeELlpGJSmSpOVKaKSWWqmFTuqLhDZao4UTmpeELlpOJEZao4UXmi4omLtdb6iIu11vqIi7XW+ogfHlK5Q2WqmFQmlaliUplUpooTlZOKOyqeqJhUpopJZaq4o2JS+ZsqTlR+U8WkcqJyUnFHxaTypopJ5URlqniiYlL5TRdrrfURF2ut9REXa631EfYH/0dUnqiYVJ6oOFF5U8WJyknFpHJScaLymyomlaliUpkqnlC5o+JvUnlTxf+zi7XW+oiLtdb6iIu11voI+4MHVKaKSeWk4kRlqphUTiomlaliUpkqJpWpYlKZKu5QOamYVE4q7lA5qbhDZao4Ubmj4g6Vk4oTlaliUpkqTlSmijtUTiomlTdVTCpTxaQyVbzpYq21PuJirbU+4mKttT7ih4cq7qiYVE4qJpWTiknlTRWTyh0qU8VUcUfFicodFZPKicoTKicVk8qJyknFpHJHxaQyVZyoTBWTylRxR8UdFZPKScVJxaTyN12stdZHXKy11kdcrLXWR9gf/IeonFScqEwVJyonFScqJxUnKicVd6jcUXGHylQxqZxUvEnlpGJSOal4QmWqOFG5o2JSmSomlZOKJ1ROKiaVk4onLtZa6yMu1lrrIy7WWusjfnhI5Y6KOypOVKaKSeWOihOVqWJSeaLiRGWqeJPKVDFVPKHyRMVUMalMKlPFpHKiclIxVZyoTBWTyh0Vk8pU8SaVJyomlTddrLXWR1ystdZHXKy11kfYH7xI5TdVTConFZPKScUdKlPF36TyRMWkMlVMKlPFicpJxaQyVfwmlZOKSWWqmFSmiknliYoTlZOKJ1SmihOVqeI3Xay11kdcrLXWR1ystdZH/PDLKk5UpooTlaliUnmTyhMqJxWTylQxqUwVd6hMKlPFEyonFScVd6hMFZPKHRUnFScVk8pU8YTKVHFSMamcVJxUTCpTxYnKVPGmi7XW+oiLtdb6iIu11voI+4MHVKaKSeWkYlK5o+JE5aTib1KZKiaVqWJS+ZsqTlSmit+k8kTFicpUMamcVNyhMlWcqNxR8YTKScWkMlVMKlPFmy7WWusjLtZa6yMu1lrrI354qGJSmSomlZOKO1SmiqliUplUpooTlZOKSeUJlaliUrmjYlK5Q+UOlZOKE5WpYlKZKk5U7lA5qThROamYVKaKOypOVO6omFTepDJVPHGx1lofcbHWWh9xsdZaH/HDQyonKk+oTBVTxaQyVUwVk8qkMlU8UTGpnFScqJxU/JdVTConFScVk8pUcUfFpDJVTCq/SeWk4o6KE5VJ5Y6KSWWq+E0Xa631ERdrrfURF2ut9RH2B/+QyknFicpU8SaVOyomlaniROWk4kRlqphUpoonVE4qTlSeqJhU7qiYVKaKO1SmiidUpopJZao4UTmpmFSmikllqjhRmSredLHWWh9xsdZaH3Gx1lofYX/wgMpJxYnKVDGpTBWTyknFEypTxYnKVPGEyh0Vk8pJxYnKVHGickfFpPKbKk5UTiruULmj4kRlqphUpoonVKaK/7KLtdb6iIu11vqIi7XW+ogfHqo4UTmpmFSmipOKE5Wp4k0qT6hMFVPFpDJVTCpTxaQyqZxUTCpTxVQxqbypYlI5qZhUTiomlROVk4oTlTsqJpWp4v+JylTxxMVaa33ExVprfcTFWmt9hP3BAyonFZPKmyruUJkqTlROKk5UpoonVJ6omFSmiknljopJZaqYVE4qfpPKVDGpTBWTylQxqdxRMalMFXeoTBUnKlPFpDJVTCpTxaQyVbzpYq21PuJirbU+4mKttT7ih5dV3FHxJpWTikllqjipmFROKu5QeaJiUjmpeKLipOKk4kRlqjhRmSruUHlCZao4UblD5Y6KE5UTlROVqeIOlaniiYu11vqIi7XW+oiLtdb6iB/+MZU7Ku6oeKJiUpkqTlSmiknlpOJE5aRiUjmpOKk4UZkq3qQyVdyhMlVMKicqU8Wk8oTKHRV3qDxRMak8UfGmi7XW+oiLtdb6iIu11voI+4MXqUwVJypTxR0qf1PFicpUMan8SxUnKlPFpHJSMalMFZPKmypOVKaKSWWqmFROKu5QmSruUJkqnlCZKv6fXKy11kdcrLXWR1ystdZH/PDLVKaKqWJSOamYKk5UTipOVE5Upoo7KiaVqeIOlaniRGWqmFSeqHhTxZtUpopJ5QmVqWKqmFROKqaKSWWquKNiUpkq3qQyVTxxsdZaH3Gx1lofcbHWWh9hf/Ailanib1J5U8WkckfFpHJScaLypooTlScq7lC5o2JSmSpOVE4q7lA5qThRuaNiUpkqJpWTikllqphUpopJZar4TRdrrfURF2ut9REXa631EfYHD6jcUXGi8qaKSWWqOFF5ouJE5TdVnKicVEwqb6o4UZkqfpPKScWkclIxqZxUTCpTxYnKVHGi8i9VvOlirbU+4mKttT7iYq21PuKHl1XcoXJScYfKScUdFZPKVPE3VUwqU8UTFXdUnKicqJxUTConFScqU8VJxaRyUnFHxUnFHRUnKlPFpDJV/D+5WGutj7hYa62PuFhrrY/44ZepPKHyJpWTipOKO1ROKt6kMlVMKlPFicqJypsqJpWTijsqJpWp4qRiUvlNKlPFpDJVnFRMKicqd1ScqJxUPHGx1lofcbHWWh9xsdZaH2F/8CKVqWJSOam4Q+U3VdyhckfFpHJS8ZtUTiomlaniDpWTijtUnqiYVKaKSeWOiknliYpJ5aRiUpkq7lCZKk5Upoo3Xay11kdcrLXWR1ystdZH/PCyikllqphUTlSmijdVnKi8qWJSmSomlROVqeIOld+kMlWcVNyhclJxh8rfVHGiMlVMKicVT6hMFXeoTBWTylTxxMVaa33ExVprfcTFWmt9xA8PqUwVU8UTFW+qmFROKiaVqeJE5aTipOIOlaliUjmpeFPFEyr/ZRUnKneoTBWTyh0qU8UdFU9UTCpTxZsu1lrrIy7WWusjLtZa6yPsD16kMlVMKv9SxR0qJxWTyknFEypTxaQyVdyh8l9SMamcVEwqU8WkclJxojJV/CaVk4o7VN5UcaJyUvHExVprfcTFWmt9xMVaa32E/cEDKlPFHSpTxYnKVDGpnFScqJxUTConFZPKVPElKlPFicpU8YTKExUnKk9UTCpTxaRyUjGp3FFxh8pUMalMFZPKVPGmi7XW+oiLtdb6iIu11vqIH16mclIxVUwqJxWTyknFm1TuUJkqnlCZKiaVN1WcqJyo/JdVnKicVJyoTConKicVT1ScqEwVb6qYVKaKJy7WWusjLtZa6yMu1lrrI354qGJSOVGZKqaKE5WTiknlpGKqOFGZKiaVqWJSmSqeUJkqTlROKp6omFROKiaVOyruqJhUpoo7VKaKqeIOlTtUpopJZVKZKp5QmSomlaniN12stdZHXKy11kdcrLXWR/zwj6ncUTGpvEllqrij4g6VqeKk4kTljopJ5TdVTConFZPKpHJScVIxqUwVk8pUMamcVJxUTCpPVEwqk8pUMamcVEwqJyq/6WKttT7iYq21PuJirbU+4od/rOIOlaliUrlD5URlqphUTiqmiknlROWk4qRiUplUpoo3VZxUnKicVEwqJypTxR0Vk8oTKm9SmSqmihOVk4qTihOV33Sx1lofcbHWWh9xsdZaH/HDQyonFZPKpHJHxUnFpPJfojJVTCpTxZsq7lCZKp5QmSomlaniRGWqOKk4qThReUJlqphUpoqTihOVk4qTihOVJyredLHWWh9xsdZaH3Gx1lofYX/wD6mcVNyhMlXcoTJVTCpTxaRyR8WkMlVMKicVd6icVNyhMlWcqDxRMalMFf9lKn9TxaTypopJZaqYVKaKJy7WWusjLtZa6yMu1lrrI+wPHlCZKiaVOyomlScqTlSmikllqvibVE4qfpPKScWJylRxojJVTCpTxaRyUjGpnFRMKlPFpDJV/CaVqeIOlaliUjmpuENlqnjTxVprfcTFWmt9xMVaa32E/cEDKndUTConFZPKHRVPqJxUPKFyR8UdKndUnKicVJyoTBUnKicVJypPVLxJZaqYVKaKE5WpYlKZKiaVf6niTRdrrfURF2ut9REXa631EfYHD6i8qWJSmSpOVKaKE5Wp4k0qU8WkMlWcqLyp4gmVqeIOlaliUrmj4kRlqphUpopJZaqYVP6miknljopJZaqYVO6omFROKp64WGutj7hYa62PuFhrrY+wP3iRyknFpHJSMamcVEwqU8WJyh0Vk8pUMamcVEwqU8UdKk9U3KEyVUwqU8WbVE4qTlTuqJhU7qiYVE4q/iWVqeIJlaniiYu11vqIi7XW+oiLtdb6CPuDF6k8UTGpnFRMKlPFpDJVTConFU+oTBWTyh0Vb1K5o2JSOal4QmWqmFTuqLhD5YmKSWWqmFSmikllqphU7qi4Q2WqmFTuqHjiYq21PuJirbU+4mKttT7ih4dUTipOVE4qTlSmijtUpoo7VJ5QOamYVE5U/iaVqeIJlZOKf6liUpkqTlSmikllqphUTlROKk5U7qi4o2JSedPFWmt9xMVaa33ExVprfcQPL6uYVKaKE5WTihOVqeIJlaniiYo7VE5UpopJ5U0Vk8qkckfFVHGHyh0VT6i8SeWJiknlRGWqOKmYVCaVk4pJ5TddrLXWR1ystdZHXKy11kf88JepTBWTylQxqUwVJypTxRMqd1RMKlPFpPKmiknljopJ5Y6KSeUJlaliUpkq7lA5qThRmSpOKiaVJyomlROVqWJSmSomlTsqJpU3Xay11kdcrLXWR1ystdZH2B+8SGWqmFSeqLhDZap4QmWq+E0qU8WJylRxh8pUMalMFZPKVHGiMlVMKlPFm1SmihOVqWJS+S+pOFG5o+IOlZOKN12stdZHXKy11kdcrLXWR/zwsopJ5Y6KE5WpYlK5Q2WqeEJlqphUpopJ5Q6VqWJSOak4UTlROVE5qZhUnlC5o2JSOak4qZhUpopJ5Y6KSeWJiknlRGWq+C+5WGutj7hYa62PuFhrrY+wP3hAZaqYVKaKSeWOikllqjhROamYVO6o+JdUpopJ5aTiDpXfVHGickfFicqbKiaVk4rfpDJV3KFyR8WkMlW86WKttT7iYq21PuJirbU+4oeXqZyoTBV3qDxRMamcVEwqU8WkMlVMKlPFpDJVTCpTxYnKScWkMlU8UfEmlZOKSeVEZaqYVKaKSWWqmFSeUDmpmFROKiaVOyomlSdUpoonLtZa6yMu1lrrIy7WWusjfnhZxaQyVZyo3FFxonJSMalMFVPFpDJV3KHypoo7VO5Q+ZtU7lA5Ubmj4g6VOypOKiaVk4pJ5YmKk4pJZVKZKn7TxVprfcTFWmt9xMVaa32E/cGLVE4qJpWp4kRlqrhDZao4UTmpOFGZKiaVqeIJlaliUpkqJpU7Kk5UpooTlZOKSeWOiknlpGJSmSrepDJVnKicVNyh8kTFv3Sx1lofcbHWWh9xsdZaH/HDQypTxaRyh8pJxaQyVdyhMlVMFScqU8WJylRxojJVTCq/qeKJikllqniiYlI5UZkq7qg4UZkqTlTeVHGiMlVMFScqU8WJylTxmy7WWusjLtZa6yMu1lrrI374ZRUnFf9SxaQyVUwqJyp3qEwVJyonFXeoTBWTylRxh8pUcUfFicpJxYnKScWJyh0qb6o4UZkqJpWp4g6Vk4oTlaniiYu11vqIi7XW+oiLtdb6iB/+MpWTiknlpOJE5QmVqWJSmSomlZOKSWWqOFGZVKaKqWJSOak4UblD5aTiROWkYlKZKk4qJpWp4g6VOyruUJkqnlB5ouJE5TddrLXWR1ystdZHXKy11kfYH/wfU5kq3qQyVUwqJxWTylQxqUwVk8pUcaJyUnGiMlVMKlPFHSp3VNyhMlWcqLyp4gmVJyomlZOKO1TuqPhNF2ut9REXa631ERdrrfURPzyk8jdV3KFyUnGHyknFpDJVnFQ8oXJSMalMFVPFEypTxUnFpHKHylTxpoo3qUwVJxWTym9SmSruqJhUpoo3Xay11kdcrLXWR1ystdZH/PCyijepnFScVEwqd1ScqJxUTCp/U8WkMlXcoXJHxR0qJypTxZsqJpVJ5YmKqWJSmSpOKk5Unqh4U8WkMlU8cbHWWh9xsdZaH3Gx1lof8cMvU7mj4g6VqeIOlaliUpkqpopJZar4l1SmiknlTSpvqrij4k0Vk8odFXdUPKEyVUwqJypPVNxR8aaLtdb6iIu11vqIi7XW+ogf/s9VTCpTxVQxqUwqd6hMFScVk8pJxaRyR8WkMlWcqNxR8SaVqeJEZaqYVKaKSWWqmCr+JpWTiqnijopJZao4UZlUpopJ5aTiiYu11vqIi7XW+oiLtdb6iB8+pmJSmSqmijtUpopJ5aRiqjhROVG5o2JSmSruqJhUpopJZaq4Q+Wk4g6VqeJEZaq4Q+WJiknlpOJfUpkqftPFWmt9xMVaa33ExVprfcQPv6ziX6q4Q2WqmComlaliUrlDZap4QmWqmComlZOKf6niiYoTlTtUTipOKv6miknlTRX/0sVaa33ExVprfcTFWmt9xA8vU/mbVKaKE5U3VdyhMlVMFZPKVDGpTBVvqphUTipOKiaVO1SmihOVqeKk4g6VE5U7VE4qpooTlaniv0RlqnjiYq21PuJirbU+4mKttT7C/mCttT7gYq21PuJirbU+4mKttT7iYq21PuJirbU+4mKttT7iYq21PuJirbU+4mKttT7iYq21PuJirbU+4mKttT7iYq21PuJirbU+4mKttT7if7lG4Hv8tqu0AAAAAElFTkSuQmCC',134,'2024-10-13 17:02:49','2024-10-13 17:02:49'),(37,'data:image/png;base64,iVBORw0KGgoAAAANSUhEUgAAATQAAAE0CAYAAACigc+fAAAAAklEQVR4AewaftIAABb/SURBVO3BQY7Y2JLAQFKo+1+Z42WuHiBIZffXZIT9wVprfcDFWmt9xMVaa33ExVprfcTFWmt9xMVaa33ExVprfcTFWmt9xMVaa33ExVprfcTFWmt9xMVaa33ExVprfcTFWmt9xMVaa33ExVprfcQPD6n8TRWTym+qOFGZKiaVJypOVKaKSWWqOFGZKk5Upoo7VKaKO1T+poo7VKaKSWWqmFROKiaVJyomlb+p4omLtdb6iIu11vqIi7XW+ogfXlbxJpWTijtU7lC5Q2WqmFSmihOVk4qTir9JZaqYVO5QmSpOKiaVqWJSmSpOVKaKk4onKiaVk4rfVPEmlTddrLXWR1ystdZHXKy11kf88MtU7qj4myruUDmpmFSmiknlpGJSmVSmiknljoo7KiaVSeWkYlKZKiaVE5UnVJ5QmSpOKu6omFTuqHiTyh0Vv+lirbU+4mKttT7iYq21PuKH/3EqJxVTxZsq7lA5qTipOFH5lyomlanipOKk4kTlROWOikllUjlReaJiUpkqnlCZKv6XXay11kdcrLXWR1ystdZH/PAxFZPKVDGpTBWTylRxonJHxaQyVbyp4k0qd6jcUTGpnFRMKm+qmFSeqJhUJpUnVKaKL7tYa62PuFhrrY+4WGutj/jhl1X8TSpTxRMVd1RMKicqd6i8SeWk4o6KO1ROVH5TxaQyqUwVU8XfVPGmiicq/ksu1lrrIy7WWusjLtZa6yN+eJnKv1QxqUwVd6hMFZPKVHFSMalMFZPKVDGpTBWTyh0Vk8pUcYfKVHFSMalMFZPKHRWTylQxqZyoTBWTylQxqUwVk8qJylRxh8pUcaLyX3ax1lofcbHWWh9xsdZaH2F/8D9M5Y6KE5Wp4g6VN1VMKlPFpDJV/CaVqeIOlZOKSWWqOFGZKk5U7qiYVKaKSeWJiknlpOL/k4u11vqIi7XW+oiLtdb6iB8eUpkq7lCZKiaVOyomlROVqeKJiknljoqTijtUpoo7VKaKE5UnKiaVJyomlanipGJS+U0Vk8odFScqf1PFicpU8cTFWmt9xMVaa33ExVprfcQPv0xlqpgqJpWp4g6VqeIJlaliUrmj4gmVqWKqmFQmlZOKqeKkYlI5qZhUTiomlROVqeJE5Y6KJyomlUllqjipOFE5qThRmSpOVCaVv+lirbU+4mKttT7iYq21PuKHhyomlROVqeJE5Y6KE5Wp4jdVPKEyVUwqU8VUMalMFZPK31RxovKbKiaVE5WTijsqJpU3VUwqJypTxaQyVZxUTCq/6WKttT7iYq21PuJirbU+wv7gAZUnKiaVqWJSeVPFpHJHxR0qT1ScqEwVJyonFScqv6liUpkqJpWp4gmVOyr+JpU3Vfwvu1hrrY+4WGutj7hYa62PsD94kcodFZPKScWk8kTFpDJVnKjcUXGickfFpHJScaJyUnGHylRxonJHxR0qJxUnKlPFpDJVnKhMFXeonFRMKm+qmFSmikllqnjTxVprfcTFWmt9xMVaa33ED39ZxUnFicpJxYnKHSonFScqk8pUMVWcqDyhclIxqZyoPKFyUjGpnKicVEwqd1RMKlPFicpUMalMFXdU3FExqZxUnFRMKn/TxVprfcTFWmt9xMVaa32E/cE/pDJVTCpTxYnKVHGiclJxonJHxaRyUjGpTBV3qEwVd6hMFZPKScWbVE4qJpWTiidUpooTlTsqJpWpYlI5qXhC5aRiUjmpeOJirbU+4mKttT7iYq21PuKHh1TuqJgqJpWp4kRlqphU7qh4ouKJipOKSeVNKlPFVPGEylQxqZxUTBWTyqQyVUwqJyonFVPFicpUMancUTGpTBVvUnmiYlJ508Vaa33ExVprfcTFWmt9xA8PVUwqJyp3qEwVJypTxaQyVdyhMlU8UfFExR0qT6hMFVPFpDJV3FFxR8UTKlPFpHKiMlWcqPwmlaniTRUnKlPFVPGmi7XW+oiLtdb6iIu11vqIH35ZxaRyUnGiMlVMKicVk8pUMalMFZPKVDGpnFRMKlPFicpJxYnKVPGEyhMVd6hMFZPKHRUnFScVk8pU8YTKVHFSMamcVJxUTCpTxYnKVPGmi7XW+oiLtdb6iIu11voI+4MHVKaKSeWkYlK5o2JSOak4UZkq3qQyVZyoTBUnKm+qOFGZKn6TyhMVJypTxaRyUnGHylRxonJHxRMqJxWTylQxqUwVb7pYa62PuFhrrY+4WGutj/jhoYpJZaqYVCaVqeJNFU+onFScqDxRMalMFXdUTCp3qNyhclJxojJVTCpTxYnKHSonFScqJxWTylRxR8WJyh0Vk8qbVKaKJy7WWusjLtZa6yMu1lrrI354SOVE5Q6VJyomlaliUnlCZaqYKn6TylTxX1YxqZxUnFRMKlPFHRWTylQxqfwmlZOKOypOVCaVOyomlaniN12stdZHXKy11kdcrLXWR9gf/EMqU8W/pDJVTConFZPKVDGpTBWTylRxojJVTCpTxRMqJxUnKk9UTCp3VEwqU8UdKlPFEypTxaQyVZyonFRMKlPFpDJVnKhMFW+6WGutj7hYa62PuFhrrY+wP/gPUzmpmFSmijtUpoo7VKaKE5WpYlK5o+JEZao4UZkqTlTuqJhUflPFicpJxR0qd1ScqEwVk8pU8YTKVPFfdrHWWh9xsdZaH3Gx1lof8cNDKlPFpHJSMalMFZPKScWkMlXcoTJVTCp3qEwVk8pUMalMFScqJyonFZPKVDFVTCpvqphUTiomlZOKSeVE5aTiROWOikllqvhfojJVPHGx1lofcbHWWh9xsdZaH/HDL6uYVCaVE5UnKk5U7lA5qZhUpoqTiknlRGWqOKmYVKaKSeVEZao4qZhUTipOKu6omFTeVDGpPKEyVUwVJypTxYnKVDGpTBWTylQxqUwVb7pYa62PuFhrrY+4WGutj/jhl6lMFU+oTCp3VJxUTCpTxaQyqUwVk8pJxZsqTiqeqDipOKk4UZkqTlSmijtUnlCZKk5U7lC5o+JE5UTlRGWquENlqnjiYq21PuJirbU+4mKttT7ih5epTBWTyhMVT6jcUTGpTBWTyknFicpUcaJyh8pJxUnFicpU8SaVqeIOlaliUjlRmSomlSdU7qj4myomlScq3nSx1lofcbHWWh9xsdZaH2F/8IDKVDGpTBUnKlPFicpUMan8poo7VKaKSeU3VZyoTBWTyknFpDJVTCpvqjhRmSomlaliUjmpuENlqrhDZap4QmWq+F9ysdZaH3Gx1lofcbHWWh/xwy+rmFSmiqliUpkqpoqTiknlpGJSmSomld9UcYfKVHGiMlVMKk9UvKniTSpTxaTyhMpUMVVMKicVU8WkMlXcUTGpTBVvUpkqnrhYa62PuFhrrY+4WGutj7A/eJHKScWkclLxJpU7KiaVk4pJ5Y6KE5U3VZyoPFFxh8odFZPKVHGiclJxh8pJxYnKHRWTylQxqZxUTCpTxaQyVUwqU8VvulhrrY+4WGutj7hYa62PsD94QOW/rGJSmSpOVJ6oOFGZKiaVOyruUDmpmFTeVHGiMlX8JpWTiknlpGJSOamYVKaKE5Wp4kTlX6p408Vaa33ExVprfcTFWmt9xA8vq7hD5aRiUpkqJpVJZaqYVKaKqWJSmSp+U8WkMlW8qeKOihOVE5U7VE4qTlSmipOKSeWk4o6Kk4o7Kk5UpopJZar4X3Kx1lofcbHWWh9xsdZaH/HDL1N5QuVE5aRiUvmbVJ5QmSomlZOKSWWqOFE5UfmXKu6omFSmipOKSeU3qUwVk8pUcVIxqZyo3FFxonJS8cTFWmt9xMVaa33ExVprfcQPD1VMKlPFpHJScYfKVDGp3KEyVZyoTBV3VEwqU8WkMlVMKpPKVHGiclIxqUwVd6icVNyh8iaVqeJE5aRiUrlDZaqYVE4qTiruUHmi4k0Xa631ERdrrfURF2ut9RE/PKQyVUwqU8WkcqIyVZyo3FFxojJVTCqTyknFpDJVTCpTxaTyhMpvUpkq3qRyUnGHyt9UcaIyVUwqJxVPqEwVd6hMFZPKVPHExVprfcTFWmt9xMVaa33EDy9TmSqeqHhTxaQyVUwVd1RMKicVJxV3VJyonFS8qeKOiknlv6ziROUOlaliUrlDZaq4o+KJikllqnjTxVprfcTFWmt9xMVaa32E/cFfpPIvVdyhMlWcqJxUPKEyVUwqU8UdKv8lFZPKScWkMlVMKicVJypTxW9SOam4Q+VNFScqJxVPXKy11kdcrLXWR1ystdZH2B+8SGWquENlqphUnqh4k8pJxaQyVbxJ5aTiN6lMFScqU8UTKk9UnKg8UTGpTBWTyknFpHJHxR0qU8WkMlVMKlPFmy7WWusjLtZa6yMu1lrrI354SOVEZaqYVE5Unqi4Q+WOikllUpkqTlSmikllqrhD5Y6KE5UTlf+yihOVk4oTlUnlROWk4omKE5Wp4k0Vk8pU8cTFWmt9xMVaa33ExVprfcQPD1VMKicqJxVvUjmpuKPijopJZao4UTlRmSpOVE4qnqiYVE4qJpU7Ku6omFSmijtUpoqp4g6VO1SmikllUpkqnlCZKiaVqeI3Xay11kdcrLXWR1ystdZH/PDLKk5UJpWTikllqjipmFSmihOVqWKqmFTeVHGickfFpPKbKiaVk4pJZVI5qTipmFSmikllqphUTipOKiaVJyomlUllqphUTiomlROV33Sx1lofcbHWWh9xsdZaH/HDX6YyVdyhMlVMKicqT1RMKlPFExV3qJxUTCqTylTxpoqTihOVN6lMFXdUTCpPqLxJZaqYKk5UTipOKk5UftPFWmt9xMVaa33ExVprfYT9wQMqU8WkMlVMKndU3KHypopJ5aRiUpkqJpWp4kTlpOIJlaniCZWpYlKZKk5UporfpPKmikllqnhC5aRiUpkqTlSeqHjTxVprfcTFWmt9xMVaa32E/cEDKicVJyonFW9SmSomlaliUpkqJpXfVPEmlZOKO1SmihOVJyomlaniv0zlb6qYVN5UMalMFZPKVPHExVprfcTFWmt9xMVaa32E/cEvUrmjYlJ5ouIJlaniCZU7KiaVqeI3qZxUnKhMFScqU8WkMlVMKicVk8pJxaQyVUwqU8VvUpkq7lCZKiaVk4o7VKaKN12stdZHXKy11kdcrLXWR9gfPKAyVdyhclIxqUwVk8pU8YTKScUTKlPFm1TuqDhROak4UZkqTlROKk5Unqh4k8pUMalMFScqU8WkMlVMKv9SxZsu1lrrIy7WWusjLtZa6yPsD16kMlWcqEwVk8oTFZPKVDGpTBVPqJxU3KFyR8WkMlU8oTJV3KEyVUwqd1ScqEwVk8pUMalMFZPK31QxqdxRMalMFZPKHRWTyknFExdrrfURF2ut9REXa631EfYHL1I5qZhUTiruUDmpOFG5o+IOlZOKSWWqOFF5U8UdKlPFpDJVvEnlpOJE5Y6KSeWOiknlpOJfUpkqnlCZKp64WGutj7hYa62PuFhrrY+wP3hA5U0Vk8pvqjhRmSqeUJkqJpWTit+kckfFpHJS8YTKVDGp3FFxh8oTFZPKVDGpTBWTylQxqdxRcYfKVDGp3FHxxMVaa33ExVprfcTFWmt9xA+/rOJE5aRiUpkqJpU7VE4qTlSeUDmpmFTuqJhU3qQyVTyhclLxL1VMKlPFicpUMalMFZPKicpJxYnKHRV3VEwqb7pYa62PuFhrrY+4WGutj/jhZRWTylRxh8qJyknFpHJSMalMFXdUPKHyhMqbKiaVSeWOiqniDpU7Kp5QeZPKExWTyonKVHFSMalMKicVk8pvulhrrY+4WGutj7hYa62P+OEvU7mjYlI5qZhUpoonVKaKO1SmiknlpOJEZaqYVO6omFTuqJhUnlCZKiaVqeIOlZOKE5Wp4qRiUnmiYlI5UZkqJpWpYlK5o2JSedPFWmt9xMVaa33ExVprfYT9wYtUpoo7VE4q7lC5o+IOlaliUpkq7lB5U8WJylQxqUwVk8pUcaIyVUwqU8WbVKaKE5WpYlL5L6k4Ubmj4g6Vk4o3Xay11kdcrLXWR1ystdZH/PCyiknljooTlaliUjmpmFT+JpWpYlI5qXhCZao4UTlROVE5qZhUnlC5o2JSOak4qZhUpopJ5Y6KSeWJiknlRGWq+C+5WGutj7hYa62PuFhrrY+wP3hAZaqYVE4qJpWTikllqphU7qg4UZkq3qQyVUwqU8WkMlVMKicVd6j8pooTlTsqTlTeVDGpnFT8JpWp4g6VOyomlaniTRdrrfURF2ut9REXa631ET+8TGWqeKJiUnmiYlJ5k8pUMalMFScqU8WkcqJyUjGpTBVPVLxJ5aRiUjlRmSomlaliUpkqJpUnVE4qJpWTiknljopJ5QmVqeKJi7XW+oiLtdb6iIu11voI+4MHVKaKSWWqOFG5o+IOlaniCZWp4gmVOyqeUDmpmFTuqHhC5W+quEPliYo7VKaKE5WpYlI5qbhD5aTiN12stdZHXKy11kdcrLXWR9gfvEjlpGJSmSpOVKaKO1SmiknljooTlaniN6lMFZPKVDGp3FFxojJVnKicVEwqd1RMKicVk8pU8SaVqeJE5aTiDpUnKv6li7XW+oiLtdb6iIu11vqIHx5SmSomlTtUTiomlaniDpWp4g6VqeJEZaqYVKaKE5XfVPFExaQyVTxRMamcqEwVd1ScqEwVJypvqjhRmSqmihOVqeJEZar4TRdrrfURF2ut9REXa631ET/8soqTin+p4kTlDpWTiidUTiomlROVqWJSmSruUJkq7qg4UTmpOFE5qThRuUPlTRUnKlPFpDJV3KFyUnGiMlU8cbHWWh9xsdZaH3Gx1lof8cNfpnJSMamcVJyoTBWTylRxUjGpTBWTyqRyUnFSMamcVJyonFScqNyhclJxonJSMalMFScVk8pUcYfKHRV3qEwVT6g8UXGi8psu1lrrIy7WWusjLtZa6yPsD/6HqUwVJypTxaTypooTlaliUjmpuENlqjhRmSomlaniDpU7Ku5QmSpOVN5U8YTKExWTyknFHSp3VPymi7XW+oiLtdb6iIu11vqIHx5S+ZsqTlSmijsqJpWp4kTlTRWTyonKScWkMlVMFU+oTBUnFZPKHSpTxZsq3qQyVZxUTCq/SWWquKNiUpkq3nSx1lofcbHWWh9xsdZaH/HDyyrepHJSMamcVEwqU8VUcaJyh8qJypsqJpWp4g6VOyruUDlRmSreVDGpTCpPVEwVk8pUcVJxovJExZsqJpWp4omLtdb6iIu11vqIi7XW+ogffpnKHRV3qEwVk8pUcYfKVDFVnKj8SypTxaTyJpU3VdxR8aaKSeWOijsqnlCZKiaVE5UnKu6oeNPFWmt9xMVaa33ExVprfcQP/+MqTipOKiaVO1TuqJhUTipOVE4qJpWp4kTljoo3qUwVJypTxaQyVUwqU8VU8TepnFRMFXdUTCpTxYnKpDJVTConFU9crLXWR1ystdZHXKy11kf88DEqU8WkMlVMFScqU8WJyknFpPJExaQyVUwqU8UdFZPKVDGpTBV3qJxU3KEyVZyoTBV3qDxRMamcVPxLKlPFb7pYa62PuFhrrY+4WGutj/jhl1X8l1RMKicVU8WkMlVMFXdU/E0Vk8pJxd9U8aaKE5U7VE4qTir+popJ5U0V/9LFWmt9xMVaa33ExVprfcQPL1P5m1TuUHlCZao4UZkq3lQxqbypYlI5qTipmFSeqDhRmSpOKu5QmSomlTtUTiqmihOVqeK/RGWqeOJirbU+4mKttT7iYq21PsL+YK21PuBirbU+4mKttT7iYq21PuJirbU+4mKttT7iYq21PuJirbU+4mKttT7iYq21PuJirbU+4mKttT7iYq21PuJirbU+4mKttT7iYq21PuL/AGJ8yZWaR3o9AAAAAElFTkSuQmCC',135,'2024-10-13 17:03:52','2024-10-13 17:03:52'),(38,'data:image/png;base64,iVBORw0KGgoAAAANSUhEUgAAATQAAAE0CAYAAACigc+fAAAAAklEQVR4AewaftIAABdvSURBVO3BQW7kWhLAQFLw/a/M8TJXDxBU5d8jZIT9Yq21XuBirbVe4mKttV7iYq21XuJirbVe4mKttV7iYq21XuJirbVe4mKttV7iYq21XuJirbVe4mKttV7iYq21XuJirbVe4mKttV7iYq21XuKHh1T+UsUnqdxRMalMFZPKScUTKicVk8pUMalMFZPKVDGpTBWTyjdVTCpTxaQyVUwqU8WJylQxqZxU3KEyVUwqd1RMKn+p4omLtdZ6iYu11nqJi7XWeokfPqzik1SeUJkqTipOVJ6oOFG5o2JSmVSmijtU7qg4qZhUpooTlROVJ1SmikllqjhReUJlqpgqJpWp4pMqPknlky7WWuslLtZa6yUu1lrrJX74MpU7Ku5QOam4Q+Wk4kRlqrijYlI5UZkqJpVJZaq4o+JEZaq4Q2WqmCpOVP5LFXeoTCpPVEwqU8UnqdxR8U0Xa631EhdrrfUSF2ut9RI/vEzFHRWTyonKVDFVTCp3VEwVk8qJyknFScWkckfFExWTylQxqZxUTCp3qEwVk8pJxaQyVZyoTCpTxUnFicpU8f/sYq21XuJirbVe4mKttV7ih5dRmSomlanipGJSmVSmipOKSeVE5Y6KE5WTiqliUvkmlROVqeKOik+qmFROKk5UTipOVE4q3uxirbVe4mKttV7iYq21XuKHL6v4SxV3qEwVJxV3VDxR8UkVJypPVNyhMlU8oTJVTCpTxYnKVHFSMamcVEwVk8qkMlVMFZPKScUTFf+Si7XWeomLtdZ6iYu11nqJHz5M5V+iMlVMKicqU8WkMlVMKlPFHSpTxaQyVUwqU8WkMlVMKlPFpHKiMlXcoTJVTCpTxaQyVUwqU8UdKlPFScWkMlWcVEwqU8UdKlPFicq/7GKttV7iYq21XuJirbVe4oeHKv4lKlPFScWkckfFScWk8kkVk8pUMan8pYo7VE5UTlSmipOKSWWquEPlRGWq+CSVT6r4f3Kx1lovcbHWWi9xsdZaL/HDQypTxaTySRVTxaQyqZxU/KWKSeUOlaliqrijYlI5UTlReaJiUpkqnlCZKqaKT6o4UZkqpopJZaqYVKaKJ1Q+qeKbLtZa6yUu1lrrJS7WWusl7BdfpDJVnKhMFZPKVHGHylQxqUwVk8pUMalMFScqT1RMKlPFJ6mcVEwqU8WkMlWcqNxR8U0q31QxqZxUTCrfVDGpnFR808Vaa73ExVprvcTFWmu9xA8fpjJVTCpTxVQxqfxLKiaVE5Wp4qRiUnlC5aRiUjmpOFGZKr6p4kRlqphUnqg4UZkqJpWp4qTiROWkYlKZKiaVqeKk4kTlpOKJi7XWeomLtdZ6iYu11nqJHx5S+aaKO1TuUDlRmSqmikllqjipuKPipGJSOVGZKiaVf5nKVHFHxaQyVdyhckfFpHJSMamcVJxUTCpTxaRyR8VU8U0Xa631EhdrrfUSF2ut9RI/fFjFEyp3VJxU3KFyh8pfUvmkiknlk1Smiicq7qiYVE4qJpU7Ku5QmSomlUllqrhD5YmKT1KZKp64WGutl7hYa62XuFhrrZf44aGKJ1SmijtUTlSmiknlL6lMFZPKExWTylQxqUwVk8qJyknFX1I5qbij4g6VOyomlSdUpoqTihOVk4o7VKaKT7pYa62XuFhrrZe4WGutl7BfPKAyVZyoTBUnKlPFpDJVTCpTxaQyVZyofFPFpDJV3KHy/6ziCZWp4kTlpOKTVKaKSWWqmFSmiidU7qiYVO6o+KSLtdZ6iYu11nqJi7XWeokfHqo4UTlROak4qZhUTlSmik+qmFSmik9SOamYVE4qJpWp4kRlqjhROVGZKiaVqWKqmFTuqDhROamYVD6pYlI5qXii4qTiv3Sx1lovcbHWWi9xsdZaL2G/+EMq31RxojJVfJLKHRUnKn+p4pNU7qiYVE4q7lCZKiaVqWJSOak4UZkqTlTuqJhUTipOVKaKSeWJik+6WGutl7hYa62XuFhrrZf44ctUnqiYVJ6ouEPljooTlUllqpgqJpWp4gmVT1I5qThRuUNlqphUpopJ5Y6KE5Wp4g6Vk4pJ5aTiROUOlZOKSWWqmFSmiicu1lrrJS7WWuslLtZa6yXsFx+kclIxqfylikllqvhLKicVk8pUcaJyR8WkMlVMKlPFicpUcYfKVPFJKlPFicpUcaIyVUwqf6nik1ROKr7pYq21XuJirbVe4mKttV7ihy+rOKl4QmWqmFTuUJkqTlROKk4qTlSmiknlL6lMFXdU3KEyVZyoTBWTyjepnFRMKlPFpDJV3KFyonJScUfFpHKiMlU8cbHWWi9xsdZaL3Gx1lov8cNDKlPFpHJSMancUfFNKicVk8oTKk9UnKicqJxUnKicVDyhMlWcqEwVJyqfVHFSMamcqNxR8UkqU8Wk8l+6WGutl7hYa62XuFhrrZf44aGKk4oTlZOKSWVSuUNlqjhRmSruUHmi4qRiUpkqTiruULmjYlI5qZgq7qiYVE5UpoonKk5UpoqpYlKZKk5UTlTuqHii4i9drLXWS1ystdZLXKy11kv88GEqU8WkMlWcqEwVk8odFf9PVE4qpoqTihOVk4oTlUnlpGJSuaPipOKkYlI5qZgq7qg4UfkklaniDpVPUpkqPulirbVe4mKttV7iYq21XuKHf4zKVDGpfJLKVDFVPFExqdxRMalMKlPFExWTyqQyVUwVk8pUMan8JZU7Kp5QmSqeULmj4kRlqrhD5UTlL12stdZLXKy11ktcrLXWS9gvHlA5qZhUpooTlaliUpkqJpWTiidUpoo7VO6ouEPljoonVKaKSWWqOFE5qThROamYVJ6ouENlqphUTiq+SeWkYlKZKiaVk4onLtZa6yUu1lrrJS7WWusl7BcfpHJSMalMFScqT1RMKp9UcYfKVDGpTBWTylTxSSonFZ+kMlVMKlPFpHJHxV9SOamYVKaKT1KZKk5Upop/ycVaa73ExVprvcTFWmu9xA8PqUwVk8pJxYnKHRWTyh0VJyonKndUTConKk+o3FExqUwqJxWTyknFpHJHxaRyh8pUMalMFZPKVHFScVIxqUwVk8pJxYnKScWk8kTFJ12stdZLXKy11ktcrLXWS/zwx1TuqJhUTlSmikllqphUpoqp4g6VqeKOihOVSeWOiicqnqiYVE4qTlQ+SWWqOKm4Q+WOipOKOyr+UsU3Xay11ktcrLXWS1ystdZL2C8eUDmpOFG5o+IJlZOKSWWqmFSmijtU7qiYVKaKSeWJijtUpoo7VE4qJpWpYlKZKk5UPqniDpVvqrhD5aTiDpWp4pMu1lrrJS7WWuslLtZa6yXsF/8QlaliUpkqPknlpGJSeaLiCZWp4pNUTiruUJkqJpWp4kTlpGJSmSr+kspUMamcVEwqJxWTyknFicpJxaQyVUwqU8UTF2ut9RIXa631EhdrrfUSP3yYyknFpHKiMlVMKlPFpDJVnFScqJxUTCpTxR0qT6hMFd+kMlVMFZPKVDGpTBVTxR0VJypTxaQyVUwqU8UTFd9UMancUTGpnKhMFZ90sdZaL3Gx1lovcbHWWi/xw0MqU8WkMqlMFf8llZOKqWJS+SSVqeJE5aTiDpUnKk5UnlCZKk5UTiqmipOKk4o7VKaKSeUJlaliUjmpOFG5o+KbLtZa6yUu1lrrJS7WWuslfviPqfwllaniRGWqmComlaliUpkqpopJ5aTiRGWqOKmYVE5U/lLFpDJVnFScqEwVJyp3VHxSxaTySSp3VPyXLtZa6yUu1lrrJS7WWusl7Bf/IZWp4g6VqWJSuaPiRGWqmFROKk5UpooTlScqJpUnKu5Q+aaKSeWk4g6VqeIJlZOKO1SmikllqrhDZaqYVKaKb7pYa62XuFhrrZe4WGutl/jhIZWTiknlDpWp4kTlpGJSmVSmihOVJ1SmihOVk4pJZao4qThRuUNlqrijYlKZKp6omFSmikllqphUTiomlaniRGWqmFSmiknlDpWp4o6KSeWk4omLtdZ6iYu11nqJi7XWeokfHqr4poo7Kk5U7lA5qZhU7qg4UZkqJpVJZaqYVKaKSeWkYlI5qbij4gmVqeKbVKaKSeUOlaliqjip+KSKJ1Smiknlky7WWuslLtZa6yUu1lrrJX54SGWqmFTuUPlLFZPKVHGiclJxh8pU8S9ROVH5JJWpYlKZKiaVqeKk4qRiUplUTlSmikllUnmiYqqYVCaVT6qYVL7pYq21XuJirbVe4mKttV7CfvGAyhMVT6icVNyhMlXcoTJVPKEyVUwqU8UdKlPFicpUMamcVEwqT1ScqJxUTCpTxaRyUnGiclIxqUwVd6icVJyoTBVPqJxUPHGx1lovcbHWWi9xsdZaL/HDh1VMKlPFicodFZPKpHJScYfKScWJylQxqdxRMalMFZPKHSpTxSdVnKj8pYqTiknlROWk4pNU7lCZKk5UTiomlaliUvmki7XWeomLtdZ6iYu11nqJHx6qmFTuUJkqTlQmlaniROWbVKaKOyomlROVqeKkYlI5qThROak4UZkqnlCZKv4lFZPKEyp3VEwqJxWTylQxqZyoTBWfdLHWWi9xsdZaL3Gx1lovYb/4IpU7KiaVqeIOlaniROWk4kRlqrhDZaq4Q+WOihOVqeIOlZOKE5Wp4g6Vk4onVE4qJpWp4kTlpGJSeaLik1ROKj7pYq21XuJirbVe4mKttV7CfvFBKk9U3KHyTRWTylQxqdxRMalMFZPKHRWTyknFicpJxR0qJxWTylRxojJVPKEyVUwqU8WkclJxonJSMalMFXeonFQ8oTJVPHGx1lovcbHWWi9xsdZaL/HDh1U8oXJScVJxonJScVJxUjGpTBWTylRxUjGpnKicVNxRcaIyVdxRcYfKVHGHylQxqUwVk8pUMak8oTJVnKhMFXeonFQ8ofJNF2ut9RIXa631EhdrrfUSP3yZyknFScWkMlVMKlPFScWkMlVMKlPFpHKicqIyVZxU3KFyonJScVJxojJV/CWVqeKJiknlpOKOiknlDpWp4o6KSWWqmFSmiqnimy7WWuslLtZa6yUu1lrrJX54SOWTKiaVT6o4qbhDZao4UblDZao4UTmp+CSVk4qp4g6VqeJE5ZMqJpUnVKaKE5WTikllqphUTiruUJkqTlSmik+6WGutl7hYa62XuFhrrZewX3yQyhMVJyonFZPKHRWTyknFicpUMancUTGp3FHxX1KZKk5U7qiYVKaKf5nKVDGpTBWTyknFpDJVTCp3VNyhMlU8cbHWWi9xsdZaL3Gx1lov8cMfq5hUJpWTihOVqeKTKiaVk4pJ5aRiUjmpmFROVKaKSeWkYlKZKiaVqWJSmSruqJhUTlSmiknljoo7VKaKqeKTKiaVqWJSmSqeUPlLF2ut9RIXa631EhdrrfUSP3xZxRMVJyonKlPFpDJV3FHxL6l4omJSOamYVD6p4kRlqniiYlI5UZkqJpWp4kTlpOKkYlKZKk4qTlSmikllqjhR+aSLtdZ6iYu11nqJi7XWegn7xQMqJxVPqEwVJypTxaQyVUwqd1Q8oXJHxRMqU8WkMlU8oTJVTConFXeonFTcoXJHxaQyVUwqU8WkclIxqZxUTCpTxaRyR8WkMlV808Vaa73ExVprvcTFWmu9xA8PVdyhMlVMKlPFicpUMalMFXdUTCqTyh0VJxV3qJxUTBWTyonKExV3VEwqJxXfVHGHyhMqJxUnFZPKScVJxYnKv+RirbVe4mKttV7iYq21XsJ+8UEqU8UTKicVk8pJxYnKVHGHyh0Vk8pJxYnKHRV3qNxRcaIyVUwqU8UnqdxRMamcVEwqJxWTyknFpDJVnKhMFZPKN1V80sVaa73ExVprvcTFWmu9xA8PqUwVk8pUMamcVJyoTBWTyonKicpJxVQxqUwVk8pUMancUTGpPKFyUjGpTCpTxR0Vk8pJxaQyVZxU/EsqJpWTijsqnqiYVE4qJpWp4omLtdZ6iYu11nqJi7XWeokfPkzlRGWqmFQmlanimyomlaniCZWpYlKZKiaVk4qpYlKZVE4q7qh4QmWqOKk4qTipmFSmikllqrij4omKJ1TuqJhU/mUXa631EhdrrfUSF2ut9RL2iwdUnqi4Q+WTKj5JZao4UZkqJpWp4kRlqjhRuaPiDpWpYlKZKk5UpopJ5Y6Kb1I5qThROan4JJWp4g6VqWJSOal44mKttV7iYq21XuJirbVewn7xgMpUMalMFZPKVDGpTBUnKlPFpDJVTCp3VPwllaliUpkqJpWp4pNUpopJZaqYVKaKT1J5ouIJlaniRGWquEPlpOJE5aTiX3Kx1lovcbHWWi9xsdZaL/HDH1O5o2JSOak4qZhU7qi4Q2WqOFE5qTipOKmYVKaKJyomlROVqWJSOamYVKaKqWJSOamYVKaKSWWquENlqrhDZaqYVE5Upoo7VKaKE5Wp4omLtdZ6iYu11nqJi7XWegn7xRepnFScqEwVk8pUcaJyR8WJyknFicoTFScqn1QxqZxUnKicVJyoTBWTylRxonJScaIyVXyTyidVnKhMFScqU8U3Xay11ktcrLXWS1ystdZL2C++SOWJiknlpOKTVE4qPkllqphUTio+SWWqmFSmiknljooTlZOKSeWk4pNUPqnik1TuqDhRmSruUJkqnrhYa62XuFhrrZe4WGutl/jhIZWp4qRiUjlRmSomlROVqeKOihOVk4oTlTsqJpUTlanijoqTijsqJpVJ5aRiUjmpmFROVKaKE5WpYlKZKu5QmSomlaliUpkqJpWp4kRlqphUpopJZar4pIu11nqJi7XWeomLtdZ6CfvFAypTxX9JZaqYVO6oeEJlqvgklaliUpkqJpWpYlKZKiaVJyomlaliUpkqJpWTikllqnhCZap4QmWqOFGZKiaVOyqeUDmp+KSLtdZ6iYu11nqJi7XWegn7xQMqU8WJyknFpDJVTConFZPKVPFJKlPFpDJVTCr/pYoTlf9SxR0qJxWTylRxojJV3KEyVZyoTBWTyknFpPJJFScqU8UnXay11ktcrLXWS1ystdZL/PBQxR0Vd1TcUTGpnKicVHyTylQxqXxTxaQyVdxRcYfKVPGEyh0qU8UnqTyhMlVMKlPFExV3qEwqd6hMFU9crLXWS1ystdZLXKy11kv88JDKX6qYKiaVqWJSOamYVKaKSeWJijsq7lC5o2JSeUJlqjhROal4ouIJlanipOIOlaniDpVPUpkqTiomlZOKT7pYa62XuFhrrZe4WGutl/jhwyo+SeVE5YmKSeWTVE5Upoqp4kRlqpgqTlS+qeKTVKaKqeIJlaliqjhRuaNiqphUpoqp4gmVk4pPqphUpoonLtZa6yUu1lrrJS7WWuslfvgylTsqnqh4ouJEZaqYVKaKSWWqmFTuqDhRuaNiUpkqJpVJ5S+pTBWTyh0VJyonFZPKVDGpTBVTxaRyUnGicqLySRWTyjddrLXWS1ystdZLXKy11kv88DIqU8VUMancUTGpnKhMFScVT6icVJyo3FHxhMpJxYnKpDJVnKhMKicVJyonKneoTBWTyqQyVZxUnKhMFZPKHRXfdLHWWi9xsdZaL3Gx1lov8cPLVJyoPKFyUjGpTCpPVEwq31QxqUwVk8pJxVRxonJSMalMKk9UnKhMFScqU8VJxaQyVUwqk8pUMamcVEwqU8WkclLxTRdrrfUSF2ut9RIXa631Ej98WcU3VUwqd1RMKlPFicodFZPKScVJxRMqU8VJxTepnFQ8UXGHylQxVUwqU8WJyh0Vd1RMKlPFpPL/7GKttV7iYq21XuJirbVe4ocPU/lLKndUTConKlPFVHGHyknFicpJxYnKVDGpTBWTylRxh8pUMVVMKicqU8WkcqLyhMpUMalMFScqU8WkMlWcqEwVk8pUMancUXGiMlV80sVaa73ExVprvcTFWmu9hP1irbVe4GKttV7iYq21XuJirbVe4mKttV7iYq21XuJirbVe4mKttV7iYq21XuJirbVe4mKttV7iYq21XuJirbVe4mKttV7iYq21XuJirbVe4n96GkSA2nw2ywAAAABJRU5ErkJggg==',136,'2024-10-13 17:20:22','2024-10-13 17:20:22'),(39,'data:image/png;base64,iVBORw0KGgoAAAANSUhEUgAAATQAAAE0CAYAAACigc+fAAAAAklEQVR4AewaftIAABdtSURBVO3BQQ7c2JLAQFKo+1+Z42WuHiCoyu2vyQj7g7XWeoGLtdZ6iYu11nqJi7XWeomLtdZ6iYu11nqJi7XWeomLtdZ6iYu11nqJi7XWeomLtdZ6iYu11nqJi7XWeomLtdZ6iYu11nqJi7XWeokPD6n8TRXfpDJV3KEyVUwqJxVPqJxUTCpTxaQyVUwqU8WkMlVMKr9UMalMFZPKVDGpTBUnKlPFpHJScYfKVDGp3FExqfxNFU9crLXWS1ystdZLXKy11kt8+LKKb1J5QmWqeELliYoTlTsqJpVJZaq4Q+WOipOKSWWqOFE5UXlCZaqYVKaKE5UnVKaKqWJSmSq+qeKbVL7pYq21XuJirbVe4mKttV7iw4+p3FFxh8pJxR0qU8VJxUnFL6lMFZPKpDJV3FFxojJV3KEyVUwVJyr/pYo7VCaVJyomlanim1TuqPili7XWeomLtdZ6iYu11nqJDy9TcUfFpPKEylRxojJVnKhMFZPKScVJxaRyR8UTFZPKVDGpnFRMKneoTBWTyknFpDJVnKhMKlPFScWJylTxv+xirbVe4mKttV7iYq21XuLDy6hMFZPKVHGicqIyVZyoTBWTylRxojJVnKicVEwVk8ovqZyoTBV3VHxTxaRyUnGiclJxonJS8WYXa631EhdrrfUSF2ut9RIffqzib6qYVE5Upor/UsVJxaRyR8WJyhMVd6hMFU+oTBWTylRxojJVnFRMKicVU8WkMqlMFVPFpHJS8UTFv+RirbVe4mKttV7iYq21XuLDl6n8yyomlROVqWJSmSomlaliUpkqJpWp4g6VqWJSmSomlaliUjlRmSruUJkqJpWpYlKZKiaVqeIOlanipGJSmSpOKiaVqeIOlaniROVfdrHWWi9xsdZaL3Gx1lov8eGhin+Jyh0Vk8odFScVk8o3VUwqU8Wk8jdV3KFyonKiMlWcVEwqU8UdKlPFpDJVfJPKN1X8L7lYa62XuFhrrZe4WGutl/jwkMpUMal8U8VUMalMFScq/0tUpoqp4o6KSeVE5UTliYpJZap4QmWqmCp+qWJSmSqmikllqphUpoonVL6p4pcu1lrrJS7WWuslLtZa6yXsD35I5YmKE5WTijtUpopJZaqYVKaKO1TuqJhUpopvUjmpmFSmikllqjhRuaPil1R+qWJSOamYVH6pYlI5qfili7XWeomLtdZ6iYu11nqJD1+mclJxh8pUMVVMKicqJxWTylQxqZyoTBUnFZPKN6lMFZPKScWJylTxSxUnKlPFpPJExYnKVDGpTBUnFScqJxWTylQxqUwVJxUnKicVT1ystdZLXKy11ktcrLXWS3x4SOWkYlKZKiaVqeIJlZOKSeWOiknllypOKu5QmSomlX+ZylRxR8WkMlXcoXJHxaRyUjGpnFScVEwqU8WkckfFVPFLF2ut9RIXa631EhdrrfUSH76s4omKSeWk4o6Kk4o7VE4q/iaVqeKkYlL5JpWp4omKOyomlZOKSeWOijtUpopJZVKZKu5QeaLim1Smiicu1lrrJS7WWuslLtZa6yU+PFTxTSpTxYnKScWJylTxRMWJylQxqdyhcqIyVUwqU8WkcqJyUvE3qZxU3FFxh8odFZPKEypTxUnFicpJxR0qU8U3Xay11ktcrLXWS1ystdZL2B88oDJVnKg8UTGpTBWTylQxqUwVJyq/VDGpnFRMKlPFpPK/pOIJlaniROWk4ptUpopJZaqYVKaKJ1TuqJhU7qj4pou11nqJi7XWeomLtdZ6iQ8PVZyoPFFxUjGpnKhMFd9UMalMFf+yikllqjhRmSpOVE5UpopJZaqYKiaVOypOVE4qJpVvqphUTiqeqDip+C9drLXWS1ystdZLXKy11kt8+LGKE5UTlTsq7lCZKu6omFROVKaKb6r4poo7KiaVOyomlUllqniiYlI5UTmpuKPiDpWTikllUpkqpopJ5UTliYpvulhrrZe4WGutl7hYa62X+PCPq5hUnlCZKk5UpoqTihOVSWWqmCpOVE4qpopJ5ZtUTipOVO5QmSomlaliUrmj4kRlqrhD5aRiUjmpOFG5Q+WkYlKZKiaVqeKJi7XWeomLtdZ6iYu11noJ+4MvUvmXVJyonFT8kspUMalMFZPKVDGp3FExqUwVk8pUcaIyVdyhMlV8k8pUcaIyVZyoTBWTyt9U8U0qJxW/dLHWWi9xsdZaL3Gx1lov8eE/VvGEyh0qU8U3qUwVJxWTylQxqUwVk8ovqUwVd1TcoTJVnKhMFZPKL6mcVEwqU8WkMlXcoXKiclJxR8WkcqIyVTxxsdZaL3Gx1lovcbHWWi/x4SGVqWJSOVF5ouJEZaqYVE4qJpWp4pdUpopJZao4UTlROak4UTmpeEJlqjhRmSpOVL6p4qRiUjlRuaPim1Smiknlv3Sx1lovcbHWWi9xsdZaL/HhoYqTihOVk4pJZVKZKk5Upoo7Ku5QuaPijopJZao4qbhD5Y6KSeWkYqq4o2JSOVGZKp6oOFGZKqaKSWWqOFE5Ubmj4omKv+lirbVe4mKttV7iYq21XsL+4AGVqeJEZaqYVE4qJpU7Ku5QmSpOVP6mihOVqeJE5aTiROWOiknljopvUjmp+CWVk4oTlZOKO1ROKiaVqWJSmSq+6WKttV7iYq21XuJirbVe4sOXqUwVT1RMKlPFpHKHylQxVTxRMamcVJyoTCpTxVRxR8WkMqlMFVPFpDJVTCp/k8pJxaTyhMpU8YTKHRUnKlPFHSonKn/TxVprvcTFWmu9xMVaa73Ehy+reKJiUrmjYlL5myruqJhUpoqp4kTliYqp4g6VqWJSmSpOVJ5QOamYVE5UTiqmihOVqWJSOal4ouKJikllqphUJpWp4omLtdZ6iYu11nqJi7XWegn7gy9SmSomlZOKE5UnKiaVOyomlaniDpU7KiaVqeKbVE4qvkllqphUpopJ5Y6Kv0nlpGJSmSq+SWWqOFGZKv4lF2ut9RIXa631EhdrrfUSHx5SOVGZKu5QOam4Q+Wk4kTlCZWpYlI5UXlC5Y6KSWVSOamYVE4qJpU7KiaVO1SmikllqphUpoqTipOKSWWqmFSeUDmpmFSeqPimi7XWeomLtdZ6iYu11noJ+4MvUpkqJpU7KiaVb6qYVKaKO1ROKiaVk4oTlScq7lCZKu5QmSomlZOKE5U7KiaVk4pfUjmp+Jeo3FHxSxdrrfUSF2ut9RIXa631Eh++rGJSOamYVCaVqeJE5YmKSWWqmFR+SWWqOKmYVE5UTiqmihOVqWKq+CaVqWJSmSqeULmjYlKZKu5QeaLiDpWTijtUpopvulhrrZe4WGutl7hYa62X+PCXVZxUnKhMFScVd6g8UXGiMlX8UsUTKicVU8WJylRxUnGHylQxqUwVU8UvVTxRMamcVEwqJxVTxaQyqUwVk8pUMalMFU9crLXWS1ystdZLXKy11kt8+DKVE5Wp4kRlqphUpopJZao4qThRuUNlqnhC5Q6VqeKXVKaKqWJSmSomlaliqrij4kRlqphUpopJZaqYVKaKk4pfqphU7qiYVE5UpopvulhrrZe4WGutl7hYa62X+PCQylQxqTxRMan8kspUMVVMKn9TxaRyUnGHyhMVJypPqEwVJyonFVPFScVJxR0qU8Wk8oTKVDGpnFScqNxR8UsXa631EhdrrfUSF2ut9RIf/mMqf5PKVDFVTConFZPKVDGpTBWTyknFVDGpTBV3VEwqJyp/U8WkMlWcVJyoTBUnKndUfFPFpPJNKndU/Jcu1lrrJS7WWuslLtZa6yXsD/5DKlPFHSpTxaRyR8UdKlPFpHJScaLyRMWkMlVMKk9U3KHySxWTyknFHSpTxRMqJxV3qEwVk8pUcYfKVDGpTBW/dLHWWi9xsdZaL3Gx1lov8eEvU7lDZao4UTmpmFQmlaniDpU7VKaKqWJSOamYVKaKk4oTlTtUpoo7KiaVqeKJikllqphUpopJ5aRiUpkqTlSmikllqphU7lCZKu6omFROKp64WGutl7hYa62XuFhrrZf48JDKScUTFXdUnKicVEwqU8U3VZyonFRMKlPFpDJVTConFZPKScUdFU+oTBW/pDJVTCp3qEwVU8VJxTdVPKEyVUwq33Sx1lovcbHWWi9xsdZaL/HhyyomlTtU/qaKSWWqmFTuqLhDZao4UfmbVE5UvkllqphUpopJZao4qTipmFQmlROVqWJSmVSeqJgqJpVJ5ZsqJpVfulhrrZe4WGutl7hYa62XsD94QOWJim9SmSqeUJkqTlSmiidUpopJZaq4Q2WqOFGZKiaVk4pJ5YmKE5WTikllqphUTipOVE4qJpWp4g6Vk4oTlaniCZWTiicu1lrrJS7WWuslLtZa6yU+fFnFpDJVnKicVNyhclIxqUwVk8pUMVVMKicVJxUnFZPKVDGp3KEyVXxTxYnK31RxUjGpnKicVHyTyh0qU8WJyknFpDJVTCrfdLHWWi9xsdZaL3Gx1lov8eGhiknlDpWp4omKE5WTikllqphUTiomlROVk4pJZao4qZhUTipOVE4qTlSmiidUpop/ScWk8oTKHRWTyknFpDJVTConKlPFN12stdZLXKy11ktcrLXWS9gf/JDKHRWTylRxh8pUcYfKVPFNKicVd6jcUXGiMlXcoXJScaIyVdyhclLxhMpJxaQyVZyonFRMKk9UfJPKScU3Xay11ktcrLXWS1ystdZL2B98kcoTFXeofFPFpHJSMalMFScqJxV3qEwVk8pJxYnKScUdKicVk8pUcaIyVTyhMlVMKlPFpHJScaJyUjGpTBV3qJxUPKEyVTxxsdZaL3Gx1lovcbHWWi/x4SGVqeIJlZOKk4oTlTsq7qiYVKaKk4oTlTtUTiruqDhRmSruqLhDZaq4Q2WqmFSmikllqphUnlCZKk5Upoo7VE4qnlD5pYu11nqJi7XWeomLtdZ6iQ8PVZyonFScVEwqU8UTFZPKVDGpTBWTyonKVDGpTBV3VJyonKicVJxUnKhMFX+TylTxRMWkclJxR8WkcofKVHFHxaQyVUwqU8VU8UsXa631EhdrrfUSF2ut9RIffqzijopJ5Q6VqeKOijtUpopvUpkqTlROKr5J5aRiqrhDZao4UfmmiknlCZWp4kTlpGJSmSomlZOKO1SmihOVqeKbLtZa6yUu1lrrJS7WWuslPvxlKicVU8WkclIxqUwVk8pUMamcVJyoTBWTyhMq31RxR8UdKlPFHSonFZPKVPFExYnKVHGHylQxqdyhMlVMKicq31QxqUwVT1ystdZLXKy11ktcrLXWS3z4MpWTikllUrlD5aRiUpkqJpWp4kTliYoTlZOKSWWqmFSmiknlpGJSmSomlaliUpkq7qiYVE5UpopJ5Y6KqeJEZaqYKr6pYlKZKiaVqeIJlb/pYq21XuJirbVe4mKttV7iw49VTCp3VEwqU8WJyonKExWTyonKScUvVZxUTConFZPKN1WcqEwVT1RMKicqU8WkMlWcqJxUnFRMKlPFScWJylQxqUwVJyrfdLHWWi9xsdZaL3Gx1lov8eEhlTsq7lCZKiaVJyomlROVqeKk4kRlUjlRmSqmihOVqWJSmSruqJhU7lCZKk4qJpWTin+JylQxqUwqU8WkcofKVDGpnKhMFZPKVDFVfNPFWmu9xMVaa73ExVprvcSHhyruUJkqJpWpYlKZKiaVqeIJlROVqWJSmSpOKp5QOamYVE5Unqi4o2JSOan4pYo7VJ5QOak4qZhUTipOKk5U/iUXa631EhdrrfUSF2ut9RL2B1+kMlXcoXJScaJyUnGiMlXcoXJHxaRyUnGHyknFHSp3VJyoTBWTylTxTSp3VEwqJxWTyknFpHJSMalMFScqU8Wk8ksV33Sx1lovcbHWWi9xsdZaL/HhIZWpYlKZKk4qnqiYVE5UTlROKqaKSWWqmFSmikllUvmbVE4qJpVJZaq4o2JSOamYVKaKk4p/ScWkclJxR8UTFZPKScWkMlU8cbHWWi9xsdZaL3Gx1lov8eHLVE5UnqiYVKaKE5WTiknlm1SmikllqnhC5UTlpOKOiidUpoqTipOKk4pJZaqYVKaKOyqeqHhC5Y6KSeVfdrHWWi9xsdZaL3Gx1lov8eHHKr5J5UTlpOKOihOVk4oTlaliUpkqJpU7KiaVE5Wp4g6VqeKk4gmVOyqmipOKO1ROKk5UTiruqDhROam4o2JS+aWLtdZ6iYu11nqJi7XWegn7gwdUpooTlaniRGWquEPljor/kspUcYfKVDGpTBWTyknFicpUMalMFZPKVPFNKk9UPKEyVZyoTBV3qJxUnKicVPxLLtZa6yUu1lrrJS7WWuslPvyYylQxqZxUTConFd+kMlXcoTJVPKFyUnFSMalMFU9UTConKlPFpHJSMalMFVPFpHJSMancUXGHylRxh8pUMamcqEwVd6hMFScqU8UTF2ut9RIXa631EhdrrfUS9gc/pHJScaIyVUwqU8Wk8k0Vk8pJxYnKScWkMlWcqHxTxaRyUnGiclJxojJVTCpTxYnKN1X8kso3VZyoTBUnKlPFL12stdZLXKy11ktcrLXWS9gf/JDKExWTyknFEyp3VHyTylQxqZxUfJPKVDGpTBWTyh0VJyonFZPKScUTKr9U8U0qd1ScqEwVd6hMFU9crLXWS1ystdZLXKy11kvYHzygMlVMKlPFpHJHxaQyVUwqU8U3qZxUnKhMFZPKVDGp3FHxN6lMFZPKHRWTylRxojJVTCpTxRMqU8UdKlPFpDJVTCpTxaQyVZyoTBWTylQxqUwV33Sx1lovcbHWWi9xsdZaL2F/8IDKVPFfUpkqJpU7Kp5QmSpOVE4qJpWpYlKZKiaVqWJSmSpOVO6omFSmikllqphUTiomlaniCZWp4gmVqeJEZaqYVO6oeELlpOKbLtZa6yUu1lrrJS7WWusl7A8eUJkqTlROKiaVqWJSOak4UZkq7lA5qXhC5W+qOFH5L1XcoXJSMalMFScqU8UdKlPFicpUMamcVEwq31RxojJVfNPFWmu9xMVaa73ExVprvcSHhyruqLij4o6KSWWqOFGZKn5J5aRiUrmjYlKZKiaVqeKOijtUpoonVO5QmSq+SeUJlaliUpkqnqi4Q2VSuUNlqnjiYq21XuJirbVe4mKttV7iw0Mqf1PFVDGpnKicVEwqd1RMKndUTCpTxR0qd1RMKk+oTBUnKicVT1Q8oTJVnFTcoTJV3KHyTSpTxUnFpHJS8U0Xa631EhdrrfUSF2ut9RIfvqzim1ROVO6omFQmlZOKSeWXKk5Upoqp4kTllyq+SWWqmCqeUJkqpooTlTsqpopJZaqYKp5QOan4popJZap44mKttV7iYq21XuJirbVe4sOPqdxR8U0VJxV3qEwVT1RMKndUnKjcUTGpTBWTyqTyN6lMFZPKHRUnKicVk8pUMalMFVPFpHJScaJyovJNFZPKL12stdZLXKy11ktcrLXWS3x4mYonVE4qJpWpYqq4o+IJlZOKE5U7Kp5QOak4UZlUpooTlUnlpOJE5UTlDpWpYlKZVKaKk4oTlaliUrmj4pcu1lrrJS7WWuslLtZa6yU+/D+ncofKicoTFXeoTBXfVDGpTBWTyknFVHGiclIxqUwqT1ScqEwVJypTxUnFpDJVTCqTylQxqZxUTCpTxaRyUvFLF2ut9RIXa631EhdrrfUSH36s4pcqJpVvqjhRmSruUJlUTiqmiknlpGJSmSpOKn5J5aTiiYo7VKaKqWJSmSpOVO6ouKNiUpkqJpX/ZRdrrfUSF2ut9RIXa631Eh++TOVvUrmjYlI5UTmpOFGZKu6ouKPiRGWqmFSmikllqrhDZaqYKiaVE5WpYlI5UXlC5URlqjhRmSomlaniRGWqmFSmiknljooTlanimy7WWuslLtZa6yUu1lrrJewP1lrrBS7WWuslLtZa6yUu1lrrJS7WWuslLtZa6yUu1lrrJS7WWuslLtZa6yUu1lrrJS7WWuslLtZa6yUu1lrrJS7WWuslLtZa6yUu1lrrJf4PjnlSYInggXkAAAAASUVORK5CYII=',137,'2024-10-13 17:33:29','2024-10-13 17:33:29'),(40,'data:image/png;base64,iVBORw0KGgoAAAANSUhEUgAAATQAAAE0CAYAAACigc+fAAAAAklEQVR4AewaftIAABcwSURBVO3BQW7oSpLAQFLw/a/MectcFSBIdv8RMsL+Ya21PuBirbU+4mKttT7iYq21PuJirbU+4mKttT7iYq21PuJirbU+4mKttT7iYq21PuJirbU+4mKttT7iYq21PuJirbU+4mKttT7iYq21PuKHh1T+UsWkMlXcoTJVTCp3VEwqJxVPqJxUTCpTxaQyVUwqU8WkMlVMKr+pYlKZKiaVqWJSmSpOVKaKSeWk4g6VqWJSuaNiUvlLFU9crLXWR1ystdZHXKy11kf88LKKN6ncoXJHxaQyVUwqU8WkclIxqUwV/0sVd6g8UXGiMlVMKicVJxUnFScqd1RMKpPKVPFExZsq3qTypou11vqIi7XW+oiLtdb6iB9+mcodFXdUnKhMFf9LKlPFicpJxaQyqUwVk8pJxUnFicpUcUfFpHKiMlVMKicVk8qbVKaKSeVEZaqYVE4q3qRyR8VvulhrrY+4WGutj7hYa62P+OH/OZWpYqr4SxWTylQxqUwVU8WJyhMVJypTxR0VJypTxaQyVUwqb1I5qZhU3lQxqdxRcYfKVPH/2cVaa33ExVprfcTFWmt9xA//z1U8oXKiMlVMKneovKniROVE5Q6V36QyVZxUTCqTylQxqZxUTCp3qDxRcaIyVUwqU8WXXay11kdcrLXWR1ystdZH/PDLKv5LVKaKSWWqmFROKiaVk4pJ5U0Vk8odFScqU8UdKneovKliUjmpmFTuqJhUpoo7KiaVOyqeqPgvuVhrrY+4WGutj7hYa62P+OFlKn9JZaqYVKaKSWWqmFSmiknljopJZaqYVKaKSWWqmFSmikllqphUpoo7VKaKk4pJZaqYVKaKSeVEZaqYVKaKk4pJ5QmVqWJSmSomlROVqeJE5b/sYq21PuJirbU+4mKttT7C/uH/MZXfVDGpTBWTyn9ZxaRyUnGiMlXcoXJScaIyVUwqU8WkMlWcqEwVk8pUcYfKVPGEyknFl1ystdZHXKy11kdcrLXWR/zwkMpUMamcVEwqd1TcoXJSMamcqEwVk8pUcaIyVUwqd1T8JZU3qfymiknlpOKk4kRlqpgqJpWp4omKO1SmihOVqWJSOal44mKttT7iYq21PuJirbU+wv7hF6lMFScqU8WkclJxonJHxaQyVUwqU8WJyhMVk8pU8SaVk4pJZaqYVKaKE5U7Kn6Tym+qmFROKiaV31QxqZxU/KaLtdb6iIu11vqIi7XW+ogfHlK5Q2WqmComlZOKSeWk4kTlDpUTlaniiYpJZaqYVKaKJyomlZOKSWWqOFGZKk5U3qQyVZxUnKjcoTJVTCpPVNyh8oTKVPGmi7XW+oiLtdb6iIu11vqIHx6qOFE5UTmpmFR+U8VvUrmj4omKN6lMFScqU8WJylRxR8WJylTxm1SeqJhUnqiYVKaKk4r/sou11vqIi7XW+oiLtdb6CPuHB1SmihOVqeJE5aTiTSpTxYnKHRV3qPymiknlpOJE5aRiUpkqfpPKScWkckfFHSpTxaRyUnGHyh0Vv0llqnjiYq21PuJirbU+4mKttT7C/uEBlaliUpkqJpWTijtUpopJZaqYVJ6omFTuqJhUTiruULmj4k0qU8WJyknFEyonFZPKHRVvUjmpuENlqnhC5YmKJy7WWusjLtZa6yMu1lrrI354qGJSmSqeUHlTxR0Vd6hMFScqk8pUMamcqJxUnKjcoTJVvKliUplUpooTlanijopJ5Q6VqeJNKicVd6hMFZPKScVfulhrrY+4WGutj7hYa62PsH/4RSpPVNyhckfFHSonFZPKVHGHylQxqbypYlKZKk5UpooTlTsqJpWp4kTljooTlZOKSeWkYlKZKk5UTipOVE4q/ssu1lrrIy7WWusjLtZa6yPsHx5QmSruUJkqJpWTikllqjhRmSomlZOKO1TeVHGiMlVMKndUTCp3VPwmlScq3qQyVZyoTBWTylQxqZxUTCpTxYnKScWJyknFExdrrfURF2ut9REXa631EfYPD6icVEwqU8WkMlWcqNxRcaLyRMWkMlVMKndUnKhMFZPKVHGiclLxhMpUMalMFU+onFRMKlPFpDJV3KFyUjGpPFFxh8pU8YTKScUTF2ut9REXa631ERdrrfUR9g8vUpkqJpXfVPGXVKaKO1SmikllqrhD5Y6KSWWqmFSmihOVqeIOlaniTSpTxYnKVHGiMlVMKn+p4k0qJxW/6WKttT7iYq21PuJirbU+4oeHVN5U8YTKVDGpTBW/SWWqOFE5Ubmj4kRlUpkqJpUTlaniRGWqeJPKScVUcaIyVUwqU8WJyknFicodFScqd1ScVPyli7XW+oiLtdb6iIu11vqIHx6qmFQmlaniROWk4g6VqeIOlaniROVEZaqYVKaKO1TuqJhU7qi4o2JSmVROKiaVk4pJ5Q6VqeKk4n+pYlI5UTmpOFG5Q+Wk4omLtdb6iIu11vqIi7XW+gj7h/9HVN5UcaIyVZyoPFExqUwVJypTxaQyVdyhckfFpHJS8SaVqWJSmSruUJkqTlSmihOVqeJEZaqYVO6omFSmikllqjhRmSqeuFhrrY+4WGutj7hYa62P+OFlKicVk8pUMalMFXeonKhMFVPFpDJVTBUnKlPFpHKHylQxqbypYlKZKiaVqWJSmVSmijtU3qTyhMoTFScqU8WkckfFScVJxaTyly7WWusjLtZa6yMu1lrrI354SOWk4g6VqeJEZaqYKu5QmSpOVO6omFROKiaVqeIJlanijopJZao4qThRmSomlaliUnlTxaQyqdyhclLxpooTlZOKE5Wp4i9drLXWR1ystdZHXKy11kf88FDFpHJHxYnKEypTxaQyVTxRcaJyh8pUcaLyX6YyVdyhMlXcoTJVTConKicVd6hMFZPKScVJxR0Vk8qkMlXcoXJS8cTFWmt9xMVaa33ExVprfcQPD6ncoXJHxaQyVdyhcqIyVUwVJyp3VJyoTCpTxUnFpDJVTCpTxaTyJpU7Ku6omFQmlZOKSeUOlaniRGWqOFE5qZhUpoo7Ku5QmSomlTddrLXWR1ystdZHXKy11kf88LKKk4pJZaqYVJ6omFSmiknlDpWp4kRlUpkqpopJ5YmKO1SmikllqphUTiomlTtUpoqTijtUnqi4o2JSmSqmijsqnlCZKk4qTiredLHWWh9xsdZaH3Gx1lofYf/wgMpJxaQyVUwqU8WkclLxhMpUMamcVEwqT1ScqDxRcYfKVHGHylQxqZxUnKjcUTGpnFT8JpWTijepTBV3qNxR8Zsu1lrrIy7WWusjLtZa6yN++GMVk8pUMalMFZPKpPJExZsqnlA5qXhCZaqYVKaKSWWquEPlpGJSuaPiRGWqmFTuUDmpOKk4UZkqTlR+U8WkcqJyUvHExVprfcTFWmt9xMVaa32E/cMvUnmi4g6VqWJSmSpOVE4qJpWTihOVk4oTlaliUjmpeELliYoTlaliUjmpOFE5qZhUTiomlTsqJpWTiknlpGJSmSrepHJS8cTFWmt9xMVaa33ExVprfcQPL1OZKiaVqWJSmVSmikllqphUpoo7KiaVSeWk4o6KE5U7VKaKO1ROKk4qTlROVKaKk4o3VUwqU8WkckfFpHJSMalMKlPFpHKHyknFpHJHxZsu1lrrIy7WWusjLtZa6yN+eFnFpPJExR0qT6g8UXGHylQxqZxUTCpTxaQyVZxUTCqTyhMVJxV3qEwVk8qbVKaKSWWqmFTuUJkqTlR+k8pUcYfKVPHExVprfcTFWmt9xMVaa32E/cOLVE4qJpXfVDGpvKliUjmpmFSmihOVqeIOlZOKO1T+lyruUJkqTlSmijtU7qj4SypvqphUTiredLHWWh9xsdZaH3Gx1lof8cPLKp6ouENlqphU7qg4UTmpmFROKiaVO1SmijsqJpUnKu5QeULlpOJEZaqYKk5Upoqp4g6Vk4o7VKaKk4o7VO6o+E0Xa631ERdrrfURF2ut9RE/PKQyVUwqU8UdKlPFmyruqJhUpoqpYlKZKk4qJpWp4r9MZap4ouJEZVL5SypTxaTyhMpJxVTxhMpUcaJyojJVvOlirbU+4mKttT7iYq21PuKHX1bxRMUdKk+oTBV3qEwVJypPqEwVJxWTyknFpHJHxRMVJyp3VNyhclIxqUwqJxWTyh0Vk8qbKu6oOFGZVKaKJy7WWusjLtZa6yMu1lrrI354mcoTKk9UnKj8L1WcqJxUTCqTylQxqUwVk8qkcofKExWTylRxUjGpPFFxovK/pHJScaIyqfx/drHWWh9xsdZaH3Gx1lofYf/wIpWp4g6VqWJSOak4Ubmj4gmVqWJSeaLiROUvVUwqJxWTylRxh8pUMamcVLxJZaqYVE4qTlTuqJhUpooTlaliUrmj4k0Xa631ERdrrfURF2ut9RH2Dy9S+U0VT6j8popJZaq4Q2WqmFSmit+kMlU8oXJHxaQyVTyhclJxonJSMalMFScqU8UdKlPFpHJS8YTKScUTF2ut9REXa631ERdrrfURP/yxikllqjhROam4o2JSOamYVO5QmSomlb+kMlWcVEwqJxV3VEwqk8pUMalMFXdU3KEyVUwqd6icVEwqd1RMKlPFicpUMancUfGmi7XW+oiLtdb6iIu11vqIHx5SmSqeUDmpmFQmlTtUTiomlaliUpkqJpVJZaq4o2JSmSpOKiaVqeIJlanijopJ5QmVOyomlaliUrmjYlKZKiaVk4pJ5aTiROWJikllUpkqnrhYa62PuFhrrY+4WGutj/jhl6lMFVPFHSonFScqU8WkclIxqTxRMak8UfFExaQyVbyp4o6KSWWquKNiUplUTlSmiicqJpWpYlKZVKaKE5U7KiaVqWJS+UsXa631ERdrrfURF2ut9RH2D/8hKicVk8qbKt6kMlX8JpU7Kt6kMlWcqEwVJyonFZPKVDGpTBWTylQxqUwVk8odFZPKVHGiMlXcoXJS8YTKScUTF2ut9REXa631ERdrrfUR9g8vUpkq3qRyUjGpTBWTyh0VT6icVJyonFRMKlPFm1ROKk5UpopJZaqYVE4qJpW/VDGpTBWTyh0VJypvqrhDZaqYVKaKJy7WWusjLtZa6yMu1lrrI354SGWquENlqphUpoq/VPGEyknFHRWTyh0qd1RMKicVk8pUcaJyovJExYnKHRUnKlPFpDJV/KWKSWWq+E0Vb7pYa62PuFhrrY+4WGutj7B/eEDlpGJSOak4UZkqTlTuqJhUTipOVE4qJpWTiknljor/JZWp4kTljopJZar4TSonFScqU8WkMlVMKicVk8pUMancUXGHylTxxMVaa33ExVprfcTFWmt9hP3DAyonFScqU8Wk8pcqTlROKk5U/pcqfpPKHRV/SeWkYlKZKiaVqWJSmSpOVJ6ouEPliYpJZaqYVKaKN12stdZHXKy11kdcrLXWR9g/PKAyVTyhMlVMKv9lFXeonFScqLyp4kRlqniTylQxqUwVJyonFZPKVDGpTBWTypsqJpWpYlKZKk5UTipOVN5U8cTFWmt9xMVaa33ExVprfcQPL1OZKk5UpopJ5TdVTCp3VEwqJxV3qJxUTCp3VEwqU8VUcYfKVDGp3FFxonJScVIxqZyoTBWTylQxqUwVk8oTKlPFScWkckfFpDJV/KaLtdb6iIu11vqIi7XW+gj7hwdUpopJZao4UZkqJpWp4g6VOypOVE4q7lCZKiaVk4oTlZOKE5Wp4g6VqeJ/SeWkYlKZKiaVqWJSOam4Q+VNFZPKExUnKlPFExdrrfURF2ut9REXa631EfYPD6hMFScqJxWTylQxqUwVd6hMFScqd1T8JZWp4kRlqphUpopJZaqYVKaKE5UnKiaVOypOVKaK/zKVqeJE5aTiRGWq+EsXa631ERdrrfURF2ut9RE//DKVqWJSOamYVKaKE5Wp4kTljooTlaliUpkqJpWTiqliUjmpuENlqphU7lCZKk5UnqiYVO6omFROKiaVk4oTlanipOKOikllUpkqTlSmikllqnjiYq21PuJirbU+4mKttT7ih4cqJpUTlTtUpooTlTsq3qQyVUwqd1ScqEwVU8WJylRxUjGpnFRMKlPFpHJScaLyv1QxqZxUTConFZPKScUdKicVJxV3VLzpYq21PuJirbU+4mKttT7C/uEPqZxU3KEyVZyo3FExqfyliknljopJZaqYVKaKSWWqmFSmijtUpooTlZOKO1ROKiaVOyomlaniCZWTikllqjhReaJiUpkqnrhYa62PuFhrrY+4WGutj/jhIZWp4gmVk4qpYlKZKk4qJpU7Kv5SxaTym1SmiidUpoonKu5QeVPFHSpTxYnKVHFSMalMKlPFicpJxRMVb7pYa62PuFhrrY+4WGutj/jhoYoTlTsqTlSmihOVqWJSmSruUDmpOFGZKiaVqeKkYlI5UXlC5URlqjipeJPKVPEmlTsq3qQyVUwVJyq/SWWq+E0Xa631ERdrrfURF2ut9RE/PKRyR8WkcqJyonKHylTxRMWkMqm8SeVE5aTiRGWqmFROKiaVN6lMFScVk8pUcYfKScWJyknFicoTKlPFpDJVnKhMFVPFpDJVvOlirbU+4mKttT7iYq21PuKHhypOVCaVE5WpYlI5qXhC5YmKJ1SeqHiiYlKZKiaVO1ROKu5QmSomlb+k8oTKVPGbVP5SxaQyVTxxsdZaH3Gx1lofcbHWWh/xw0MqU8VJxaRyojJVnKg8UTGpnKhMFZPKVHFHxaQyVZyonFRMKk+o3FExqUwVd6jcoTJVnFRMKlPFicpUMak8oXJHxYnKVDFVnKj8pYu11vqIi7XW+oiLtdb6CPuHB1Smit+kMlWcqJxU3KFyUnGiMlWcqEwVJyp3VNyhMlXcoXJScYfKScWk8kTFpDJVnKicVJyoTBUnKicVd6icVPwvXay11kdcrLXWR1ystdZH/PDHVE4qJpWpYlI5qThRmSqeUJkq7lA5UbmjYlKZVKaKO1TepHJSMVWcqJxUTCpTxZsqJpU3qZxUTCp/SWWqeNPFWmt9xMVaa33ExVprfYT9w/9jKndUnKjcUXGickfFpDJVnKicVNyhckfFHSpTxaRyUnGHylQxqUwVk8pU8YTKScUdKlPFpHJScYfKVHGiMlW86WKttT7iYq21PuJirbU+4oeHVP5SxRMqU8VfqphUJpWp4kTlCZWpYqo4UTlRmSrepHJS8YTKicpJxaRyh8odFW9SmSqeqPhNF2ut9REXa631ERdrrfURP7ys4k0qd1RMKlPFpPImlROVk4onKp5QeVPFHSp3VNxRcUfFHSqTyknFicpU8UTFpHJS8YTKVDGpTBVPXKy11kdcrLXWR1ystdZH/PDLVO6ouKPipGJSOamYVKaKOyomlTtUpoq/VHGiMqm8qeJE5aRiUpkq3lRxojKp3KEyVUwqU8UdKk+onKhMFW+6WGutj7hYa62PuFhrrY/44f85lZOKN6lMFScqJxWTyptU3qQyVUwqJxVPqEwVk8qkcqIyVdyhMlVMKlPFEyqTylQxqfymihOVv3Sx1lofcbHWWh9xsdZaH/HDx1Q8oXKHylQxqZyoTBVvqrhD5b9E5S+pTBVPVEwqU8UTFZPKScWkclIxqZyonFT8pou11vqIi7XW+oiLtdb6CPuHB1SmijepTBV3qJxUTCpPVDyh8kTFicoTFZPKVDGpPFExqUwVT6i8qeIOlaniDpWp4kRlqphUTirepDJVPHGx1lofcbHWWh9xsdZaH/HDy1T+kspUMVXcUTGpTBV3qEwVd1ScqJyoTBWTyhMVJxWTyh0qb1I5qXhCZaqYVE5UTiqmiv8llaliUpkqpoo3Xay11kdcrLXWR1ystdZH2D+stdYHXKy11kdcrLXWR1ystdZHXKy11kdcrLXWR1ystdZHXKy11kdcrLXWR1ystdZHXKy11kdcrLXWR1ystdZHXKy11kdcrLXWR1ystdZH/B/XL7Ae1uAl+wAAAABJRU5ErkJggg==',138,'2024-10-13 17:37:50','2024-10-13 17:37:50'),(41,'data:image/png;base64,iVBORw0KGgoAAAANSUhEUgAAATQAAAE0CAYAAACigc+fAAAAAklEQVR4AewaftIAABcHSURBVO3BQW7kWhLAQFLw/a/M8TJXDxBU5f4jZIT9Yq21XuBirbVe4mKttV7iYq21XuJirbVe4mKttV7iYq21XuJirbVe4mKttV7iYq21XuJirbVe4mKttV7iYq21XuJirbVe4mKttV7iYq21XuKHh1T+UsWkMlXcoXJSMamcVEwqJxVPqJxUTCpTxaQyVUwqU8WkMlVMKt9UMalMFZPKVDGpTBUnKlPFpHJScYfKVDGp3FExqfyliicu1lrrJS7WWuslLtZa6yV++LCKT1K5Q+WOiknljopJ5aRiUrmj4psq7lB5ouJEZaqYVE4qTipOKk5U7qiYVCaVqeKJik+q+CSVT7pYa62XuFhrrZe4WGutl/jhy1TuqLij4kRlqrhDZao4qZhUJpWpYlI5UZkqJpVJZaqYVE4qTipOVKaKOyomlROVqWJSOamYVD5JZaqYVE5UpopJ5aTik1TuqPimi7XWeomLtdZ6iYu11nqJH/7PqUwVU8UnqUwVk8pUMalMKlPFiconVZyoTBV3VJyoTBWTylQxqXySyknFpPJJFZPKHRV3qEwV/88u1lrrJS7WWuslLtZa6yV++D9X8YTKScWJyonKVHGHyonKVDGpnKjcofJNKlPFScWkMqlMFZPKScWkcofKExUnKlPFpDJVvNnFWmu9xMVaa73ExVprvcQPX1bxL6mcVEwqJyonFZPKicoTFZPKVDGp3FFxojJV3KFyh8onVUwqJxWTyh0Vk8pUcUfFpHJHxRMV/yUXa631EhdrrfUSF2ut9RI/fJjKX1KZKk4qJpWpYlKZKiaVT6qYVKaKSWWqmFSmikllqphUpoo7VKaKk4pJZaqYVKaKSeVEZaqYVKaKk4pJ5QmVqWJSmSomlROVqeJE5b/sYq21XuJirbVe4mKttV7ih4cq/ktUpopJ5URlqphUpopJ5UTlROUJlSdUpoonKu5QmSr+pYpJZaqYVO6omFSmipOKO1SmipOK/ycXa631EhdrrfUSF2ut9RI/PKQyVUwqJxWTyh0VJyonFScqJypTxaRyUjGpTBWTyh0Vf0nlk1S+qWJSOak4qZhUJpWpYqqYVKaKJyruUJkqTlSmiknlpOKJi7XWeomLtdZ6iYu11noJ+8UXqTxRcYfKVHGiclIxqUwVk8pUcYfKHRWTylTxSSonFZPKVDGpTBUnKndUfJPKN1VMKicVk8o3VUwqJxXfdLHWWi9xsdZaL3Gx1lov8cNDKicVk8pUcaIyVZxUTCpTxVQxqUwqJyonKlPFExWTylTxTRWTyknFpDJVnKhMFScqn6QyVZxUnKjcoTJVTCpPVNyh8oTKVPFJF2ut9RIXa631EhdrrfUSPzxUcaIyVUwqU8VUMalMFZPKicpJxYnKScWkMqncUfGEylTxhMpUcaIyVZyoTBV3VJyoTBXfpPJExaTyRMWkMlWcVPyXXay11ktcrLXWS1ystdZL2C8eUJkqTlSmiknljooTlanik1SmikllqrhDZao4UZkqJpWpYlI5qThROamYVKaKb1I5qZhU7qi4Q2WqmFROKu5QuaPim1Smiicu1lrrJS7WWuslLtZa6yXsFw+oTBWTylTxTSp3VEwqn1QxqZxUTCpTxYnKVDGp3FHxSSpTxYnKScUTKicVk8odFZ+kclJxh8pU8YTKExVPXKy11ktcrLXWS1ystdZL/PBQxaQyVTyh8kTFExV3qJxUTCqTylRxR8VJxYnKHSpTxSdVTCqTylRxojJV3FExqdyhMlV8kspJxR0qU8WkclLxly7WWuslLtZa6yUu1lrrJewXX6TyRMUdKndU3KFyUjGpTBV3qJxUTCpPVEwqU8WJylRxonJHxaQyVZyo3FFxonJSMamcVEwqU8WJyknFicpJxX/ZxVprvcTFWmu9xMVaa72E/eIBlaniROWkYlI5qZhUpopJ5aRiUpkqJpWp4kTlL1WcqNxRMancUfFNKk9UfJLKVHGiMlVMKlPFpHJSMalMFScqJxUnKicVT1ystdZLXKy11ktcrLXWS/zwYSp3VEwqU8WJyonKScWk8kkqU8Wk8kkVJypTxYnKpDJVPKEyVUwqU8VJxYnKHSpTxaQyVUwVJypPqDxRcaIyVfyXXay11ktcrLXWS1ystdZL2C8+SGWqmFT+UsWJyknFpHJScYfKScWkclIxqdxRMalMFZPKVHGiMlXcoTJVfJLKVHGiMlWcqEwVk8pfqvgklZOKb7pYa62XuFhrrZe4WGutl/jhIZUTlTsqPknlpOJEZaqYVE5UpoqTipOKE5Wp4kRlUpkqJpUTlaniRGWq+CSVk4qp4kRlqphUpooTlZOKE5U7Kk5U7qg4qfhLF2ut9RIXa631EhdrrfUSPzxUMamcVNyhMlXcUfFExR0qJypTxaQyVXxTxaRyR8UdFZPKpHJSMamcVEwqd6hMFScV/1LFpHKiclJxonKHyknFExdrrfUSF2ut9RIXa631EvaLf0jlpGJSOamYVE4qJpWp4g6Vb6o4UZkqJpWp4g6VOyomlZOKT1KZKiaVqeIOlaniRGWqOFGZKk5UpopJ5Y6KSWWqmFSmihOVqeKJi7XWeomLtdZ6iYu11nqJHx5SmSomlanipGJSmSo+SWWqOFGZKqaKE5WpYlK5Q2WqmFQ+qWJSmSomlaliUplUpoo7VD5J5aTiROWJihOVqWJSuaPipOKkYlL5SxdrrfUSF2ut9RIXa631EvaLD1KZKk5UTiomlZOKJ1SmiknliYpJZao4UZkqJpUnKp5QmSqeUJkqJpWpYlKZKiaVOyomlW+qOFGZKiaVqeJE5aTiRGWq+EsXa631EhdrrfUSF2ut9RL2i/8wlaliUpkqJpWTin9J5aTik1ROKp5QmSomlaniROWk4kTlpGJSmSomlZOKO1SmiknlpOKbVE4qJpWpYlI5qXjiYq21XuJirbVe4mKttV7ih4dU7qiYVE4qvknlpOIOlU9SOamYVKaKk4pJZaqYVD5J5Y6KOyomlUnlm1SmihOVqeJE5aRiUpkq7qi4Q2WqmFQ+6WKttV7iYq21XuJirbVe4ocvq7ijYlKZKqaKSeWk4kTlDpU7KiaVqeJE5YmKO1SmikllqphUTiomlTtUpoqTijtUnqi4o2JSmSqmir+kMlWcVJxUfNLFWmu9xMVaa73ExVprvYT94otUnqiYVE4qnlCZKiaVT6qYVKaKE5UnKu5QmSruUJkqJpWTihOVOyomlZOKT1K5o+KTVKaKO1TuqPimi7XWeomLtdZ6iYu11noJ+8UXqXxSxaTyRMUdKk9U3KFyUvGEylQxqUwVk8pUcaJyR8WkckfFicpUMalMFScqd1TcoTJVnKjcUfGEyhMVT1ystdZLXKy11ktcrLXWS9gv/pDKScUTKndUnKicVHySyknFicpUMamcVDyh8kTFicpUMamcVJyonFRMKicVk8odFZPKScWkclIxqUwVn6RyUvHExVprvcTFWmu9xMVaa73EDx+mMlVMFZPKicpUMalMFZPKVHFHxaQyqZxU3FFxonJSMalMFXeonFScVJyonKhMFScVn1QxqUwVk8odFZPKScWkMqlMFZPKHSonFZPKHRWfdLHWWi9xsdZaL3Gx1lov8cOHVUwqJxWTylRxUjGp3KHySRV3qJxUnFTcoTJVnFRMKpPKExUnFXeoTBWTyiepTBWTylQxqdyhMlWcqHyTylRxh8pU8cTFWmu9xMVaa73ExVprvYT94oNUTiomlW+qmFSeqDhRuaNiUvmkiknlpOIOlX+p4g6VqeJEZaq4Q+WOir+k8kkVk8pJxSddrLXWS1ystdZLXKy11kv88GEVT1TcoTJVTCp3VNyh8kkVk8pU8UkVk8oTFXeoPKFyUnGiMlVMFScqU8VUcYfKScUdKlPFScUdKndUfNPFWmu9xMVaa73ExVprvcQPX6YyVdyhMlV8UsUdKicVJyqTyknF/zOVqeKJihOVSeUvqUwVk8oTKicVU8UTKlPFicqJylTxSRdrrfUSF2ut9RIXa631Ej88pDJVTBVPVNyh8pcqJpWpYqqYVO5QmSruqJhUTiomlTsqnqg4Ubmj4g6Vk4pJZVI5qZhU7qiYVD6p4o6KE5VJZap44mKttV7iYq21XuJirbVe4oeHKiaVJ1SeqDhROVGZKk5UnqiYVE4qJpWTikllqphUJpU7VJ6omFSmipOKSeWJihOVf0nlpOJEZVL5f3ax1lovcbHWWi9xsdZaL2G/+CCVqeIOlaliUpkq7lA5qZhUpoo7VKaKSeWJihOV/7KKSWWquENlqphUTio+SWWqmFROKk5U7qiYVKaKE5WpYlK5o+KTLtZa6yUu1lrrJS7WWusl7BcfpPKXKu5Q+aSKSWWquEPlpGJSmSq+SWWqeELljopJZap4QuWk4kTlpGJSmSpOVKaKO1SmiknlpOIJlZOKJy7WWuslLtZa6yUu1lrrJX74YxWTylTxlyruUJlUpooTlaliqvhLKlPFScWkclJxR8WkMqlMFZPKVHFHxR0qU8WkcofKScWkckfFpDJVnKhMFZPKHRWfdLHWWi9xsdZaL3Gx1lov8cNDKlPFEyonFZPKEypTxR0V36RyUjGpTBUnFZPKVPGEylRxR8Wk8oTKHRWTylQxqdxRMalMFZPKScWkclJxovJExaQyqUwVT1ystdZLXKy11ktcrLXWS/zwZSpTxVRxh8pJxYnKVHGiMlVMKlPFpDJVTCpTxUnFpDJVPFExqUwVn1RxR8WkMlXcUTGpTConKlPFExWTylQxqUwqU8WJyh0Vk8pUMan8pYu11nqJi7XWeomLtdZ6CfvFAyonFXeonFRMKp9U8UkqU8U3qdxR8UkqU8WJylRxonJSMalMFZPKVDGpTBWTylQxqdxRMalMFScqU8UdKicVT6icVDxxsdZaL3Gx1lovcbHWWi9hv/g/ovJExaRyR8UTKlPFHSpTxYnKVPFJKicVJypTxaQyVUwqJxWTyl+qmFSmiknljooTlU+quENlqphUpoonLtZa6yUu1lrrJS7WWuslfnhI5ZMqJpWp4g6VSeWOiidUpopJZao4qZhUpooTlTsqJpWTikllqjhROVF5ouJE5Y6KE5WpYlKZKv5SxaQyVXxTxSddrLXWS1ystdZLXKy11kvYL/6QyknFicpJxaQyVdyhclJxonJSMamcVEwqd1T8SypTxYnKHRWTylTxTSonFScqU8WkMlVMKicVk8pUMancUXGHylTxxMVaa73ExVprvcTFWmu9hP3iAZVPqphUpooTlX+p4gmVT6r4Syp3VPwllZOKSWWqmFSmikllqjhReaLiDpUnKiaVqWJSmSo+6WKttV7iYq21XuJirbVewn7xgMpUMamcVEwqU8UTKlPFpPJNFScqJxUnKlPFpHJHxYnKVPFJKlPFpDJVnKicVEwqU8WkMlVMKp9UMalMFZPKVHGiclJxovJJFU9crLXWS1ystdZLXKy11kvYLx5QOak4UZkqJpWTikllqphUpopJ5Y6KE5WpYlK5o+JE5Y6KSWWqeEJlqphUTiruUDmpuEPljopJZaqYVKaKSeWkYlI5qZhUpopJ5Y6KSWWq+KaLtdZ6iYu11nqJi7XWegn7xQMqU8WkMlWcqEwVJyrfVHGiMlU8oTJVTCpTxYnKHRUnKlPFHSpTxb+kclIxqUwVk8pUMamcVNyh8kkVk8oTFScqU8UTF2ut9RIXa631EhdrrfUS9osHVKaKE5VvqrhDZao4Ubmj4r9MZaqYVKaKSWWqmFSmihOVJyomlTsqTlSmiv8ylaniROWk4kRlqvhLF2ut9RIXa631EhdrrfUSP3yZylRxojJVTCp3qEwVJyp3VJyoTBWTylQxqUwVk8oTFXeoTBWTyh0qU8WJyhMVk8odFZPKScWkclJxojJVnFTcUTGpTCpTxYnKVDGpTBVPXKy11ktcrLXWS1ystdZL/PBQxaRyojJVTBWTylRxonKiMlU8oXJSMancUTGpTBUnKlPFpDJVnFRMKicVk8pUMamcVJyo/EsVk8pJxaRyUjGpnFTcoXJScVJxR8UnXay11ktcrLXWS1ystdZL2C/+IZWp4g6VqeIJlaliUpkqJpVPqphUpopJ5Y6KSWWqmFSmikllqrhDZao4UTmpuEPlpGJSuaNiUpkqnlA5qZhUpooTlScqJpWp4omLtdZ6iYu11nqJi7XWeokfHlKZKu6omFROKqaKE5Wp4qTipGJSmSqeULlD5aRiUnmi4gmVqeKJijtUPqniDpWp4kRlqjipmFQmlaniROWk4omKT7pYa62XuFhrrZe4WGutl7BffJHKExWTylTxhModFScqU8WJylRxojJVnKg8UXGickfFX1KZKp5QeaLiDpWpYlKZKu5QeaLiRGWq+KaLtdZ6iYu11nqJi7XWeokfHlK5o2JSmSomlROVk4pJZaqYVE5UpooTlW9SuaPiROVE5aRiUvkklanipGJSmSruqHhC5aTiROUJlaliUpkqTlSmiqliUpkqPulirbVe4mKttV7iYq21XsJ+8UUqT1RMKicVk8pU8YTKVPFJKk9UfJLKVDGpTBWTyh0VJyonFZPKScUTKt9U8Ukqd1ScqEwVd6hMFU9crLXWS1ystdZLXKy11kvYLx5QmSomlaliUrmj4kTliYpJ5Y6KSWWquEPlpOIOlaliUjmpmFSeqJhUpopJ5ZsqvkllqphUpoo7VO6oOFGZKu5QuaPiiYu11nqJi7XWeomLtdZ6CfvFAypTxTepTBUnKicVd6icVJyoTBWTylRxh8odFXeoTBV3qJxU3KFyUjGpPFExqUwVJyonFScqU8WJyknFHSonFf/SxVprvcTFWmu9xMVaa73ED39M5aRiUpkqJpWTiknlm1SmijsqJpVvUpkqTiomlU9SOamYKk5UTiomlanikyomlU9SOamYVP6SylTxSRdrrfUSF2ut9RIXa631Ej88VHFHxR0VT6jcoXJHxYnKicpJxR0qU8UTKndU3KEyVUwqk8pUcVIxqTyhMlV8kspUMVXcUTGpnFTcofJfcrHWWi9xsdZaL3Gx1lov8cNDKn+p4qTiROWTVE4q7lC5Q+VEZaqYVKaKqeJE5URlqvgklZOKJ1ROVE4qJpU7VO6o+CSVqeKJim+6WGutl7hYa62XuFhrrZf44cMqPknlDpWp4psqTlSmikllqnii4gmVT6q4Q+WOijsq7qi4Q2VSOak4UZkqnqiYVE4qnlCZKiaVqeKJi7XWeomLtdZ6iYu11nqJH75M5Y6KOyruqJhUpopJZap4QuUOlaniL1WcqEwqn1RxonJSMalMFZ9UcaIyqdyhMlVMKlPFHSpPqJyoTBWfdLHWWi9xsdZaL3Gx1lov8cP/OZWTikllqrhDZao4qZhUpopJ5ZNUPkllqphUTiqeUJkqJpVJ5URlqrhDZaqYVKaKJ1QmlaliUvmmihOVv3Sx1lovcbHWWi9xsdZaL/HDy1ScVEwqT6g8oXJS8UTFHSr/JSp/SWWqeKJiUpkqnqiYVE4qJpWTiknlROWk4psu1lrrJS7WWuslLtZa6yXsFw+oTBWfpDJV3KHylyomlaniRGWqmFROKiaVT6qYVKaKSeWJikllqnhC5ZMq7lCZKu5QmSpOVKaKSeWk4pNUpoonLtZa6yUu1lrrJS7WWuslfvgwlb+kMlVMFU+onFQ8ofJJKicVk8oTFScVk8odKp+kclLxTSonKicVU8W/pDJVTCpTxVTxSRdrrfUSF2ut9RIXa631EvaLtdZ6gYu11nqJi7XWeomLtdZ6iYu11nqJi7XWeomLtdZ6iYu11nqJi7XWeomLtdZ6iYu11nqJi7XWeomLtdZ6iYu11nqJi7XWeomLtdZ6if8BGGKwz9cy+bIAAAAASUVORK5CYII=',139,'2024-10-13 17:47:45','2024-10-13 17:47:45'),(42,'data:image/png;base64,iVBORw0KGgoAAAANSUhEUgAAATQAAAE0CAYAAACigc+fAAAAAklEQVR4AewaftIAABdwSURBVO3BQY4cy5LAQDLR978yR0tfBRCoaj39HDezP1hrrRd4WGutl3hYa62XeFhrrZd4WGutl3hYa62XeFhrrZd4WGutl3hYa62XeFhrrZd4WGutl3hYa62XeFhrrZd4WGutl3hYa62XeFhrrZf44UMqf1PFN6lMFScqJxWTyknFJ1ROKiaVqWJSmSomlaliUpkqJpXfVDGpTBWTylQxqUwVJypTxaRyUnFDZaqYVG5UTCp/U8UnHtZa6yUe1lrrJR7WWuslfviyim9S+YTKVHFD5aRiUpkqPqFyUjGpTCpTxQ2VGxUnFZPKVHGicqLyCZWpYlKZKk5UPqEyVUwVk8pU8U0V36TyTQ9rrfUSD2ut9RIPa631Ej/8MpUbFTdUTipuqEwVJypTxaQyVdyomFQmlaliUplUpoobFScqU8UNlaliqjhR+S9V3FCZVD5RMalMFd+kcqPiNz2stdZLPKy11ks8rLXWS/zwMhU3Km6oTBWTylTxTRWTyqRyUnFSMancqPhExaQyVUwqJxWTyg2VqWJSOamYVKaKE5VJZao4qThRmSr+lz2stdZLPKy11ks8rLXWS/zwMipTxaQyVUwqU8WJylRxonJScaIyVdxQOamYKiaV36RyojJV3Kj4popJ5aTiROWk4kTlpOLNHtZa6yUe1lrrJR7WWuslfvhlFX9TxQ2VqeKk4l+iMlWcVJyofKLihspU8QmVqWJSmSpOVKaKk4pJ5aRiqphUJpWpYqqYVE4qPlHxL3lYa62XeFhrrZd4WGutl/jhy1T+JSpTxaRyojJVTCpTxaQyVUwqJypTxaRyojJVTCpTxaQyVUwqJypTxQ2VqWJSmSomlaliUpkqbqhMFScVk8pUcVIxqUwVN1SmihOVf9nDWmu9xMNaa73Ew1prvcQPH6r4l1WcVEwqNypOKk4qPlExqUwVk8rfVHFD5UTlRGWqOKmYVKaKGypTxaQyVXyTyjdV/C95WGutl3hYa62XeFhrrZf44UMqU8Wk8k0VU8WJyr9E5aTiRGWqmCpuVEwqJyonKp+omFSmik+oTBVTxW+qmFSmiqliUpkqJpWp4hMq31Txmx7WWuslHtZa6yUe1lrrJX74MpWpYlI5qfhNFZPKScWkMlVMKlPFScWk8gmVqWKqOKk4UTmpmFSmiknlpGJSuVExVfxNKjdUpooTlaliUrmhcqNiUvkvPay11ks8rLXWSzystdZL/PChiknlpGJSmVRuVJxU3KiYVKaKSWWqmFSmikllqphUPqFyUjGpnFScqEwVv6niRGWqmFQ+UXGiMlVMKlPFScWJyknFpDJVTCpTxUnFicpJxSce1lrrJR7WWuslHtZa6yXsDz6gcqNiUjmpuKEyVfwvU5kqPqFyUjGpTBUnKlPFicpUcaJyUjGpTBUnKlPFDZWTihOVk4pJ5aTihspUMancqPibHtZa6yUe1lrrJR7WWuslfviyihOVqeJE5aTiv6QyVfwvqZhUvkllqvhExY2KSeWkYlK5UXFDZaqYVCaVqeKGyicqvkllqvjEw1prvcTDWmu9xMNaa73EDx+q+ITKVDFVnKhMFTdUblScqNyomFRuqJxUTBWTylQxqZyonFT8TSonFTcqbqjcqJhUPqEyVZxUnKicVNxQmSq+6WGttV7iYa21XuJhrbVe4ocPqUwV36QyVdxQmSpOKk5UvkllqphUTipuqJyonKjcULmhMlXcqJhUbqicVJxU3FCZKiaVqWJSmSpOKk5UPqHyX3pYa62XeFhrrZd4WGutl/jhQxUnKjdUpoqTiknlRGWq+KaKSWWq+E0qn6iYVKaKE5Wp4kTlRGWqmFSmiqliUrlRcaJyUjGpfFPFpHJS8YmKk4r/0sNaa73Ew1prvcTDWmu9xA//OJUbFScqv0nlRGWq+ITKScWkcqPiRsWkcqNiUplUpopPVEwqJyonFTcqbqicVEwqk8pUMVVMKicqn6j4poe11nqJh7XWeomHtdZ6iR/+sopJ5aRiUvlExQ2Vk4obKpPKVDFVfEJlqphUvknlpOJE5YbKVDGpTBWTyo2KE5Wp4obKScWkclJxonJD5aRiUpkqJpWp4hMPa631Eg9rrfUSD2ut9RL2B1+k8i+rmFSmir9J5ZsqJpUbFZPKVDGpTBUnKlPFDZWp4ptUpooTlaniRGWqmFT+popvUjmp+E0Pa631Eg9rrfUSD2ut9RI//GUVk8pUcUPlpGJSuaEyVZyoTBUnFTdUTlR+k8pUcaPihspUcaIyVUwqv0nlpGJSmSomlanihsqJyknFjYpJ5URlqvjEw1prvcTDWmu9xMNaa73EDx9SmSomlUllqphUblScqEwVk8pJxaQyVXyTylQxVUwqU8WJyonKScWJyknFJ1SmihOVqeJE5ZsqTiomlROVGxXfpDJVTCr/pYe11nqJh7XWeomHtdZ6iR8+VHFScaJyUjGpTCpTxVQxqUwVk8pJxQ2VT6hMFVPFpDJVnFTcULlRMamcVEwVNyomlROVqeITFScqU8VUMalMFScqJyo3Kj5R8Tc9rLXWSzystdZLPKy11kv88JepnFRMKlPFpDKpnFScVEwqf1PFpDKpTBU3Kk5UTipOVCaVk4pJ5UbFScVJxaRyUvGJihOVb1KZKm6ofJPKVPFND2ut9RIPa631Eg9rrfUS9gcfUJkqTlSmikllqrihclIxqUwVn1CZKiaVGxWTyknFpDJV3FA5qThRmSomlU9U3FD5RMUNlaniROWbKk5UpopJ5TdVfNPDWmu9xMNaa73Ew1prvYT9wQdUpopvUrlRMalMFf8llaliUjmpuKFyo+ITKlPFpDJVnKicVJyonFRMKlPFpHJScUNlqphUTip+k8pJxaQyVUwqJxWfeFhrrZd4WGutl3hYa62XsD/4RSo3Kj6hcqNiUjmp+ITKjYoTlRsVN1ROKr5JZaqYVKaKSeVGxd+kclIxqUwV36QyVZyoTBX/koe11nqJh7XWeomHtdZ6CfuDD6h8ouJEZaqYVD5RcUPlmyomlU9UnKjcqJhUblRMKicVk8pJxYnKScWkMlVMKlPFpDJVTCpTxQ2VqWJSOak4UTmpmFQ+UfFND2ut9RIPa631Eg9rrfUSP3xZxQ2VqWKqmFQ+UXGiMlV8omJSuVFxojKp3Kj4RMUnKiaVk4oTlW9SmSpOKj6hclJxUnFDZar4TRW/6WGttV7iYa21XuJhrbVewv7gAyo3KiaVGxUnKp+omFSmikllqrihcqNiUpkqJpVPVNxQmSpuqJxUTCpTxaQyVZyofFPFicrfVHFD5aTihspU8U0Pa631Eg9rrfUSD2ut9RI/fKhiUjlROak4UZkqblScqHyTyknFb6r4hMpJxVRxojJVnFTcUJkqJpWpYqr4myomlZOKSeWkYlI5qZgqJpVJZaqYVKaKSWWq+MTDWmu9xMNaa73Ew1prvcQPv6ziEypTxaQyVUwqk8pJxYnKicpUcUNlqphU/mUqU8VUMalMFZPKVDFV3Kg4UZkqJpWpYlKZKiaVqeKk4jdVTCo3KiaVE5Wp4pse1lrrJR7WWuslHtZa6yV++JDKVDGpTBU3KiaVqeJGxYnKVDFVTConKlPFJyomlW9S+UTFiconVKaKE5WTiqnipOKbVKaKSeUTKlPFpHJScaJyo+I3Pay11ks8rLXWSzystdZL/PCXqXyTylRxojJVTBWTyknFpDJVnKhMFScqJypTxY2KSeVE5W+qmFSmipOKE5Wp4kRlqjip+KaKSeWbVG5U/Jce1lrrJR7WWuslHtZa6yXsD/5DKlPFDZWpYlK5UfGbVE4qbqhMFScqU8Wk8omKGyq/qWJSOam4oTJVfELlpOKGylQxqUwVN1SmikllqvhND2ut9RIPa631Eg9rrfUSP3xIZao4UbmhMlWcqJxUTCqTylQxqUwVk8q/RGWqOKk4UbmhMlXcqJhUpopPVEwqU8WkMlVMKicVk8pUcaIyVUwqU8WkckNlqrhRMamcVHziYa21XuJhrbVe4mGttV7ih39cxY2KE5WTihsqNyomlROVk4pJZaqYVKaKSeWkYlI5qbhR8QmVqeI3qUwVk8oNlaliqjip+KaKT6hMFZPKNz2stdZLPKy11ks8rLXWS9gffEBlqphU/qaKE5WpYlKZKm6oTBU3VKaKE5WTikllqphU/ksVk8pUMalMFZPKVPFNKp+omFS+qeJE5ZsqTlROKj7xsNZaL/Gw1lov8bDWWi/xw3+s4obKVDGpTBVTxUnFpHJS8U0Vk8pUcVJxUjGpTBUnKlPFpHJSMalMKicqU8UNlaliUpkqJpWTihOVSWWqmFSmihsqJxUnKlPFv+xhrbVe4mGttV7iYa21XuKHv6ziROWk4obKScWkckPlROWk4hMVk8pUMancUJkqvqniROVvqjipmFROVE4qvknlhspUcaJyUjGpTBWTyjc9rLXWSzystdZLPKy11kv88KGKSeWGylRxonJScaJyo+JEZao4UblRcaIyVZxUTConFScqJxUnKlPFJ1Smin9JxaTyCZUbFZPKScWkMlVMKicqU8U3Pay11ks8rLXWSzystdZL2B/8IpUbFZPKVHFDZar4X6IyVZyo3Kg4UZkqbqicVJyoTBU3VE4qPqFyUjGpTBUnKicVk8onKr5J5aTimx7WWuslHtZa6yUe1lrrJewPvkjlExU3VL6pYlI5qThRmSpOVKaKSWWqmFSmiknlpOJE5aTihspJxaQyVZyoTBWfUJkqJpWpYlI5qThROamYVKaKGyonFZ9QmSo+8bDWWi/xsNZaL/Gw1lov8cOHVKaKT6icVJxUnKjcqPibKm6onKicVNyoOFGZKm5U3FCZKm6oTBWTylQxqUwVk8onVKaKE5Wp4obKScUnVH7Tw1prvcTDWmu9xMNaa73EDx+qmFRuVJxUTCpTxaRyo2JSmSomlaliUjlRmSomlaliqviEyonKScVJxYnKVPE3qUwVn6iYVE4qblRMKjdUpoobFZPKVDGpTBVTxW96WGutl3hYa62XeFhrrZf44UMqJxWTyknFpDJVfKJiUpkqbqhMFScqN1SmihOVk4pvUjmpmCpuqEwVJyrfVDGpfEJlqjhROamYVKaKSeWk4obKVHGiMlV808Naa73Ew1prvcTDWmu9xA8fqjhROVGZKqaKE5WpYlL5hMpJxYnKb1L5poobFTdUpoobKicVk8pU8YmK36QyVUwqN1SmiknlROWbKiaVqeITD2ut9RIPa631Eg9rrfUSP3yZylQxqZyo/CaVqeKk4kTlpGJSOamYVE4qTlQmlaliUjmpmFSmikllqphUpoobFZPKicpUMancqLihMlVMFd9UMalMFZPKVPEJlb/pYa21XuJhrbVe4mGttV7C/uCLVKaKSeVGxaQyVUwqn6iYVKaKE5VPVEwqU8XfpDJVnKicVEwqU8UNlanim1RuVEwqU8WJyknFDZWp4hMqU8WkMlWcqEwVn3hYa62XeFhrrZd4WGutl/jhQyo3Km6onKhMFZPKScVJxaQyVdyomFQmlRsqJxWTylQxqUwVNyomlRsqU8VJxaRyUvEvUZkqJpVJZaqYVG6oTBWTyonKVDGpTBVTxTc9rLXWSzystdZLPKy11kv88KGKGypTxaQyVdxQOan4JpWpYlK5UXGickNlqphUTlQ+UXGjYlI5qfhNFScqk8onVE4qTiomlZOKk4oTlX/Jw1prvcTDWmu9xMNaa72E/cEXqUwVN1RuVEwqJxUnKlPFDZUbFZPKScWkMlVMKicVN1RuVJyoTBWTylTxTSq/qWJSOamYVE4qJpWp4kRlqphUflPFNz2stdZLPKy11ks8rLXWS/zwIZWpYlKZKk4qTlQmlaliUjlROVE5qZgqJpWpYlKZKiaVSeVEZaqYVG6onFRMKpPKVHGjYlI5qZhUpoqTihsqv6liUjmpuFHxiYpJ5aRiUpkqPvGw1lov8bDWWi/xsNZaL/HDl6mcqJxUTCpTxaTyiYoTlW9SmSomlaliUpkqJpVJ5UTlpOJGxSdUpoqTipOKk4pJZaqYVKaKGxWfqPiEyo2KSeVf9rDWWi/xsNZaL/Gw1lov8cMvq5hUpoqTiknlROWGylQxVdxQmSpOVKaKSeVEZaq4oXKiMlXcUJkqTio+oXKjYqo4qbihclJxonJScaPiROWk4kbFpPKbHtZa6yUe1lrrJR7WWusl7A8+oDJVTCpTxQ2VqeJEZaq4oTJV/E0qJxWTyknFpDJVTConFScqU8WkMlVMKlPFN6l8ouITKlPFicpUcUPlpOJE5aTiX/Kw1lov8bDWWi/xsNZaL/HDL6uYVG5UTCr/JZWTikllqjipmFQmlaniRsWkMlV8omJSOVGZKiaVk4pJZaqYKiaVk4oTlZOKGypTxQ2VqWJSOVGZKm6oTBUnKlPFJx7WWuslHtZa6yUe1lrrJewPfpHKScWJylQxqZxUTCo3Kk5UTipOVKaKE5Wp4kTlmyomlZOKE5WTihOVqWJSmSpOVG5UTCpTxW9S+aaKE5Wp4kRlqvhND2ut9RIPa631Eg9rrfUS9ge/SOUTFZPKScVvUpkqvkllqphUTiq+SWWqmFSmiknlRsWJyknFpHJScUPlb6r4JpUbFScqU8UNlaniEw9rrfUSD2ut9RIPa631EvYHH1CZKiaVqWJSuVExqUwVk8pU8U0qJxUnKjcqJpWTiv+SylQxqdyomFSmihOVqWJSmSo+oTJV3FCZKiaVqWJSmSomlaniRGWqmFSmikllqvimh7XWeomHtdZ6iYe11noJ+4MPqEwV/yWVqWJSuVHxCZWp4obKVDGpTBU3VKaKSWWqOFG5UTGpTBWTylQxqZxUTCpTxSdUpopPqEwVJypTxaRyo+ITKicV3/Sw1lov8bDWWi/xsNZaL2F/8AGVqeJE5aRiUpkqJpWTikllqrihMlVMKlPFpDJVTCqfqJhUblScqPyXKm6onFRMKlPFicpUcUNlqjhRmSomlZOKSeWbKk5UpopvelhrrZd4WGutl3hYa62X+OFDFTcqblTcqJhUTlROKk5UvqniROVE5UbFpDJV3Ki4oTJVfELlhspU8U0qn1CZKiaVqeITFTdUJpUbKlPFJx7WWuslHtZa6yUe1lrrJX74kMrfVDFVTConFZPKVDGpnFRMKpPKVDGpTBWTylRxQ+VGxaTyCZWp4kTlpOITFZ9QmSpOKm6oTBU3VL5JZao4qZhUTiq+6WGttV7iYa21XuJhrbVe4ocvq/gmlROVqeJGxaRyUnFSMal8ouJEZaqYKk5UflPFN6lMFVPFJ1SmiqniROVGxVQxqUwVU8UnVE4qvqliUpkqPvGw1lov8bDWWi/xsNZaL/HDL1O5UfEJlRsVU8WJylRxQ2WqmFRuVJyo3KiYVKaKSWVS+ZtUpopJ5UbFicpJxaQyVUwqU8VUMamcVJyonKh8U8Wk8pse1lrrJR7WWuslHtZa6yV+eLmKSWVSuVExqZxU3Kj4hMpJxYnKjYpPqJxUnKhMKlPFicqkclJxonKickNlqphUJpWp4qTiRGWqmFRuVPymh7XWeomHtdZ6iYe11nqJH16m4qTiROVE5RMqJxWTylQxqfymikllqphUTiqmihOVk4pJZVL5RMWJylRxojJVnFRMKlPFpDKpTBWTyknFpDJVTConFb/pYa21XuJhrbVe4mGttV7ih19W8ZsqJpVvqjhROVGZKiaVSeVGxaQyVZyoTBUnFb9J5aTiExU3VKaKqeITKjcqblT8f/Kw1lov8bDWWi/xsNZaL/HDl6n8TSo3KiaVE5WTihsq36RyonJSMalMFZPKVHFDZaqYKiaVE5WpYlI5UfmEylRxUnGiMlVMKlPFicqNiknlRsWJylTxTQ9rrfUSD2ut9RIPa631EvYHa631Ag9rrfUSD2ut9RIPa631Eg9rrfUSD2ut9RIPa631Eg9rrfUSD2ut9RIPa631Eg9rrfUSD2ut9RIPa631Eg9rrfUSD2ut9RIPa631Ev8HsZ0wqZljW0AAAAAASUVORK5CYII=',140,'2024-10-13 17:51:17','2024-10-13 17:51:17'),(43,'data:image/png;base64,iVBORw0KGgoAAAANSUhEUgAAATQAAAE0CAYAAACigc+fAAAAAklEQVR4AewaftIAABcvSURBVO3BQW7s2pLAQFLw/rfM9jBHBxBU5Xe/OiPsF2ut9QIXa631EhdrrfUSF2ut9RIXa631EhdrrfUSF2ut9RIXa631EhdrrfUSF2ut9RIXa631EhdrrfUSF2ut9RIXa631EhdrrfUSF2ut9RI/PKTylyo+SeWTKiaVk4onVE4qJpWpYlKZKiaVqWJSmSomlW+qmFSmikllqphUpooTlaliUjmpuENlqphU7qiYVP5SxRMXa631EhdrrfUSF2ut9RI/fFjFJ6k8oTJVnFRMKicVd1ScqEwVk8pUMalMKlPFHSp3VJxUTCpTxYnKicoTKlPFpDJVnKg8oTJVTBWTylTxSRWfpPJJF2ut9RIXa631EhdrrfUSP3yZyh0Vd6icVNyhcofKJ1XcoTJVTCqTylRxR8WJylRxh8pUMVWcqPyXKu5QmVSeqJhUpopPUrmj4psu1lrrJS7WWuslLtZa6yV+eJmKOypOVE4qTlQmlaliUnlC5aTipGJSuaPiiYpJZaqYVE4qJpU7VKaKSeWkYlKZKk5UJpWp4qTiRGWq+F92sdZaL3Gx1lovcbHWWi/xw8uoTBWTylQxqdyhMlWcVJxUTCp3VJyonFRMFZPKN6mcqEwVd1R8UsWkclJxonJScaJyUvFmF2ut9RIXa631EhdrrfUSP3xZxV+qmFROVKaKT6p4ouJE5Y6KE5UnKu5QmSqeUJkqJpWp4kRlqjipmFROKqaKSWVSmSqmiknlpOKJin/JxVprvcTFWmu9xMVaa73EDx+m8i+rmFROVKaKSWWqmFSmikllqphUpoo7VKaKSWWqmFSmiknlRGWquENlqphUpopJZaqYVKaKO1SmipOKSWWqOKmYVKaKO1SmihOVf9nFWmu9xMVaa73ExVprvcQPD1X8L6uYVO6oOKk4qbhDZaqYVKaKSeUvVdyhcqJyojJVnFRMKlPFHSpTxaQyVXySyidV/C+5WGutl7hYa62XuFhrrZf44SGVqWJS+aSKqeKkYlKZKv5LKlPFExV3VEwqJyonKk9UTCpTxRMqU8VU8UkqU8WkMlVMFZPKVDGpTBVPqHxSxTddrLXWS1ystdZLXKy11kvYL/6QylRxh8onVUwqU8WkMlVMKlPFpPJJFZPKVPFJKicVk8pUMalMFScqd1R8k8o3VUwqJxWTyjdVTConFd90sdZaL3Gx1lovcbHWWi/xw4epTBVTxaRyR8WJylRxR8WkMlVMKicqU8UdKp+kMlVMKicVJypTxTdVnKhMFZPKExUnKlPFpDJVnFScqJxUTCpTxaQyVZxUnKicVDxxsdZaL3Gx1lovcbHWWi/xw0MqJypTxUnF/5KKSeWbKk4qJpUTlaliUvmXqUwVd1RMKlPFHSp3VEwqJxWTyknFScWkMlVMKndUTBXfdLHWWi9xsdZaL3Gx1lov8cOHVZyoTBWTyh0VJypTxYnKVHGi8pdUTiruqJhUPkllqnii4o6KSeWkYlK5o+IOlaliUplUpoo7VJ6o+CSVqeKJi7XWeomLtdZ6iYu11nqJHx6q+KaKE5WpYlI5UZkqJpWp4qTiRGWqmFQ+qeJEZaqYVE5UTir+kspJxR0Vd6jcUTGpPKEyVZxUnKicVNyhMlV80sVaa73ExVprvcTFWmu9xA8PqUwVn6QyVfyliknlROUOlaliUjmpmFSeUDlRuUPlDpWp4o6KSeUOlZOKk4o7VKaKSWWqmFSmipOKE5UnVP5LF2ut9RIXa631EhdrrfUS9osvUnmi4g6VOyruUDmpmFSmijtU/lLFpDJVnKhMFScqd1RMKlPFicodFScqJxWTyknFpDJVnKicVJyonFT8yy7WWuslLtZa6yUu1lrrJewXf0jlmypOVE4qTlQ+qeJEZaq4Q+WOik9SuaNiUjmpuENlqphUpopJ5aTiRGWqOFG5o2JSOak4UZkqJpUnKj7pYq21XuJirbVe4mKttV7ih39cxaTyl1ROKu5QmVSmiqliUpkq7qiYVD5J5aTiROUOlaliUpkqJpU7Kk5Upoo7VE4qJpWTihOVO1ROKiaVqWJSmSqeuFhrrZe4WGutl7hYa62XsF98kMpUMan8Syomlanim1Smik9SuaNiUpkqJpWp4kRlqrhDZar4JJWp4kRlqjhRmSomlb9U8UkqJxXfdLHWWi9xsdZaL3Gx1lov8cOXqUwVn6QyVUwqT6g8UXFSMamcVJyofJPKVHFHxR0qU8WJylQxqXyTyknFpDJVTCpTxR0qJyonFXdUTConKlPFExdrrfUSF2ut9RIXa631Ej88pDJVTCqTyidV3FExqUwVJypTxaTySRUnKlPFicqJyknFicpJxRMqU8WJylRxovJJFScVk8qJyh0Vn6QyVUwq/6WLtdZ6iYu11nqJi7XWeokfHqo4qbhDZaqYVCaVO1SmiknlpOIOlTsqJpWpYqqYVKaKk4o7VO6omFROKqaKOyomlROVqeKJihOVqWKqmFSmihOVE5U7Kp6o+EsXa631EhdrrfUSF2ut9RI/PKRyUjGpTBVTxaQyVUwqd1ScVEwq/xKVqWKqOKk4UTmpOFGZVE4qJpU7Kk4qTiomlZOKJypOVD5JZaq4Q+WTVKaKT7pYa62XuFhrrZe4WGutl/jhoYpPUpkqvkllqpgqnqiYVO6omFQmlZOKOyomlUllqpgqJpWpYlL5SyqfVHGiMlU8oXJHxYnKVHGHyonKX7pYa62XuFhrrZe4WGutl7BfPKByUvGEylQxqUwVk8odFScqJxVPqEwVd6g8UfGEylQxqUwVJyonFScqJxWTyhMVd6hMFZPKScU3qZxUTCpTxaRyUvHExVprvcTFWmu9xMVaa72E/eI/pDJVnKh8UsWkckfFHSonFXeo3FFxh8pJxSepTBWTylQxqdxR8ZdUTiomlanik1SmihOVqeJfcrHWWi9xsdZaL3Gx1lovYb94QGWqmFROKk5U7qj4SypTxRMqT1ScqNxRMancUTGpnFRMKicVJyonFZPKVDGpTBWTylQxqUwVd6hMFZPKHRWTyknFpPJExSddrLXWS1ystdZLXKy11kv88FDFpHJScUfFpPJNKlPFpPJJKicVJyqTyh0VT1Q8UTGpnFScqHySylRxUvGEyknFScUdKlPFN1V808Vaa73ExVprvcTFWmu9hP3iD6mcVEwqU8WJylQxqUwVJypTxaRyR8WkckfFpDJVTCpPVNyhMlXcoXJSMalMFZPKVHGi8kkVJyp/qeIOlZOKO1Smik+6WGutl7hYa62XuFhrrZf44cNUpoqTikllqphUpoo7Kk5UPqliUpkqvqniCZWTiqniRGWqOKm4Q2WqmFSmiqniL1VMKicVk8pJxaRyUjFVTCqTylQxqUwVk8pU8cTFWmu9xMVaa73ExVprvcQP/zGVE5WpYlKZKiaVOypOVJ6oOFH5X6YyVUwVk8pUMalMFVPFHRUnKlPFpDJVTCpTxaQyVZxUfFPFpHJHxaRyojJVfNLFWmu9xMVaa73ExVprvYT94gGVqWJSmSo+SWWqmFSmiknlpOJE5Y6KO1SmiknljooTlTsq7lA5qZhUTipOVE4qPkllqphUTiomlU+qmFROKk5U7qj4pou11nqJi7XWeomLtdZ6iR/+mMp/SWWqOFGZKqaKSWWquEPlRGWqmFSmijsqJpUTlb9UMalMFScVJypTxYnKVHFS8UkVk8onqdxR8V+6WGutl7hYa62XuFhrrZewX/yHVKaKO1SmiknljooTlTsqnlC5o+JEZaqYVJ6ouEPlmyomlZOKO1SmiidUTiruUJkqJpWp4g6VqWJSmSq+6WKttV7iYq21XuJirbVe4oc/pnKHylRxonJSMalMKlPFVHGiMqncUTFVPKEyVZxUnKjcoTJV3FExqUwVT1RMKlPFpDJVTConFZPKVHGiMlVMKlPFpHKHylRxR8WkclLxxMVaa73ExVprvcTFWmu9xA8fpjJVPFFxR8WJyv8SlScqJpWpYlI5qZhUTiruqHhCZar4JpWpYlK5Q2WqmCpOKj6p4gmVqWJS+aSLtdZ6iYu11nqJi7XWeokfPqxiUrlD5S9VTConKlPFScUdKlPFicpfUjlR+SSVqWJSmSomlanipOKkYlKZVE5UpopJZVJ5omKqmFQmlU+qmFS+6WKttV7iYq21XuJirbVe4of/WMUTKpPKVDFV/MsqJpWp4qTipGJSmSpOVKaKSeWkYlKZVE5Upoo7VKaKSWWqmFROKk5UJpWpYlKZKu5QOak4UZkq/mUXa631EhdrrfUSF2ut9RI/PKQyVZxUnKjcUTGpTConFScqT6icVEwqd1RMKlPFpHKHylTxSRUnKn+p4qRiUjlROan4JJU7VKaKE5WTikllqphUPulirbVe4mKttV7iYq21XuKHhyomlTtUpoonKk5UTiomlROVT6qYVE5UpoqTiknlpOJE5aTiRGWqeEJlqviXVEwqT6jcUTGpnFRMKlPFpHKiMlV80sVaa73ExVprvcTFWmu9hP3ii1TuqJhUpoo7VKaKE5Wp4ptUpopJ5ZsqTlSmijtUTipOVKaKO1ROKp5QOamYVKaKE5WTiknliYpPUjmp+KSLtdZ6iYu11nqJi7XWegn7xQepPFFxh8o3VUwqU8WkMlVMKndUTCpTxaQyVUwqJxUnKicVd6icVEwqU8WJylTxhMpUMalMFZPKScWJyknFpDJV3KFyUvGEylTxxMVaa73ExVprvcTFWmu9xA8fVvGEyknFScWJyknFScVJxaQyVTxRcYfKScUdFScqU8UdFXeoTBV3qEwVk8pUMalMFZPKEypTxYnKVHGHyknFEyrfdLHWWi9xsdZaL3Gx1lov8cOHqdxRcVIxqUwVJyonFZPKVDGpTBWTyonKHRV3VJyonKicVJxUnKhMFX9JZap4omJSOam4o2JSuUNlqrijYlKZKiaVqWKq+KaLtdZ6iYu11nqJi7XWegn7xQMqJxWTylRxojJVnKicVDyhclJxh8odFScqJxUnKicVk8pJxRMqU8WJyh0Vd6h8UsWJyknFpDJVTConFScqJxUnKlPFJ12stdZLXKy11ktcrLXWS9gvPkhlqphUTio+SeWk4kTlpOJE5aRiUjmpmFTuqPgvqUwVJyp3VEwqU8U3qUwVd6hMFZPKVDGpnFRMKlPFpHJHxR0qU8UTF2ut9RIXa631EhdrrfUSP/xjVE4qPkllqpgqTlSmipOKSWWqmFROKu5QmSomlZOKSWWqmFSmikllqrijYlI5UZkqJpU7KqaKE5WpYqr4pIpJZaqYVKaKJ1T+0sVaa73ExVprvcTFWmu9xA//uIoTlanik1SmiqniDpVvUpkqpoqTiknlpGJS+aSKE5Wp4omKSeVEZaqYVKaKE5WTipOKSWWqOKk4UZkqJpWp4kTlky7WWuslLtZa6yUu1lrrJewXD6icVDyhclJxh8pUcYfKVDGpTBUnKt9UMalMFZPKVPGEylQxqZxU3KFyUnGHyh0Vk8pUMalMFZPKScWkclIxqUwVk8odFZPKVPFNF2ut9RIXa631EhdrrfUSPzxUcYfKVDGpTBWTyqQyVZxUnKhMFScqn1RxojJVTConFZPKicoTFXdUTConFd9UcaIyqTyhclJxUjGpnFScVJyo/Esu1lrrJS7WWuslLtZa6yXsFx+kMlU8oTJVnKicVJyoTBV3qNxRMamcVEwqT1TcoXJHxYnKVDGpTBWfpPJNFZPKScWkclIxqUwVJypTxaTyTRWfdLHWWi9xsdZaL3Gx1lov8cNDKlPFpDJVTConFZPKVDFVTConKicqJxVTxaQyVUwqU8WkclJxh8odKicVk8qkMlXcUTGpnFRMKlPFScUdKt9UMamcVNxR8UTFpHJSMalMFU9crLXWS1ystdZLXKy11kv88GEqJypTxYnKVDGpTBUnKicVk8onqUwVk8pUcaJyUnGiclJxR8UTKlPFScVJxUnFpDJVTCpTxR0VT1Q8oXJHxaTyL7tYa62XuFhrrZe4WGutl/jhyyqeqJhUTlROKu6ouENlqjhRmSomlZOKE5WpYlI5UZkq7lCZKk4qnlC5o2KqOKm4Q+Wk4kTlpOKOihOVk4o7KiaVb7pYa62XuFhrrZe4WGutl7BfPKAyVdyhMlVMKlPFN6lMFZPKVPFNKk9UTCpTxaRyUnGiMlVMKlPFpDJVfJLKExVPqEwVJypTxR0qJxUnKicV/5KLtdZ6iYu11nqJi7XWeokfvkzliYpJ5aTiL6lMFZPKVHFHxYnKVHFSMalMFU9UTConKlPFpHJSMalMFVPFpHJSMalMFZPKVHGHylRxh8pUMamcqEwVd6hMFScqU8UTF2ut9RIXa631EhdrrfUS9osvUjmpOFGZKiaVqWJSuaNiUpkqJpWTihOVqWJSOak4UfmkiknlpOJE5aTiRGWqmFSmihOVOyomlanim1Q+qeJEZao4UZkqvulirbVe4mKttV7iYq21XsJ+8UUqT1RMKicVT6jcUfFJKlPFpHJS8UkqU8WkMlVMKndUnKicVEwqJxWfpPJJFZ+kckfFicpUcYfKVPHExVprvcTFWmu9xMVaa72E/eIBlaliUpkqJpU7KiaVqWJSmSo+SeWk4kRlqrhD5aTiv6QyVUwqd1RMKlPFicpUMalMFZPKScWkMlXcoTJVTCpTxaQyVUwqU8WJylQxqUwVk8pU8UkXa631EhdrrfUSF2ut9RL2iwdUpor/kspUMancUfGEylRxojJVnKhMFXeoTBWTylRxonJHxaQyVUwqU8WkclIxqUwVT6hMFU+oTBUnKlPFpHJHxRMqJxWfdLHWWi9xsdZaL3Gx1lovYb94QGWqOFE5qZhUpopJ5aTiRGWqeEJlqphUpooTlb9UcaLyX6q4Q+WkYlKZKk5Upoo7VKaKE5WpYlI5qZhUPqniRGWq+KSLtdZ6iYu11nqJi7XWeokfHqq4o+KOijsqJpWp4kRlqphUvknliYpJ5aRiUpkq7qi4Q2WqeELlDpWp4pNUnlCZKiaVqeKJijtUJpU7VKaKJy7WWuslLtZa6yUu1lrrJX54SOUvVUwVk8oTFZPKScUTKlPFpDJVfFPFpPKEylRxonJS8UTFEypTxUnFHSpTxR0qn6QyVZxUTConFZ90sdZaL3Gx1lovcbHWWi9hv3hAZar4JJWpYlL5SxUnKicVk8pUcYfKVHGHyidV3KHyRMUnqUwVd6jcUXGiMlV8kspUcYfKVDGpTBWTylTxxMVaa73ExVprvcTFWmu9xA9fpnJHxRMVk8pU8YTKVHFSMalMFZPKHRUnKndUTCpTxaQyqfwllaliUrmj4kTlpGJSmSomlaliqphUTipOVE5UPqliUvmmi7XWeomLtdZ6iYu11nqJH/6fUZkqJpWTikllqphUpoqTiidUTipOVO6oeELlpOJEZVKZKk5UJpWTihOVE5U7VKaKSWVSmSpOKk5UpopJ5Y6Kb7pYa62XuFhrrZe4WGutl/jh5SomlSdU7qiYVE4q7lCZKiaVJyomlaliUjmpmCpOVE4qJpVJ5YmKE5Wp4kRlqjipmFSmikllUpkqJpWTikllqphUTiq+6WKttV7iYq21XuJirbVe4ocvq/imiknlkypOVCaVqWKqmFQmlZOKqWJSuUNlqjip+CaVk4onKu5QmSqmiidU7qi4o+L/k4u11nqJi7XWeomLtdZ6CfvFAyp/qWJSuaNiUrmj4ptU7qiYVO6omFSmikllqphU7qg4UZkqJpWpYlKZKiaVOyomlZOKO1SmikllqphUnqiYVE4q7lCZKj7pYq21XuJirbVe4mKttV7CfrHWWi9wsdZaL3Gx1lovcbHWWi9xsdZaL3Gx1lovcbHWWi9xsdZaL3Gx1lovcbHWWi9xsdZaL3Gx1lovcbHWWi9xsdZaL3Gx1lovcbHWWi/xfzhEIFMhVhSiAAAAAElFTkSuQmCC',141,'2024-10-13 17:52:25','2024-10-13 17:52:25'),(44,'data:image/png;base64,iVBORw0KGgoAAAANSUhEUgAAATQAAAE0CAYAAACigc+fAAAAAklEQVR4AewaftIAABeWSURBVO3BQY7Y2JLAQFKo+1+Z42WuHiBI5fbXZIT9wVprfcDFWmt9xMVaa33ExVprfcTFWmt9xMVaa33ExVprfcTFWmt9xMVaa33ExVprfcTFWmt9xMVaa33ExVprfcTFWmt9xMVaa33ExVprfcQPD6n8TRVvUpkqJpWpYlKZKiaVk4onVE4qJpWpYlKZKiaVqWJSmSomld9UMalMFZPKVDGpTBUnKlPFpHJScYfKVDGp3FExqfxNFU9crLXWR1ystdZHXKy11kf88LKKN6k8oTJVnKhMFZPKVDGpnFQ8oTJVTCqTylRxh8odFScVk8pUcaJyovKEylQxqUwVJypPqEwVU8WkMlW8qeJNKm+6WGutj7hYa62PuFhrrY/44Zep3FFxh8pJxR0Vk8pUcUfFb1KZKiaVSWWquKPiRGWquENlqpgqTlT+SxV3qEwqT1RMKlPFm1TuqPhNF2ut9REXa631ERdrrfURP3xMxR0Vk8qJylRxojJVTCpTxR0Vk8pJxUnFpHJHxRMVk8pUMamcVEwqd6hMFZPKScWkMlWcqEwqU8VJxYnKVPG/7GKttT7iYq21PuJirbU+4oePUZkqJpWp4qRiUplUnqiYVKaKqWJSmSpOVE4qpopJ5TepnKhMFXdUvKliUjmpOFE5qThROan4sou11vqIi7XW+oiLtdb6iB9+WcW/TGWqOKl4QuWk4o6KOypOVJ6ouENlqnhCZaqYVKaKE5Wp4qRiUjmpmComlUllqpgqJpWTiicq/iUXa631ERdrrfURF2ut9RE/vEzlv1QxqUwVk8qJylQxqUwVk8pUMamcqEwVk8pUMalMFZPKVDGpTBWTyonKVHGHylQxqUwVk8pUMalMFXeoTBUnFZPKVHFSMalMFXeoTBUnKv+yi7XW+oiLtdb6iIu11vqIHx6q+JdVnFRMKndUnFT8popJZaqYVP6mijtUTlROVKaKk4pJZaq4Q2WqmFSmijepvKnif8nFWmt9xMVaa33ExVprfcQPD6lMFZPKmyqmikllqphU/ksqU8UdKlPFVHFHxaRyonKi8kTFpDJVPKEyVUwVv6liUpkqpopJZaqYVKaKJ1TeVPGbLtZa6yMu1lrrIy7WWusjfvjHVZyoPFExqUwVk8pUMalMFXeoPKEyVUwVJxUnKicVk8pUMamcVEwqd1RMFX+Tyh0qU8WJylQxqdyhckfFpPJfulhrrY+4WGutj7hYa62P+OGhikllqjhROVGZKk4qJpUTlTsqJpUnVKaKSeWOiknlpGJSOak4UZkqflPFicpUMak8UTGpnFRMKlPFScWJyknFpDJVTCpTxUnFicpJxRMXa631ERdrrfURF2ut9RH2Bw+o3FHxm1TuqJhUTipOVO6oOFGZKp5QOamYVKaKE5Wp4kRlqjhROamYVKaKE5Wp4g6Vk4oTlZOKSeWk4g6VqWJSuaPib7pYa62PuFhrrY+4WGutj/jhZRUnKlPFicpJxUnFExUnKndU/CaVOyomlTepTBVPVNxRMamcVEwqd1TcoTJVTCqTylRxh8oTFW9SmSqeuFhrrY+4WGutj7hYa62P+OGhit9UcaLyhMqJylRxR8WkMlVMKk9UTCpTxaQyVUwqJyonFX+TyknFHRV3qNxRMak8oTJVnFScqJxU3KEyVbzpYq21PuJirbU+4mKttT7ih4dUpoo3qUwVJxWTylRxUnGicofKicpUMam8SeVE5UTlDpU7VKaKOyomlTtUTipOKu5QmSomlaliUpkqTipOVJ5Q+S9drLXWR1ystdZHXKy11kfYH/wilScq7lC5o+IOlZOKSWWquEPljopJ5Y6KSWWqOFGZKk5U7qiYVKaKE5U7Kk5UTiomlZOKSWWqOFE5qThROan4l12stdZHXKy11kdcrLXWR9gf/CKVv6niROWk4g6VJypOVO6oOFE5qXiTyh0Vk8pJxR0qU8WkMlVMKicVJypTxYnKHRWTyknFicpUMak8UfGmi7XW+oiLtdb6iIu11vqIH/5xFZPKmypOVKaKk4oTlUllqpgqTlQmlZOKSeVNKicVJyp3qEwVk8pUMancUXGiMlXcoXJSMamcVJyo3KFyUjGpTBWTylTxxMVaa33ExVprfcTFWmt9hP3Bi1ROKiaVN1VMKndUTConFU+oTBUnKlPFicodFZPKVDGpTBUnKlPFHSpTxZtUpooTlaniRGWqmFT+poo3qZxU/KaLtdb6iIu11vqIi7XW+gj7gxepvKniROWkYlI5qbhD5aTiDpWTihOVJyomlZOK36QyVZyoTBWTyh0VJyp3VEwqU8WkMlXcofJExRMqU8WkMlU8cbHWWh9xsdZaH3Gx1lof8cNDKlPFpHJSMalMKicVk8pJxaRyh8pUMak8UTGpnKhMFScqJyonFScqJxVPqEwVJypTxYnKmypOKiaVE5U7Kt6kMlVMKv+li7XW+oiLtdb6iIu11vqIHx6qOKm4o+JEZVI5UTmpmFROKu5QuaNiqjipmFSmipOKO1TuqJhUTiqmijsqJpUTlaniiYoTlaliqphUpooTlROVOyqeqPibLtZa6yMu1lrrIy7WWusjfniZylQxqTxRMancUXFSMan8TSp3VEwVk8pUcaJyUnGiMqmcVEwqd1ScVJxUTConFU9UnKi8SWWquEPlTSpTxZsu1lrrIy7WWusjLtZa6yN+eEjliYpJZao4qZhU7lCZKqaKJyomlZOKE5VJ5U0Vk8qkMlVMFZPKVDGp/E0qJxWTyknFicpU8YTKHRUnKlPFHSonKn/TxVprfcTFWmt9xMVaa32E/cGLVE4q7lCZKu5QmSomlanib1KZKiaVqeJEZaqYVE4qnlCZKiaVqeJE5aTiROWkYlKZKiaVk4o7VKaKSeWk4jepnFRMKlPFpHJS8cTFWmt9xMVaa33ExVprfYT9wQMqU8WJyknFHSp/U8WkMlU8oXJSMamcVDyhclLxJpWpYlKZKiaVOyr+JpWTikllqniTylRxojJV/Esu1lrrIy7WWusjLtZa6yN++Msq7lA5qbhD5aTiCZWp4kTlDpWTihOVOyomlUnlpGJSOamYVO6omFTuUJkqJpWpYlKZKk4qTiomlaliUjmpOFE5qZhUnqh408Vaa33ExVprfcTFWmt9xA8vU5kqJpWpYlKZKiaVSeWk4qRiUpkqTiomlUnliYoTlUnljoonKp6omFROKk5U3qQyVZxU3KFyR8VJxYnKScVvqvhNF2ut9REXa631ERdrrfUR9ge/SOWkYlI5qThRmSpOVKaKSWWqmFSmijtU7qiYVKaKSeWJijtUpoo7VE4qJpWpYlKZKk5U3lRxh8pvqrhD5aTiDpWp4k0Xa631ERdrrfURF2ut9RE/PKQyVUwVT1RMKlPFVDGpTBUnKk+oTBWTylTxmyqeUDmpmCpOVKaKk4o7VKaKSWWqmCp+k8pUcUfFpHJSMamcVEwVk8qkMlVMKlPFpDJVPHGx1lofcbHWWh9xsdZaH/HDQxWTylTxhMpUMalMFU9UnKg8UXGi8oTKVPE3qUwVU8WkMlVMKlPFVHFHxYnKVDGpTBWTylTxRMVvqphU7qiYVE5Upoo3Xay11kdcrLXWR1ystdZH2B88oDJV/EtUpooTlaniROWOihOVqeJEZaqYVKaKE5U7Ku5QOamYVE4qTlROKt6kMlVMKicVk8qbKiaVk4oTlTsqftPFWmt9xMVaa33ExVprfcQPv0zlb6o4UZkqpopJ5aTiTRVPqEwVd1RMKicqf1PFpDJVnFScqEwVJypTxUnFmyomlTep3FHxX7pYa62PuFhrrY+4WGutj/jhoYqTihOVqeIOlSdUpoqpYlK5Q2WqOFE5qTipOFGZKiaVJyruUJlUTlROVKaKSeWk4r+kclJxUjGp3FFxh8qJylTxmy7WWusjLtZa6yMu1lrrI354SOWkYlK5Q2WqOFE5qZhUJpWpYqqYVO5QOak4UblDZao4qThRuUNlqrijYlKZKp6omFSmikllqphUTiomlaniRGWqmFSmiknlDpWp4o6KSeWk4omLtdb6iIu11vqIi7XW+ogfHqqYVN5UcUfFicpJxaQyVUwVk8qbVKaKE5WpYlKZKiaVk4pJ5aTijoonVKaK36QyVUwqd6hMFVPFScWbKp5QmSomlTddrLXWR1ystdZHXKy11kfYHzygMlVMKn9TxYnKVPGEyknFHSpTxYnKScWkMlVMKv+likllqphUpopJZap4k8oTFZPKmypOVN5UcaJyUvHExVprfcTFWmt9xMVaa32E/cGLVO6ouENlqphUpoo3qUwVk8pU8YTKVDGpTBV3qEwVJypTxaRyUjGpPFFxonJSMalMFZPKScWJyknFpDJV3KFyUnGiMlU8oXJS8cTFWmt9xMVaa33ExVprfcQPD6lMFZPKVHGiclJxh8pJxaQyVZyo3KEyVUwqU8VJxaQyVUwqd6hMFW+qOFH5mypOKiaVE5WTijep3KEyVZyonFRMKlPFpPKmi7XW+oiLtdb6iIu11vqIHx6qmFTuUJkq7lCZKk5UTiomlZOKSeWJijtUpoqTiknlpOJE5aTiRGWqeEJlqviXVEwqT6jcUTGpnFRMKlPFpHKiMlW86WKttT7iYq21PuJirbU+wv7gF6ncUTGpTBV3qEwVv0llqphUTiomlaniROWOihOVqeIOlZOKE5Wp4g6Vk4onVE4qJpWp4kTlpGJSeaLiTSonFW+6WGutj7hYa62PuFhrrY+wP3iRyhMVd6i8qeJEZaqYVE4qTlSmikllqphUpopJ5aTiROWk4g6Vk4pJZao4UZkqnlCZKiaVqWJSOak4UTmpmFSmijtUTiqeUJkqnrhYa62PuFhrrY+4WGutj/jhIZWTijtUTipOKk5Unqg4qZhU7qh4k8pJxR0VJypTxR0Vd6hMFXeoTBWTylQxqUwVk8oTKlPFicpUcYfKScUTKr/pYq21PuJirbU+4mKttT7ih4cqJpVJ5aTipGJSmSomlanipGJSmSomlaliUjlRmSomlanijooTlROVk4qTihOVqeJvUpkqnqg4qXiiYlK5Q2WquKNiUpkqJpWpYqr4TRdrrfURF2ut9REXa631ET/8sopJ5aRiUpkqJpUTlaliUpkq7lCZKk5UJpUTlaniROWk4k0qJxVTxR0qU8WJypsqJpWTihOVqeJE5aRiUpkqJpWTijtUpooTlaniTRdrrfURF2ut9REXa631EfYHv0hlqphUpoo3qZxUnKicVJyoTBUnKicVk8odFf8llaniROWOikllqvhNKlPFHSpTxaQyVUwqJxWTylQxqdxRcYfKVPHExVprfcTFWmt9xMVaa33EDy9TmSomlROVOyomlZOKE5Wp4kTlDpWTiknlpOJEZVKZKiaVk4pJZaqYVKaKSWWquKNiUjlRmSomlTsqpooTlaliqnhTxaQyVUwqU8UTKn/TxVprfcTFWmt9xMVaa33ED/+4iknlpGJSOVF5omJSmSpOVN6kclJxUjGpnFRMKm+qOFGZKp6omFROVKaKSWWqOFE5qTipmFSmipOKE5WpYlKZKk5U3nSx1lofcbHWWh9xsdZaH/HDQyp3VNyhMlVMKlPFVDGpTBWTyonKVPEmlTtU7lCZKiaVqeKOiknlDpWp4qRiUjmp+JeoTBWTyqQyVUwqd6hMFZPKicpUMalMFVPFmy7WWusjLtZa6yMu1lrrI354qOIOlTsqTiomlaliqrhD5UTlTRV3VJyoTBWTyonKExV3VEwqJxW/qeJEZVJ5QuWk4qRiUjmpOKk4UfmXXKy11kdcrLXWR1ystdZH2B+8SGWqOFH5mypOVKaKO1TuqJhUTiomlZOKSWWquEPljooTlaliUpkq3qTymyomlZOKSeWkYlKZKk5UpopJ5TdVvOlirbU+4mKttT7iYq21PuKHh1SmikllqpgqJpWpYlI5qZhUTlROVE4qpopJZaqYVKaKSWVSmSomlTepnFRMKpPKVHFHxaRyUjGpTBUnFXeo/KaKSeWk4o6KJyomlZOKSWWqeOJirbU+4mKttT7iYq21PuKHl6lMFScqJypTxaRyh8pUcaLyJpWpYlKZKk5UTlROVE4q7qh4QmWqOKk4qTipmFSmikllqrij4omKJ1TuqJhU/mUXa631ERdrrfURF2ut9RE//GUqU8UdKicqJxV3VNyhMlWcqEwVk8pJxaQyVZyonKhMFXeoTBUnFU+o3FExVZxU3KFyUnGiclJxR8WJyknFHRWTym+6WGutj7hYa62PuFhrrY+wP3hAZap4QuWk4kRlqphU7qg4UZkq/ksqU8WkMlVMKicVJypTxaQyVUwqU8WbVJ6oeEJlqjhRmSruUDmpOFE5qfiXXKy11kdcrLXWR1ystdZH/PCPq5hUflPFicodKlPFicoTFScVk8pU8UTFpHKiMlVMKicVk8pUMVVMKicVk8odFXeoTBV3qEwVk8qJylRxh8pUcaIyVTxxsdZaH3Gx1lofcbHWWh9hf/CLVE4qTlSmiknlpGJSOamYVKaKSeWk4kRlqjhRmSpOVN5UMamcVJyonFScqEwVk8pUcaJyUnGiMlX8JpU3VZyoTBUnKlPFb7pYa62PuFhrrY+4WGutj7A/+EUqT1RMKicVb1I5qXiTylQxqZxUvEllqphUpopJ5Y6KE5WTiknlpOIJld9U8SaVOypOVKaKO1Smiicu1lrrIy7WWusjLtZa6yPsDx5QmSomlaliUrmjYlKZKiaVqeJNKicVJyp3VEwqJxX/JZWpYlK5o2JSmSpOVKaKSWWqmFSmihOVqeIOlaliUpkqJpWpYlKZKk5UpopJZaqYVKaKN12stdZHXKy11kdcrLXWR9gfPKAyVfyXVKaKSeWOiidUpoo7VKaKSWWquENlqphUpooTlTsqJpWpYlKZKiaVk4pJZap4QmWqeEJlqjhRmSomlTsqnlA5qXjTxVprfcTFWmt9xMVaa33ED3+ZyknFpDJVTCpPVNyhckfFpDJVTCpTxaTyhModFZPKm1ROVKaKk4pJZVKZKiaVqeJEZaq4Q2WqmComlaniRGWqmFROVO6omComld90sdZaH3Gx1lofcbHWWh/xw0MVd1TcUXFHxaRyh8pUMVWcqDxR8SaVk4pJZaq4o+IOlaniCZU7VKaKN6k8oTJVTCpTxRMVd6hMKneoTBVPXKy11kdcrLXWR1ystdZH/PCQyt9UMVXcUXFSMalMFU9U3KEyVfymiknlCZWp4kTlpOKJiidUpoqTijtUpoo7VN6kMlWcVEwqJxVvulhrrY+4WGutj7hYa62P+OFlFW9SOVGZKu5QuUPlpOIOlaliqjhRmSqmihOV31TxJpWpYqp4QmWqmCpOVE4qTiomlaliqnhC5aTiTRWTylTxxMVaa33ExVprfcTFWmt9xA+/TOWOijdV3FFxojJVnKicVEwqd1ScqNxRMalMFZPKpPI3qUwVk8odFScqJxWTyqRyUjFVTConFScqJypvqphUftPFWmt9xMVaa33ExVprfcQPH6NyUjFVTConFZPKVHFScVLxhMpJxYnKHRVPqJxUnKhMKlPFicqkclJxonJScYfKVDGpTCpTxUnFicpUMancUfGbLtZa6yMu1lrrIy7WWusjfviYijtU7lC5o2JSuaPiRGWqeFPFpDJVTConFVPFicpJxaQyqTxRcaIyVbypYlKZKiaVSWWqmFROKiaVqWJSOan4TRdrrfURF2ut9REXa631ET/8sorfVDGpvKniROVEZaqYVE5UpoqpYlKZKk5UpoqTit+kclLxRMUdKlPFVHGHyhMVd1T8f3Kx1lofcbHWWh9xsdZaH/HDy1T+JpU7KiaVE5Wp4gmVqeJE5Y6KSeWkYlKZKiaVqeIOlaliqphUTlSmiknlROUJlaliUpkqTlSmikllqjhRuaNiUrmj4kRlqnjTxVprfcTFWmt9xMVaa32E/cFaa33AxVprfcTFWmt9xMVaa33ExVprfcTFWmt9xMVaa33ExVprfcTFWmt9xMVaa33ExVprfcTFWmt9xMVaa33ExVprfcTFWmt9xMVaa33E/wGMgGd7IKdecQAAAABJRU5ErkJggg==',142,'2024-10-13 18:16:20','2024-10-13 18:16:20'),(45,'data:image/png;base64,iVBORw0KGgoAAAANSUhEUgAAATQAAAE0CAYAAACigc+fAAAAAklEQVR4AewaftIAABdFSURBVO3BQW7s2pLAQFLw/rfM9jBHBxBU5fu+OiPsF2ut9QIXa631EhdrrfUSF2ut9RIXa631EhdrrfUSF2ut9RIXa631EhdrrfUSF2ut9RIXa631EhdrrfUSF2ut9RIXa631EhdrrfUSF2ut9RI/PKTylyo+SeWk4kRlqphUTiqeUDmpmFSmikllqphUpopJZaqYVL6pYlKZKiaVqWJSmSpOVKaKSeWk4g6VqWJSuaNiUvlLFU9crLXWS1ystdZLXKy11kv88GEVn6TyhMpU8YTKVDGpTBV3qNxRMalMKlPFHSp3VJxUTCpTxYnKicoTKlPFpDJVnKg8oTJVTBWTylTxSRWfpPJJF2ut9RIXa631EhdrrfUSP3yZyh0Vd6icVNxR8S9VnKhMKlPFpDKpTBV3VJyoTBV3qEwVU8WJyr9UcYfKpPJExaQyVXySyh0V33Sx1lovcbHWWi9xsdZaL/HDy1TcUTGpTBV3VJyofJPKScVJxaRyR8UTFZPKVDGpnFRMKneoTBWTyknFpDJVnKhMKlPFScWJylTxv+xirbVe4mKttV7iYq21XuKHl1GZKiaVqeJE5UTlL1VMKlPFicpJxVQxqXyTyonKVHFHxSdVTConFScqJxUnKicVb3ax1lovcbHWWi9xsdZaL/HDl1X8SyonKlPFm1WcqDxRcYfKVPGEylQxqUwVJypTxUnFpHJSMVVMKpPKVDFVTConFU9U/JdcrLXWS1ystdZLXKy11kv88GEq/1LFpDJVTConKlPFpDJVTCpTxaQyVUwqU8UdKlPFpDJVTCpTxaRyojJV3KEyVUwqU8WkMlVMKlPFHSpTxUnFpDJVnFRMKlPFHSpTxYnKf9nFWmu9xMVaa73ExVprvcQPD1X8L6uYVO6oOKn4JJUTlaliUvlLFXeonKicqEwVJxWTylTxRMWkMlV8ksonVfwvuVhrrZe4WGutl7hYa62XsF88oDJVTCqfVHGickfFpHJS8ZdUTiruUJkqJpV/qWJSmSqeUJkqnlA5qThRmSpOVKaKSWWqOFGZKiaVT6r4pou11nqJi7XWeomLtdZ6CfvFB6ncUTGpTBWTylTxhMpJxaQyVUwqU8Wk8kkVk8pU8UkqJxWTylQxqUwVJyp3VHyTyjdVTConFZPKN1VMKicV33Sx1lovcbHWWi9xsdZaL/HDl1WcqJyonKg8UXGiMlVMKlPFHRUnKndUnKhMFZPKScWJylTxTRUnKlPFpPJExYnKVDGpTBUnFScqJxWTylQxqUwVJxUnKicVT1ystdZLXKy11ktcrLXWS/zwkMqJylQxVUwqU8UdKp9UcVLxlyruUDlRmSomlf8ylanijopJZaq4Q+WOiknlpGJSOak4qZhUpopJ5Y6KqeKbLtZa6yUu1lrrJS7WWuslfviwihOVqeJE5aTijooTlZOKSWWqOKl4QuWOikllqphUPkllqnii4o6KSeWkYlK5o+IOlaliUplUpoo7VJ6o+CSVqeKJi7XWeomLtdZ6iYu11nqJHx6qeELlpOJE5QmVqWJSeULlpGJSuaNiUplUpopJZaqYVE5UTir+kspJxR0Vd6jcUTGpPKEyVZxUnKicVNyhMlV80sVaa73ExVprvcTFWmu9xA8PqUwVn6QyVZxUTCpPVEwqJyp3qEwVk8oTFZPKicqJyh0qd6hMFXdUTCp3qJxUnFTcoTJVTCpTxaQyVZxUnKg8ofIvXay11ktcrLXWS1ystdZL2C++SOWJijtU7qi4Q+WkYlKZKu5QmSruULmjYlKZKk5UpooTlTsqJpWp4kTljooTlZOKSeWkYlKZKk5UTipOVE4q/ssu1lrrJS7WWuslLtZa6yXsF1+k8pcq/pLKExUnKicVk8oTFZ+kckfFpHJScYfKVDGpTBWTyknFicpUcaJyR8WkclJxojJVTCpPVHzSxVprvcTFWmu9xMVaa73ED3+sYlI5qZhUnlA5qZhUpoqTihOVSWWqmComlZOKSWWqmFQ+SeWk4kTlDpWpYlKZKiaVOypOVKaKO1ROKiaVk4oTlTtUTiomlaliUpkqnrhYa62XuFhrrZe4WGutl7BffJDKScWk8kkVT6jcUfGEyh0Vk8pUMancUTGpTBWTylRxojJV3KEyVXySylRxojJVnKhMFZPKX6r4JJWTim+6WGutl7hYa62XuFhrrZf44T+m4g6VO1TuqJhUTlSmipOKO1ROVL5JZaq4o+IOlaniRGWqmFS+SeWkYlKZKiaVqeIOlROVk4o7KiaVE5Wp4omLtdZ6iYu11nqJi7XWeokfHlKZKiaVSeVE5Y6KSeWkYlKZKv5LVKaKSWWqOFE5UTmpOFE5qXhCZao4UZkqTlQ+qeKkYlI5Ubmj4pNUpopJ5V+6WGutl7hYa62XuFhrrZf44aGKk4oTlaniRGVSOamYVKaKSeWk4g6VJypOKiaVqeKk4g6VOyomlZOKqeKOiknlRGWqeKLiRGWqmComlaniROVE5Y6KJyr+0sVaa73ExVprvcTFWmu9xA8PqUwVJypTxYnKVDGpnKhMFScVk8q/pHJSMVVMKlPFicpJxYnKpHJSMancUXFScVIxqZxUPFFxovJJKlPFHSqfpDJVfNLFWmu9xMVaa73ExVprvcQPD1VMKlPFHSpTxTepTBVTxRMVk8odFZPKpDJVTBV3VEwqk8pUMVVMKlPFpPKXVE4qJpWTihOVqeIJlTsqTlSmijtUTlT+0sVaa73ExVprvcTFWmu9hP3ii1SmijtUTipOVE4q/pLKScUTKk9UPKEyVUwqU8WJyknFicpJxaTyRMUdKlPFpHJS8U0qJxWTylQxqZxUPHGx1lovcbHWWi9xsdZaL/HDQypTxR0qU8VUMamcqNyh8kTFHRV3qEwVk8pUMalMFXeonFRMFScVJypTxaRyovJExTepPFHxSSpTxVQxqZxUnFR808Vaa73ExVprvcTFWmu9xA8fpjJVnFScqEwVT1RMKlPFicodKp+kckfFpHJHxaQyqZxUTConFZPKHRWTyh0qU8WkMlVMKlPFScVJxaQyVUwqT6icVEwqT1R80sVaa73ExVprvcTFWmu9xA8PVZyoPFExqZxUTCqTylQxqUwVJypTxUnFicpUcaIyqdxR8UTFExWTyknFiconqUwVJxVPqJxUnFScqJxUfFPFN12stdZLXKy11ktcrLXWS9gvHlA5qXhCZao4UTmpuENlqphU7qiYVO6omFSmiknliYo7VKaKO1ROKiaVqWJSmSpOVD6p4kTlL1XcoXJScYfKVPFJF2ut9RIXa631EhdrrfUS9osHVKaKSWWqmFSmihOVqeIJlTsqJpWpYlI5qXhCZar4JJWTijtUpopJZao4UTmpmFSmir+kMlVMKicVk8pJxaRyUnGiclIxqUwVk8pU8cTFWmu9xMVaa73ExVprvcQPD1VMKlPFpHKHylQxqUwVk8pUcVJxonKiMlXcoTJVTConKlPFX1KZKqaKSWWqmFSmiqnijooTlaliUpkqJpWp4omKb6qYVO6omFROVKaKT7pYa62XuFhrrZe4WGutl/jhIZWp4qTijopJ5ZtUpoqpYlI5UZkqnqiYVD5J5YmKE5UnVKaKE5WTiqnipOKTVKaKSeUJlaliUjmpOFG5o+KbLtZa6yUu1lrrJS7WWuslfvgylf8SlaniRGWqmCo+qeKOiknliYpJ5UTlL1VMKlPFScWJylRxojJVnFR8UsWk8kkqd1T8SxdrrfUSF2ut9RIXa631Ej88VHFScaIyVdyh8oTKVDFVnKjcUTGpTBUnKicVJypTxaTyRMUdKpPKicqJylQxqZxU/EsqJxUnFZPKHRV3qJyoTBXfdLHWWi9xsdZaL3Gx1lov8cOHqUwVk8odKlPFicpJxaQyqUwVk8onVTxRcaIyVZxUnKjcoTJV3FExqUwVT1RMKlPFpDJVTConFZPKVHGiMlVMKlPFpHKHylRxR8WkclLxxMVaa73ExVprvcTFWmu9xA8PqUwVn1RxR8WJyh0qn6RyUjGpTBWTyknFpDJVTConFZPKScUdFU+oTBXfpDJVTCp3qEwVU8VJxSdVPKEyVUwqn3Sx1lovcbHWWi9xsdZaL2G/+CCVf6niRGWquEPljoo7VKaKE5WTikllqphU/qWKSWWqmFSmikllqvgklScqJpVPqjhR+aSKE5WTiicu1lrrJS7WWuslLtZa6yXsFw+oTBWTyknFEyonFXeo3FExqUwVT6hMFZPKVHGHylRxojJVTConFZPKExUnKicVk8pUMamcVJyonFRMKlPFHSonFScqU8UTKicVT1ystdZLXKy11ktcrLXWS/zwxypOVO6omFQmlZOKk4pJ5Q6Vk4qTipOKSWWqmFTuUJkqPqniROUvVZxUTConKicVn6Ryh8pUcaJyUjGpTBWTyiddrLXWS1ystdZLXKy11kv88FDFpHKHylRxh8pUcaLyRMVJxYnKHSpTxaQyVZxUTConFScqJxUnKlPFEypTxX9JxaTyhModFZPKScWkMlVMKicqU8UnXay11ktcrLXWS1ystdZL/PBhFZPKpHKHylQxVZyoTBXfpPIvqdxRcaIyVUwVJyonFXdUnFRMKicVn6QyVUwqU8WJyqQyVUwqJypPVJxUTCp/6WKttV7iYq21XuJirbVewn7xQSpPVNyh8i9V3KFyR8WkckfFpHJScaJyUnGHyknFpDJVnKhMFU+oTBWTylQxqZxUnKicVEwqU8UdKicVT6hMFU9crLXWS1ystdZLXKy11kv88GUVd6icVJxUnKicVHySylTxl1ROKu6oOFGZKu6ouENlqrhDZaqYVKaKSWWqmFSeUJkqTlSmijtUTiqeUPmmi7XWeomLtdZ6iYu11nqJH75M5aTipGJSmSqeqJhUpopJZaqYVE5U7qiYKiaVqeJE5UTlpOKk4kRlqvhLKlPFExWTyknFHRWTyh0qU8UdFZPKVDGpTBVTxTddrLXWS1ystdZLXKy11kvYLz5IZaqYVKaKE5WpYlK5o+IJlZOKJ1ROKk5UTipOVE4qJpWTiidUpooTlTsq7lD5pIoTlZOKSWWqmFROKk5UTipOVKaKT7pYa62XuFhrrZe4WGutl/jhj1VMKlPFVHFHxaRyojJVTConFScqU8UnqXxSxR0Vd6hMFXeonFRMKlPFExUnKicVJypTxaRyh8pUMamcqHxSxaQyVTxxsdZaL3Gx1lovcbHWWi/xwx9TOVE5qThReUJlqjhRmSqmijsqJpWTijtUpopJ5aRiUpkqJpWpYlKZKu6omFROVKaKSeWOiqniRGWqmCo+qWJSmSomlaniCZW/dLHWWi9xsdZaL3Gx1lov8cN/XMVfqphUpoqp4gmVqeKTVKaKk4pJ5aRiUvmkihOVqeKJiknlRGWqmFSmihOVk4qTikllqjipOFGZKiaVqeJE5ZMu1lrrJS7WWuslLtZa6yXsFw+onFQ8oTJV3KFyUnGHylQxqZxUTCr/UsWkMlU8oTJVTConFXeonFTcoXJHxaQyVUwqU8WkclIxqZxUTCpTxaRyR8WkMlV808Vaa73ExVprvcTFWmu9xA8PVdyhckfFpHJScVJxojJVnKhMFZPKHRV3qEwVd6icqDxRcUfFpHJS8U0VJyqTyhMqJxUnFZPKScVJxYnKf8nFWmu9xMVaa73ExVprvcQPH6YyVUwVk8pUMalMFZPKpPJNFScqJypTxaRyUvGEylRxh8q/VHFScYfKN1VMKicVk8qkMlVMKlPFicpUMancoXKiMlV80sVaa73ExVprvcTFWmu9xA8PqUwVk8pUcUfFpDJVnKicqJyonFRMFZPKVDGpTBWTyr+kclIxqUwqU8UdFZPKScWkMlWcVNyh8k0Vk8pJxR0VT1RMKicVk8pU8cTFWmu9xMVaa73ExVprvcQPH6YyVUwqU8WkclIxqUwVd1ScqHySylQxqUwVk8pUMalMFScqJxV3VDyhMlWcVJxUnFRMKlPFpDJV3FHxRMUTKndUTCr/ZRdrrfUSF2ut9RIXa631EvaLB1ROKj5J5YmKSWWqeEJlqjhRmSomlU+qmFTuqLhDZaqYVKaKE5WpYlK5o+KbVE4qTlROKj5JZaq4Q2WqmFROKp64WGutl7hYa62XuFhrrZewXzygMlWcqDxR8UkqJxWTyknFEypTxaQyVUwqU8WkMlVMKicVJypTxaQyVUwqU8UnqTxR8YTKVHGiMlXcoXJScaJyUvFfcrHWWi9xsdZaL3Gx1lov8cOXqZxU3KFyUnGiclLxSSpTxRMVJxUnFZPKVPFExaRyojJVTConFZPKVDFVTConFZPKVDGpTBV3qEwVd6hMFZPKicpUcYfKVHGiMlU8cbHWWi9xsdZaL3Gx1lovYb/4IpWTihOVqWJSmSpOVO6oOFE5qThRmSomlZOKE5VPqphUTipOVE4qTlSmikllqjhRuaNiUpkqvknlkypOVKaKE5Wp4psu1lrrJS7WWuslLtZa6yXsF1+k8kTFpHJHxR0qU8WkMlV8kspUMamcVHySylQxqUwVk8odFScqJxWTyknFJ6l8UsUnqdxRcaIyVdyhMlU8cbHWWi9xsdZaL3Gx1lovYb94QGWqmFSmiknljopJZaqYVKaKT1I5qThRmSruUJkq/ktUpopJ5Y6KSWWqOFGZKiaVqWJSOamYVKaKO1SmikllqphUpopJZao4UZkqJpWpYlKZKj7pYq21XuJirbVe4mKttV7CfvGAylTxL6lMFZPKHRVPqEwVJypTxYnKHRWTylQxqUwVJyp3VEwqU8WkMlVMKicVk8pU8YTKVPGEylRxojJVTCp3VDyhclLxSRdrrfUSF2ut9RIXa631EvaLB1SmihOVk4pJZaqYVE4qTlSmihOVqWJSmSomlaniDpWTihOVk4oTlX+p4g6Vk4pJZao4UZkq7lCZKk5UpopJ5aRiUvmkihOVqeKTLtZa6yUu1lrrJS7WWuslfnio4o6KOyruqJhUpoqpYlKZKqaKb1J5QuWOikllqrij4g6VqeIJlTtUpopPUnlCZaqYVKaKJyruUJlU7lCZKp64WGutl7hYa62XuFhrrZf44SGVv1QxVXxSxaRyUjFVTCp3VEwqU8UdKndUTCpPqEwVJyonFU9UPKEyVZxU3KEyVdyh8kkqU8VJxaRyUvFJF2ut9RIXa631EhdrrfUSP3xYxSepnKicVEwqU8WkclJxojJVnKhMFVPFicpUMVWcqHxTxSepTBVTxRMqU8VUcaJyUnFSMalMFVPFEyonFZ9UMalMFU9crLXWS1ystdZLXKy11kv88GUqd1T8JZWp4kRlqrhDZaqYVO6oOFG5o2JSmSomlUnlL6lMFZPKHRUnKicVk8qkclIxVUwqJxUnKicqn1QxqXzTxVprvcTFWmu9xMVaa73EDy9TcVIxqUwqJxWTyh0VJxVPqJxUnKjcUfGEyknFicqkMlWcqEwqJxUnKicVd6hMFZPKpDJVnFScqEwVk8odFd90sdZaL3Gx1lovcbHWWi/xw/8zKk+oPKFyUnGHyknFExWTylQxqZxUTBUnKicVk8qk8kTFicpU8UkVk8pUMalMKlPFpHJSMalMFZPKScU3Xay11ktcrLXWS1ystdZL/PBlFd9UMancUTGpTBUnKlPFScWkMqlMFScVk8qkMlVMKlPFScU3qZxUPFFxh8pUMVXcofJExR0V/59crLXWS1ystdZLXKy11kv88GEqf0nljopJ5UTlCZU7KiaVOyomlUllqphUpopJZaq4Q2WqmComlROVqWJSOVF5QuWOihOVqWJSmSpOVO6omFTuqDhRmSo+6WKttV7iYq21XuJirbVewn6x1lovcLHWWi9xsdZaL3Gx1lovcbHWWi9xsdZaL3Gx1lovcbHWWi9xsdZaL3Gx1lovcbHWWi9xsdZaL3Gx1lovcbHWWi9xsdZaL3Gx1lov8X+WsBmHCqgWrgAAAABJRU5ErkJggg==',143,'2024-10-13 18:26:46','2024-10-13 18:26:46'),(46,'data:image/png;base64,iVBORw0KGgoAAAANSUhEUgAAATQAAAE0CAYAAACigc+fAAAAAklEQVR4AewaftIAABb5SURBVO3BQW7s2pLAQFLw/rfM9jBHBxBU5fu+OiPsF2ut9QIXa631EhdrrfUSF2ut9RIXa631EhdrrfUSF2ut9RIXa631EhdrrfUSF2ut9RIXa631EhdrrfUSF2ut9RIXa631EhdrrfUSF2ut9RI/PKTylyomlU+qmFSmikllqphUnqg4UZkqJpWp4kRlqjhRmSruUJkq7lD5SxV3qEwVk8pUMamcVEwqT1RMKn+p4omLtdZ6iYu11nqJi7XWeokfPqzik1ROKu5QOVGZKk4qJpU7KiaVSeWk4qTiL6lMFZPKHSpTxUnFpDJVTCpTxYnKVHFS8UTFpHJS8U0Vn6TySRdrrfUSF2ut9RIXa631Ej98mcodFX+pYlK5Q2WquENlqjhRmVSmiknljoo7KiaVSeWkYlKZKiaVE5UnVJ5QmSpOKu6omFTuqPgklTsqvulirbVe4mKttV7iYq21XuKH/3EqJxVTxR0qJxWTylTxhMpUcaLyL1VMKlPFScU3qdxRMalMKicqT1RMKlPFEypTxf+yi7XWeomLtdZ6iYu11nqJH16mYlKZKiaVk4onVKaKqWJSmSomlanijopPUrlD5Y6KqeIOlU+qmFSeqJhUJpUnVKaKN7tYa62XuFhrrZe4WGutl/jhyyr+pYo7Kp6omFQmlanijopPUjmpuKPiDpUTlanikyomlUllqpgq/lLFJ1U8UfFfcrHWWi9xsdZaL3Gx1lov8cOHqfyXqEwVd6hMFZPKVHFSMalMFZPKVDGpTBWTyh0Vk8pUcYfKVHFSMamcqEwVJxWTylQxqZyoTBWTylQxqUwVk8qJylRxh8pUcaLyX3ax1lovcbHWWi9xsdZaL2G/+B+mclJxh8pUcYfKScWkclJxonJS8U0qU8UdKicVk8pUcaIyVZyo3FExqUwVk8oTFZPKScX/JxdrrfUSF2ut9RIXa631Ej88pDJV3KEyVUwq36QyVTxRMalMKlPFExWTyqQyVdyhMlWcqDxRMak8UTGpTBUnFZPKN1VMKndUnKj8pYoTlaniiYu11nqJi7XWeomLtdZ6CfvFB6k8UfGEyhMVk8pUMancUfGEylRxonJHxRMqJxWTylRxojJVTCpTxaRyR8UdKlPFicpJxRMqJxUnKlPFicoTFU9crLXWS1ystdZLXKy11kv88GUVT6hMFZPKVDGpnFT8JZWp4kRlqphUTiomlaliUvlLFScq31QxqZyonFTcUTGpfFLFpHKiMlVMKlPFScWk8k0Xa631EhdrrfUSF2ut9RL2iwdUTiruUJkqJpWTikllqphUpooTlaliUjmpOFE5qfgklZOKE5VvqphUpopJZap4QuWOir+k8kkV/8su1lrrJS7WWuslLtZa6yXsFx+k8k0Vk8pUMamcVEwqJxWTyh0VJyonFXeoTBUnKicVd6hMFScqd1TcoXJScaIyVUwqU8WJylRxh8pJxaTySRWTylQxqUwVn3Sx1lovcbHWWi9xsdZaL/HDH6uYVE4qJpUTlScqJpVJZaqYVKaKSWWqmCo+qWJSOamYVE5UnlA5qZhUTlROKiaVOyomlaniRGWqmFSmijsq7qiYVE4qTiomlb90sdZaL3Gx1lovcbHWWi9hv/iHVKaKSWWqOFGZKk5UTipOVO6omFROKu5QuaPiDpWpYlI5qfgklZOKSeWk4gmVqeJE5Y6KSWWqmFROKp5QOamYVE4qnrhYa62XuFhrrZe4WGutl/jhIZU7KqaKSWWqOFGZKiaVOyqeqHii4g6VT1KZKqaKJ1SmiknlpGKqmFQmlaliUjlROamYKk5UpopJ5Y6KSWWq+CSVJyomlU+6WGutl7hYa62XuFhrrZewX3yQyjdVTConFZPKVHGHylTxl1SmikllqphUpopJZaqYVKaKE5UnKr5J5aRiUpkqJpWpYlJ5ouJE5aTiCZWp4kRlqvimi7XWeomLtdZ6iYu11nqJH/5jKk5UpopJ5aTiDpWp4g6Vk4pJZaq4o2JSOVGZKp5QOan4JJWpYlK5o+Kk4qRiUpkqnlCZKk4qJpWTipOKSWWqOFGZKj7pYq21XuJirbVe4mKttV7CfvGAylQxqUwVJyp3VEwqd1RMKlPFicpUcaIyVUwqJxWTyjdVnKhMFd+k8kTFicpUMamcVNyhMlWcqNxR8YTKScWkMlVMKlPFJ12stdZLXKy11ktcrLXWS/zwUMWkMlWcqEwVn1RxR8WkMlXcoXJHxYnKExWTyh0qd6icVJyoTBWTylRxonKHyknFicpJxaQyVdxRcaJyR8Wk8kkqU8UTF2ut9RIXa631EhdrrfUSPzykcqJyUnGickfFpDJVTCpTxVQxqdxRcYfKVHFHxX9ZxaRyUnFSMalMFXdUTCpTxaTyTSonFXdUnKhMKndUTCpTxTddrLXWS1ystdZLXKy11kvYL/5DVKaKJ1SmihOVqWJSOamYVKaKSeWk4g6VqWJSmSqeUDmpOFF5omJSuaNiUpkq7lCZKp5QmSomlaniROWkYlKZKiaVqeJEZar4pIu11nqJi7XWeomLtdZ6CfvFB6lMFScqU8WkclIxqUwVd6hMFXeoTBUnKlPFicpJxaRyUnGiMlWcqNxRMal8U8WJyknFHSp3VJyoTBWTylTxhMpU8V92sdZaL3Gx1lovcbHWWi/xw0MqU8WkclIxqUwVk8pJxaQyVdyhMlVMKneoTBWTyh0VT6icVEwqU8VUMal8UsWkMlWcqJxUTConKicVJyp3VEwqU8X/EpWp4omLtdZ6iYu11nqJi7XWeokfPkxlqphUJpUTlScqTlTuUJkqTlROVKaKSeVEZao4qZhUpopJ5URlqjipmFROKk4qJpWTiknlkyomlSdUpoqp4kRlqjhRmSomlaliUpkqJpWp4pMu1lrrJS7WWuslLtZa6yV++LCKk4onVCaVOypOKiaVO1SmihOVf6niiYqTipOKE5Wp4qTiCZUnVKaKE5U7VO6oOFE5UTlRmSruUJkqnrhYa62XuFhrrZe4WGutl/jhoYonVJ6o+KaKb6qYVKaKE5WTiknlpOKk4kRlqvgklaniDpWpYlI5UZkqJpUnVO6ouEPliYpJ5YmKT7pYa62XuFhrrZe4WGutl7Bf/A9TuaPiROWk4kRlqphU/qWKE5WpYlI5qZhUpopJ5ZMqTlSmikllqphUTiruUJkq7lCZKp5QmSr+l1ystdZLXKy11ktcrLXWS/zwkMpUcaIyVZyoTBVTxaQyVZyoTBWTyonKVDGpnFRMKlPFHSpTxYnKVDGpPFHxSRWfpDJVTCpPqEwVU8WkclIxVUwqU8UdFZPKVPFJKlPFExdrrfUSF2ut9RIXa631EvaLL1K5o+KTVE4qJpWpYlI5qThROak4UfmkihOVJyruULmjYlKZKk5UTiruUDmpOFG5o2JSmSomlZOKSWWqmFSmikllqvimi7XWeomLtdZ6iYu11noJ+8UDKndUTCpTxaTyRMUTKndUTCpTxaQyVUwqT1ScqJxUTCqfVHGiMlV8k8pJxaRyUjGpnFRMKlPFicpUcaLyL1V80sVaa73ExVprvcTFWmu9xA8fVjGp3KEyVdyhMqlMFZPKVDFVTCpTxaQyVdyhMlVMKlPFJ1XcUXGicqJyh8pJxYnKVHFSMal8UsVJxR0VJypTxaQyVfwvuVhrrZe4WGutl7hYa62XsF88oDJVTCr/UsWkclLxTSrfVHGiMlWcqPyliknlpOIJlaniDpUnKk5UpopJZaq4Q+WTKk5UTiqeuFhrrZe4WGutl7hYa62X+OGhikllqphUTiruUJkqJpU7VKaKSWWqOFGZKiaVv1RxonJSMalMFXeonFTcofJJKlPFExWTyh0qU8WkclJxUnGHyhMVn3Sx1lovcbHWWi9xsdZaL/HDl6lMFZPKicpUcaJyR8WkMqncoXJHxYnKScWkclIxqXyTylRxonJSMamcVNyh8pcqTlSmiknlpOIJlaniDpWpYlKZKp64WGutl7hYa62XuFhrrZf44cMqPqnikyomlaniRGVSmSomlScqJpWTihOVk4pPqrijYlKZVP5LKk5U7lCZKiaVO1SmijsqnqiYVKaKT7pYa62XuFhrrZe4WGutl7BfPKByUjGp/EsV36RyUvGEylQxqUwVd6j8l1RMKicVk8pUMamcVJyoTBXfpHJScYfKJ1WcqJxUPHGx1lovcbHWWi9xsdZaL/HDH6s4UZkqTlS+SeWk4qRiUpkq7qi4Q2WqOKl4QmWqOFGZKk4qTlROVE4qTlROVE4qJpWpYlI5qZhU7qi4Q2WqmFSmipOKT7pYa62XuFhrrZe4WGutl/jhy1SmiknlRGWquKPikyomlROVqeIJlaniDpU7Kk5UTlT+yypOVE4qTlQmlROVk4onKk5UpopPqphUpoonLtZa6yUu1lrrJS7WWuslfnioYlI5UTmpeKJiUjmpOKmYVKaKE5VJZaqYVO5QmSpOVE4qnqiYVE4qJpWp4pMqJpWp4g6VqWKquEPlDpWpYlKZVKaKJ1Smikllqvimi7XWeomLtdZ6iYu11nqJH76s4kRlUjmpeKJiUpkqvqliUjmpOFGZVO6omFS+qWJSuUPljoqTikllqphUpopJ5aTipGJSeaJiUplUpopJ5aRiUjlR+aaLtdZ6iYu11nqJi7XWeokf/pjKVHGHylQxqZyonKicVEwqU8VUcUfFpDJV3FExqUwqU8UnVZxUnKicVEwqJypTxR0Vk8oTKp+kMlVMFScqJxUnFScq33Sx1lovcbHWWi9xsdZaL2G/+CCVk4pJ5Y6KE5VvqphUTiomlTsqJpWpYlKZKp5QmSqeUJkqJpWp4r9E5ZMqJpWp4gmVk4pJZao4UXmi4pMu1lrrJS7WWuslLtZa6yXsFx+kMlWcqJxU3KEyVUwqU8WkMlVMKlPFpPIvVdyhclJxh8pUcaLyRMWkMlX8l6n8pYpJ5ZMqJpWpYlKZKp64WGutl7hYa62XuFhrrZewXzyg8kkVk8pUcaJyUnGHylTxTSpTxaQyVXyTyknFicpUcaIyVUwqU8WkclIxqZxUTCpTxaQyVXyTylRxh8pUMamcVNyhMlV80sVaa73ExVprvcTFWmu9hP3iAZWpYlJ5omJSmSomlaliUpkqTlROKu5QOan4JJU7Kk5UTipOVKaKE5WTihOVJyo+SWWqmFSmihOVqWJSmSomlX+p4pMu1lrrJS7WWuslLtZa6yXsFx+k8kTFpDJVnKhMFZPKHRV3qEwVJypTxYnKJ1U8oTJV3KEyVUwqd1ScqEwVk8pUMalMFZPKX6qYVO6omFSmiknljopJ5aTiiYu11nqJi7XWeomLtdZ6CfvFB6lMFScqJxWTylTxhMoTFZPKHRUnKlPFHSpPVNyhMlVMKlPFJ6mcVJyo3FExqdxRMamcVPxLKlPFEypTxRMXa631EhdrrfUSF2ut9RI/PKRyonJHxaRyh8pUMalMFScqU8U3qdyhckfFicqkclJxojJVPKEyVdyhMlVMFScqk8odFZPKVDGpnKhMFZPKHRUnFZPKVDGp/KWLtdZ6iYu11nqJi7XWeokfvqziDpWp4gmVE5UnVJ5QOam4o2JSmVQ+SWWqeELlpOJfqphUpooTlaliUpkqJpUTlZOKE5U7Ku6omFQ+6WKttV7iYq21XuJirbVe4ocPq5hUpopJ5URlqrijYlI5qZhUnqh4QuWk4i9VTCqTyh0VU8UdKndUPKHySSpPVEwqJypTxUnFpDKpnFRMKt90sdZaL3Gx1lovcbHWWi/xwx9TuaNiUpkqpopJZap4QmWquENlqphUTiomlanikyomlTsqJpUnVKaKSWWquEPlpOJEZao4qZhUnqiYVE5UpopJZaqYVO6omFQ+6WKttV7iYq21XuJirbVewn7xQSpTxaQyVUwqJxV3qNxRcaIyVZyoTBV3qEwVk8pJxR0qU8WkMlVMKlPFicpUMalMFZ+kMlWcqEwVk8p/ScWJyh0Vd6icVHzSxVprvcTFWmu9xMVaa72E/eKLVO6oOFGZKiaVOyruUDmpmFROKiaVOyomlaliUpkqJpW/VDGpnFScqNxRMamcVNyhMlVMKndUTConFXeo3FFxonJS8UkXa631EhdrrfUSF2ut9RL2iwdUpoo7VO6omFTuqDhRuaPim1ROKiaVqWJSOam4Q+WbKk5U7qg4UfmkiknlpOKbVKaKO1TuqJhUpopPulhrrZe4WGutl7hYa62X+OHDVKaKSWWquEPljopJZaqYKiaVqWJSOamYVKaKJ1ROVE4qJpWp4omKT1I5qZhUTlSmikllqphUpopJ5QmVk4pJ5aRiUrmjYlJ5QmWqeOJirbVe4mKttV7iYq21XuKHD6uYVKaKE5U7Kj5JZaq4o+Kk4kRlqphUpoonVO5Q+Usqd6icqNxRcYfKHRUnFZPKScWk8kTFScWkMqlMFd90sdZaL3Gx1lovcbHWWi9hv/gglZOKSWWqOFGZKiaVOypOVE4qTlSmihOVqeIOlaliUpkqJpU7Kk5UpooTlZOKSeWOiknlpGJSmSo+SWWqOFE5qbhD5YmKf+lirbVe4mKttV7iYq21XuKHh1SmiknlDpWTikllqjhRmVSmiqniRGWqOFGZKqaKO1Smik+qeKJiUpkqnqiYVE5Upoo7Kk5UpooTlU+qOFGZKqaKE5Wp4kRlqvimi7XWeomLtdZ6iYu11nqJH76s4qTiX6o4UblD5aTiRGWqmFROVO5QmSomlaniDpWp4o6KE5WTihOVk4oTlTtUPqniRGWqmFSmijtUTipOVKaKJy7WWuslLtZa6yUu1lrrJX74YyonFZPKScWJylTxRMWkMlVMKpPKVHGiMlVMKicVJyonFScqd6icVJyo3KEyVZxUTCpTxR0qd1TcoTJVPKHyRMWJyjddrLXWS1ystdZLXKy11kvYL/6HqUwVJypTxaRyR8WkMlXcoXJHxaRyR8WJylQxqUwVd6jcUXGHylRxovJJFU+oPFExqZxU3KFyR8U3Xay11ktcrLXWS1ystdZL/PCQyl+qeKJiUpkqJpWp4g6VqWJSmSpOVJ6omFSmiqniCZWp4qRiUnmi4pMqPkllqjipmFS+SWWquKNiUpkqPulirbVe4mKttV7iYq21XsJ+8YDKVPFJKlPFEyonFScqJxWTyjdVTCpTxaQyVdyhclJxh8oTFZPKVPGEyidVnKhMFU+o3FFxh8pJxYnKVPHExVprvcTFWmu9xMVaa73ED1+mckfFHSpTxaQyVUwqJypTxR0Vk8pfUpkqJpVPUvmkijsqPqliUrmj4o6KJ1SmiknlROWJijsqPulirbVe4mKttV7iYq21XuKH/3EVJxWTyonKHSpTxaQyVUwqJxUnKicVk8pUcaJyR8UnqUwVJypTxaQyVUwqU8VU8ZdUTiqmijsqJpWp4kRlUpkqJpWTiicu1lrrJS7WWuslLtZa6yV+eBmVqWKqeEJlqphU7qiYVD5JZaqYVKaKOyomlaliUpkq7lA5qbhDZao4UZkq7lB5omJSOan4l1Smim+6WGutl7hYa62XuFhrrZf44csq/ktU7qiYKiaVk4o7KiaVqeKkYlI5qZhUTir+pYonKk5U7lA5qTipeJOKf+lirbVe4mKttV7iYq21XuKHD1P5Syr/UsWkMqncUTFVTCp3VDxRMamcVJxUTCp3qEwVJypTxUnFHSonKneonFRMFScqJyr/kspU8cTFWmu9xMVaa73ExVprvYT9Yq21XuBirbVe4mKttV7iYq21XuJirbVe4mKttV7iYq21XuJirbVe4mKttV7iYq21XuJirbVe4mKttV7iYq21XuJirbVe4mKttV7iYq21XuL/ANV9v5zOr6zdAAAAAElFTkSuQmCC',144,'2024-10-13 18:38:37','2024-10-13 18:38:37'),(47,'data:image/png;base64,iVBORw0KGgoAAAANSUhEUgAAATQAAAE0CAYAAACigc+fAAAAAklEQVR4AewaftIAABb8SURBVO3BQW7s2pLAQFLw/rfM9jBHBxBU5fu+OiPsF2ut9QIXa631EhdrrfUSF2ut9RIXa631EhdrrfUSF2ut9RIXa631EhdrrfUSF2ut9RIXa631EhdrrfUSF2ut9RIXa631EhdrrfUSF2ut9RI/PKTylyruULmj4g6VqWJSmSo+SeWkYlKZKiaVqWJSmSomlaniROUvVdyhMlWcqEwVk8pJxaQyVUwqU8WkckfFpPKXKp64WGutl7hYa62XuFhrrZf44cMqPknlDpWpYlK5Q+Wk4gmVqWJSOamYVCaVv1RxonJHxaRyUjGpTCpTxaQyVUwqU8WJyhMVd6hMFZ9U8Ukqn3Sx1lovcbHWWi9xsdZaL/HDl6ncUXGHylQxqUwVk8qkcofKScUTFXdUTCpPqEwVJypTxVQxqTxRcVJxonJHxaRyUnGiMqmcVNyhMlV8ksodFd90sdZaL3Gx1lovcbHWWi/xw8uonKjcUTGpnFScqJyoTBUnKv8lFScqJxUnFU+o3KEyVUwVk8qkclJxojKpTBVPqEwV/8su1lrrJS7WWuslLtZa6yV++H+mYlKZKu6oOFGZKu5QOam4Q+Wk4kTlL6lMFZPKVDGpTBWfpDJVPKFyUjGp3FHxZhdrrfUSF2ut9RIXa631Ej98WcVfqphU7lD5JpWp4qTim1ROKu6ouEPlpOKbVKaKSWWqmComlTsq7lD5pIonKv5LLtZa6yUu1lrrJS7WWuslfvgwlf9lFZPKVDGpTBUnFZPKVDGpTBWTylQxqUwVk8pUMalMFZPKicpUcYfKVPFfojJVTCpTxaQyVUwqU8WkMlVMKicqU8WJyn/ZxVprvcTFWmu9xMVaa72E/eJ/mMpJxaRyR8WJylRxh8oTFZPKVHGickfFpDJV3KFyUjGp3FFxh8pUcaJyUjGpTBVPqHxSxf+yi7XWeomLtdZ6iYu11noJ+8UDKlPFpPJJFScqU8WkMlVMKndUnKicVEwqU8UnqUwVJyr/UsU3qUwVJypTxYnKVDGpTBWTyknFpDJVTConFZPKJ1V808Vaa73ExVprvcTFWmu9hP3iAZUnKiaVqeJEZao4UbmjYlL5pIpJZaqYVKaKSWWqOFGZKk5UTiomlaliUrmj4kRlqviXVJ6omFQ+qWJSmSomlaliUjmp+KaLtdZ6iYu11nqJi7XWeokfvqziROVEZaqYKiaVqeKkYlI5qbhDZaqYVKaKJyomlb+kMlVMKicVk8qkclIxqZxUTConFXdUnKhMFZPKVHGHylQxqTyhMlVMKpPKScUTF2ut9RIXa631EhdrrfUSPzxUMalMKlPFHRWTyknFScUTKicVU8WkMlVMKlPFicpUcVJxh8pUMancUXGiMlVMKk9UnFT8Syp3qJxUnFTcUTGpTConFd90sdZaL3Gx1lovcbHWWi9hv/iHVKaKSeWkYlKZKiaVqWJSmSomlZOKSeWOiknljooTlaliUvmmiv8ylaliUpkqTlTuqDhRmSruUDmpeEJlqjhRmSqeuFhrrZe4WGutl7hYa62X+OGPqUwVJxV3VDxRcVLxRMWkMqlMFZPKVDGpTBVTxaQyVUwqJxUnKicqU8WkMlWcqNxRcUfFpHJHxYnKVHGHylRxUnGHylQxVUwqU8U3Xay11ktcrLXWS1ystdZL2C8eUJkq7lCZKiaVqeJE5Y6KSWWq+CaVOyomlaniROWTKiaVqWJSOan4JJU7KiaVJyq+SWWquENlqvgklTsqnrhYa62XuFhrrZe4WGutl/jhoYpJ5aTijooTlaniiYonVE4qTiomlTtUnqiYVKaKJyomlUnlpGJSmSqmihOVk4oTlaniROWk4o6KSeWbVKaKOyomlU+6WGutl7hYa62XuFhrrZewX3yRyjdV3KEyVUwqT1ScqNxRcaJyUnGHylRxovJJFZPKScUdKlPFHSpTxYnKVDGpfFLFpDJVnKicVNyhckfFExdrrfUSF2ut9RIXa631Ej98WcWJylRxh8pUcVIxqZxUnKicqEwVk8pU8UTFHSpTxRMVk8pUcaJyh8pUMalMFScqU8VUcaIyVUwqU8UTKicVk8oTKicVJxWTyiddrLXWS1ystdZLXKy11kv88GUqU8UdKicVf0nlROVEZaqYVKaKk4pJ5Y6KE5Wp4gmVk4oTlanipOIJlanipOKk4kTlCZUnKiaVT1KZKj7pYq21XuJirbVe4mKttV7ih4dUTiruUJkqnlA5qfimiknlpGJSmSqeqHhC5Y6KE5UTlaniROWTKk5UpopJ5Y6KSeWOikllqjhRmSomlU9SmSqeuFhrrZe4WGutl7hYa62XsF88oDJVPKFyUnGiMlWcqJxUnKhMFScq/0sq7lA5qZhUpopJ5aRiUpkq7lA5qZhUpoonVE4qJpWTin9J5Y6KJy7WWuslLtZa6yUu1lrrJX54qGJSeaLiROWTKiaVT1I5qThRmSruUJkqnlCZKqaKT6p4QmWqmFSmijsqTlROKqaKSWVSmSomlROVOyomlZOKqeJE5ZMu1lrrJS7WWuslLtZa6yV++LKKJ1ROKiaVSeW/pGJSmSqeUDlRuaNiqjhRmSruULmjYqq4o2JSmSomlZOKJ1Q+SeWOikllqphUJpWTiqniky7WWuslLtZa6yUu1lrrJX54SOVE5Y6KqeKOihOVO1SmiqniDpWp4qTiRGWqOFGZKk5UTiqmim+qeELlpOKOikllqvikikllqphU/stUpoonLtZa6yUu1lrrJS7WWuslfnio4kRlqphUJpVPqjipuENlqvgklaliUrlD5URlqjipOFE5qTipmFQmlaniROWkYlI5qZhUnlCZKiaVSeVE5aTikyomlaniL12stdZLXKy11ktcrLXWS/zwYSpTxUnFHSonFZPKVDGpnFRMFZPKScWJylQxqdyhMlVMKlPFEyonFScVk8pUMamcqDxRMancUTGpfFLFJ6lMFVPFicpUcUfFJ12stdZLXKy11ktcrLXWS9gvHlA5qXhC5YmKb1J5omJSuaPiDpWpYlKZKu5QeaJiUrmj4kRlqphUpooTlZOKT1KZKk5UTiomlZOKE5U7Kj7pYq21XuJirbVe4mKttV7CfvFBKicVk8pUcYfKVHGi8kTFpHJSMancUXGHyknFpDJVTCp3VJyoTBWTyh0Vk8odFZPKScU3qZxUTCpTxaTyRMWJyh0V33Sx1lovcbHWWi9xsdZaL/HDh1U8ofJJKicVk8pUMak8UTGpTBVPVEwqk8oTFScqU8VUMalMFScqJxXfpHJHxaQyVdyhckfFHSonKlPFHSpTxSddrLXWS1ystdZLXKy11kvYLz5IZaqYVE4qTlS+qWJSmSomlaniCZWpYlI5qfgklaniv0xlqphUpoq/pDJVTConFZPKVHGickfFpHJSMancUfHExVprvcTFWmu9xMVaa73ED1+mcofKN1VMKneoTBWTylRxonJHxb+kckfFicpUMalMFZPKicpUcaIyVUwqU8WkMlU8UXFSMancUTGpTConFScVk8pU8UkXa631EhdrrfUSF2ut9RL2i/9hKicVk8pJxYnKScWkMlVMKlPFHSonFXeo3FHxTSonFZPKHRWTyknFicpUMak8UXGHylQxqZxUnKjcUfFNF2ut9RIXa631EhdrrfUSPzykclJxovJJFU+onFTcUTGp3KHylyomlaliUvmmijsqTlTuqDhRmSpOKu5QmVSmikllqnhC5Y6Kf+lirbVe4mKttV7iYq21XuKHhypOVKaKk4o7VCaVJyomlUnlkyruqDhRmVROKiaVE5WTijtUTlROKiaVk4o7VKaKJ1SeqJhUpopJZao4qbhD5QmVqeKJi7XWeomLtdZ6iYu11nqJHz5M5ZNUpoo7Kk5UJpWTikllqvikikllqrij4qTiDpUTlanipOKJiknliYpJZaqYVE4qJpWTijtUTlTuUJkqTlSmir90sdZaL3Gx1lovcbHWWi/xw0MqU8UnVXySylQxqTyhMlWcqEwVk8qJylRxojJVTConFXdUPKFyUvEvqUwVk8odFZPKExWTyh0VT6icVHzSxVprvcTFWmu9xMVaa72E/eKLVKaKSeWTKiaVqeIOlaliUvmmikllqjhROamYVE4qJpVPqphUpopJZaqYVE4qnlB5ouKTVKaKE5VPqviXLtZa6yUu1lrrJS7WWusl7BcfpHJHxaQyVUwqU8WJylTxTSpTxYnKScUnqUwVd6icVNyh8kTFpHJScaIyVUwqJxUnKicVk8pUMalMFZPKScWkclJxojJVnKhMFU9crLXWS1ystdZLXKy11kvYLz5I5aTiDpWpYlL5pIpJZaqYVKaKJ1ROKiaVJypOVKaKSeWk4ptUpooTlaniCZWpYlI5qfgklaliUrmjYlI5qZhUpopJZap44mKttV7iYq21XuJirbVe4oeHVO5QmSomlanipOIJlUnlRGWqmFSmikllqjipOKm4Q+VE5YmKO1SmiknlkyomlanijoqTihOVqeIOlanipGJSeaJiUpkq/tLFWmu9xMVaa73ExVprvYT94otUvqliUjmpmFSmikllqjhR+UsVn6RyUnGiclIxqUwVd6icVEwqJxUnKlPFHSpTxYnKScWkMlVMKndU3KFyUvFNF2ut9RIXa631EhdrrfUS9osvUpkqPkllqphU/qWKE5WTikllqjhRmSomlaniROWOijtUpooTlZOKE5Wp4g6VqeJE5ZMq/pLKVPFfcrHWWi9xsdZaL3Gx1lovYb94QOWOijtUpooTlaniDpWTijtUvqliUpkqTlROKp5QmSomlZOKE5U7Ku5QmSpOVJ6omFSmik9SOan4JJWp4pMu1lrrJS7WWuslLtZa6yXsFx+kMlX8l6mcVEwqJxUnKlPFpDJV/EsqU8WJyh0Vk8oTFZPKVHGHyh0V36RyR8WkMlVMKndUTCpTxYnKVPHExVprvcTFWmu9xMVaa73EDw+pnKjcUTGp3FExqUwVU8WkckfFHRWTylRxojJVTCp3VDyhckfFScWkMlWcqJyoTBUnFZPKVHGiclLxRMWkclIxqZxU3FHxL12stdZLXKy11ktcrLXWS/zwUMWkMlVMKicqU8UTFZPKVHFHxRMqU8WkMlVMFXdUnKhMFVPFScWkMlVMKlPFpDJV3FExqUwVT1ScqJxUnKhMFU+oTBUnFXeo3FHxTRdrrfUSF2ut9RIXa631Ej88pPJExaQyqfylikllqphUpoo7VKaKSWWqeELlROWkYlKZKiaVOyomlZOKSeVEZaqYVE4qJpU7VKaKqeKTKu5QmSomlaniRGVS+aaLtdZ6iYu11nqJi7XWegn7xQMqJxXfpPJJFScqJxXfpHJScaIyVZyoTBUnKicVk8pUcYfKVPGEylRxovJJFZ+kckfFicoTFZPKVPHExVprvcTFWmu9xMVaa73EDx9WcYfKVDGpnFScqJxUTCpTxUnFicpUMalMFZPKEyp3qNyhMlVMKicVk8pJxVQxqZxUTCp3qJxUnKjcoXJSMak8ofJExaRyUvFJF2ut9RIXa631EhdrrfUSP3yZyh0qU8UdKlPFpDKpnKicqEwVd1ScVHxSxaTyRMWkMlXcUXGiMlX8pYpJZVI5qThRmSruqJhUpop/SWWq+KSLtdZ6iYu11nqJi7XWegn7xRepTBWTyl+quENlqrhDZar4JJUnKp5QOak4UZkq/ktUpoonVKaKE5WTikllqjhROamYVKaKE5U7Kp64WGutl7hYa62XuFhrrZf44Y+pnFScqJxUnKicVJyoPKEyVUwqU8W/pPKEylTxhMpJxaQyVZyoTBWTyh0VJypTxRMVd1ScqEwVT1RMKp90sdZaL3Gx1lovcbHWWi/xw3+MyhMqJxWTyqRyUjGpTBWTyonKicpUcVJxonKiMlWcqEwVT6hMFScVJxWTylTxRMUdFZPKpHJS8UkqU8VUMalMFf8lF2ut9RIXa631EhdrrfUSP3yYylQxqZxU3KEyVUwqk8onVdxRMalMFZPKpDJV3FFxh8pUMVWcqJxUfJLKScWkMlVMKlPFicpUMak8oTJVPFFxR8V/2cVaa73ExVprvcTFWmu9xA8fVvFJKlPFHRV3qDyhckfFJ6lMFZPKVPGEyknFHSpTxVRxUnFHxaQyVXxTxaRyUnGHylQxqUwVJypTxR0qU8UnXay11ktcrLXWS1ystdZL/PBhKp9UMamcqJxUTConFXdUTCqTylQxqXySyonKVDGpPKFyR8WJylQxqUwVJypTxYnKVDFVTCpPVEwqU8WkMlVMKlPFpHJS8UkqU8UTF2ut9RIXa631EhdrrfUS9osHVE4qJpWpYlI5qZhUnqi4Q+Wk4kTlpGJSOamYVD6p4i+pTBUnKndUnKhMFScqU8VfUrmjYlKZKiaVk4pJ5YmKJy7WWuslLtZa6yUu1lrrJewXf0jlpOIOlZOKSWWq+CaVOyo+SWWqOFE5qZhU7qh4QuWTKu5QmSomlTsqJpWpYlKZKv4llaniROWk4omLtdZ6iYu11nqJi7XWegn7xQMqU8WkMlVMKndUTCpTxaQyVXyTylQxqUwVk8pUMalMFScqd1RMKlPFHSpTxaRyR8WkMlWcqEwVJypPVDyhMlVMKlPFpDJVTCpTxYnKHRV/6WKttV7iYq21XuJirbVe4ocvqzip+JdUpopJ5aRiqjipOKk4qThRmSomlaliUpkqnqiYVO6oOKk4UZkqJpUnKiaVE5Wp4omKk4pJZap4ouJEZaqYVKaKJy7WWuslLtZa6yUu1lrrJewXD6hMFScqJxWTylQxqXxTxaQyVZyoTBUnKicVk8onVZyo/EsVk8oTFZPKScWkMlXcoTJVnKhMFZPKScWk8kkV/9LFWmu9xMVaa73ExVprvYT94n+YyknFJ6ncUXGiclIxqUwVk8pU8YTKHRV3qEwVJypTxaTyRMWkckfFpHJScaIyVTyhclJxh8onVTxxsdZaL3Gx1lovcbHWWi/xw0Mqf6liqphUTlSmihOVqeJE5Y6KE5WpYlI5UZkqTlROKiaVE5Wp4g6VqWJSmSqeUJkqJpU7Ku5QmSpOVO6omFROVKaKk4pJ5aTiky7WWuslLtZa6yUu1lrrJX74sIpPUjlReUJlqpgq7qiYVKaKE5Wp4omKSeUJlTsq7lA5UblDZao4qTipOFE5qZhUpopJZaqYKr6p4pMqJpWp4omLtdZ6iYu11nqJi7XWeokfvkzljopvqjhRmSomlaliUnmiYlI5qfhLFZPKpPJExaRyUnFSMancUTGpnFRMKpPKVHFSMamcVJyonKh8UsWk8k0Xa631EhdrrfUSF2ut9RI//D+nMlXcoTJVTCqTylRxUnGiMlVMKlPFHSonFZPKVHGHylQxqZyoTBVTxaQyVZxUnKh8kspUMalMKlPFScWJyh0qU8VU8U0Xa631EhdrrfUSF2ut9RI/vJzKVDFVfJLKVHGHylQxqUwVk8oTKlPFpDJVnKhMFZPKVDGpPKHyhMpUMalMFScqd1Q8oTJVTConFf9LLtZa6yUu1lrrJS7WWuslfviyim+qmFTuUDmpmCq+qeKJiknlRGWqOKn4SxUnKndUnKhMFScVk8pUcaJyR8V/mcpJxTddrLXWS1ystdZLXKy11kv88GEqf0llqjhROamYVKaKE5U7Kp5QOamYVKaKSWWqeKLimypOVCaVT1I5UZkqTlROVJ5QOamYVO6oOFGZKj7pYq21XuJirbVe4mKttV7CfrHWWi9wsdZaL3Gx1lovcbHWWi9xsdZaL3Gx1lovcbHWWi9xsdZaL3Gx1lovcbHWWi9xsdZaL3Gx1lovcbHWWi9xsdZaL3Gx1lovcbHWWi/xf7Bk3G2aXQg/AAAAAElFTkSuQmCC',147,'2024-10-13 19:44:14','2024-10-13 19:44:14'),(48,'data:image/png;base64,iVBORw0KGgoAAAANSUhEUgAAATQAAAE0CAYAAACigc+fAAAAAklEQVR4AewaftIAABdJSURBVO3BQQ7c2JLAQFKo+1+Z42WuHiCoyu2vyQj7g7XWeoGLtdZ6iYu11nqJi7XWeomLtdZ6iYu11nqJi7XWeomLtdZ6iYu11nqJi7XWeomLtdZ6iYu11nqJi7XWeomLtdZ6iYu11nqJi7XWeokPD6n8TRXfpDJVTCp3VEwqJxVPqJxUTCpTxaQyVUwqU8WkMlVMKr9UMalMFZPKVDGpTBUnKlPFpHJScYfKVDGp3FExqfxNFU9crLXWS1ystdZLXKy11kt8+LKKb1J5QmWq+CWVqeIJlZOKSWVSmSruULmj4qRiUpkqTlROVJ5QmSomlaniROUJlaliqphUpopvqvgmlW+6WGutl7hYa62XuFhrrZf48GMqd1TcoXJS8UTFicp/SWWqmFQmlanijooTlaniDpWpYqo4UfkvVdyhMqk8UTGpTBXfpHJHxS9drLXWS1ystdZLXKy11kt8eJmKOypOVE4qJpVJ5ZsqTlROKk4qJpU7Kp6omFSmiknlpGJSuUNlqphUTiomlaniRGVSmSpOKk5Upor/ZRdrrfUSF2ut9RIXa631Eh9eRmWqmFSmipOKSWVSOan4JpWpYqo4UTmpmComlV9SOVGZKu6o+KaKSeWk4kTlpOJE5aTizS7WWuslLtZa6yUu1lrrJT78WMXfVHGHylRxUvGEyknFScUTFScqT1TcoTJVPKEyVUwqU8WJylRxUjGpnFRMFZPKpDJVTBWTyknFExX/kou11nqJi7XWeomLtdZ6iQ9fpvIvUZkqJpUTlaliUpkqJpWpYlI5UZkqJpWpYlKZKiaVqWJSmSomlROVqeIOlaliUpkqJpWpYlKZKu5QmSpOKiaVqeKkYlKZKu5QmSpOVP5lF2ut9RIXa631EhdrrfUSHx6q+F9WMancUXFS8TepTBWTyt9UcYfKicqJylRxUjGpTBV3qEwVk8pU8U0q31Txv+RirbVe4mKttV7iYq21XuLDQypTxaTyTRVTxR0q/8tUpoonKiaVE5UTlScqJpWp4gmVqWKq+CaVqWJSmSqmikllqphUpoonVL6p4pcu1lrrJS7WWuslLtZa6yXsDx5QOamYVKaKb1K5o2JSmSomlaliUpkq7lC5o2JSmSq+SeWkYlKZKiaVqeJE5Y6KX1L5pYpJ5aRiUvmliknlpOKXLtZa6yUu1lrrJS7WWuslPjxUMalMKk+o/JLKVHFSMalMFScqJxWTyhMqJxWTyknFicpU8UsVJypTxaTyRMWJylQxqUwVJxUnKicVk8pUMalMFScVJyonFU9crLXWS1ystdZLXKy11kt8eEjlm1SmiidUpopJ5YmKSWWqOKm4o+KkYlI5UZkqJpV/mcpUcUfFpDJV3KFyR8WkclIxqZxUnFRMKlPFpHJHxVTxSxdrrfUSF2ut9RIXa631Eh++rOJEZVKZKiaVk4onKiaVk4pJZao4qXhCZao4qZhUpopJ5ZtUpoonKu6omFROKiaVOyruUJkqJpVJZaq4Q+WJim9SmSqeuFhrrZe4WGutl7hYa62X+PBQxS9VnKhMFXeoTBXfpHJSMancoTJVnFRMKlPFpHKiclLxN6mcVNxRcYfKHRWTyhMqU8VJxYnKScUdKlPFN12stdZLXKy11ktcrLXWS3x4SGWqeELlpOK/pHKicofKVDGpTBV3qNyhcqJyh8odKlPFHRWTyh0qJxUnFXeoTBWTylQxqUwVJxUnKk+o/Jcu1lrrJS7WWuslLtZa6yXsD35I5YmKO1TuqLhD5aRiUpkq7lA5qZhUpopJ5aRiUpkqTlSmihOVOyomlaniROWOihOVk4pJ5aRiUpkqTlROKk5UTir+ZRdrrfUSF2ut9RIXa631Eh/+cSp3VJyoTCpTxRMqJypTxb+s4o6KSeWOikllUpkqnqiYVE5UTiruqLhD5aRiUplUpoqpYlI5UXmi4psu1lrrJS7WWuslLtZa6yU+/FjFicpJxaTyN6lMFZPKVHGiMqlMFVPFicpUMalMFZPKN6mcVJyo3KEyVUwqU8WkckfFicpUcYfKScWkclJxonKHyknFpDJVTCpTxRMXa631EhdrrfUSF2ut9RIfvkxlqnhC5Q6Vk4pJ5YmKOyomlTtUpoo7VO5QmSomlaniRGWqmCpOVKaKk4qTiknlDpWp4pdUTlTuqPgmlTsqvulirbVe4mKttV7iYq21XuLDj6lMFXdUnKicVNyhcqJyR8VJxaQyVdyh8ksqU8UdFXeoTBUnKlPFpPJLKicVk8pUMalMFXeonKicVNxRMamcqEwVT1ystdZLXKy11ktcrLXWS3x4SGWqmFQmlZOKSeWkYlKZVKaKb6qYVL5JZaqYVKaKE5UTlZOKE5WTiidUpooTlaniROWbKk4qJpUTlTsqvkllqphU/ksXa631EhdrrfUSF2ut9RIfHqo4qThRmVSmikllUpkqTlSmikllqnhC5Y6KOyomlanipOIOlTsqJpWTiqnijopJ5URlqnii4kRlqpgqJpWp4kTlROWOiicq/qaLtdZ6iYu11nqJi7XWegn7gy9SmSomlaniRGWqmFTuqLhDZao4UfmmikllqphUpoo7VE4qTlTuqJhU7qj4JpWTil9SOak4UTmpuEPlpGJSmSomlanimy7WWuslLtZa6yUu1lrrJT48pDJVPKEyVUwqU8WkcofKVDFVPFExqZxUTConKt9UMalMKlPFVDGpTBWTyt+kclLxTSpTxRMqd1ScqEwVd6icqPxNF2ut9RIXa631EhdrrfUSHx6qmFSmijsqJpU7KiaVb1I5qbijYlKZKp5QuaNiqrhDZaqYVKaKE5UnVE4qJpUnKqaKE5WpYlI5qXii4omKSWWqmFQmlaniiYu11nqJi7XWeomLtdZ6CfuDL1J5ouJEZaqYVE4qJpUnKp5QuaNiUpkqJpWp4g6Vk4pvUpkqJpWpYlK5o+JvUjmpmFSmim9SmSpOVKaKf8nFWmu9xMVaa73ExVprvYT9wQ+pnFScqEwVd6hMFZPKVHGickfFpDJVTCpPVJyo3FExqdxRMamcVEwqJxUnKicVk8pUMalMFZPKVDGpTBV3qEwVk8pJxaRyR8Wk8kTFN12stdZLXKy11ktcrLXWS3x4SOWXKiaVOyruUJkqpoo7VKaKOypOVCaVOyqeqHiiYlI5qThR+SaVqeKk4qRiUrmj4qTijoq/qeKXLtZa6yUu1lrrJS7WWusl7A/+ISonFScqT1RMKlPFpHJScaJyR8WkMlVMKk9U3KEyVdyhclIxqUwVk8pUcaLyTRV3qPxSxR0qJxV3qEwV33Sx1lovcbHWWi9xsdZaL/Hhy1SmiknljopJZaqYKk5UpopJ5YmKE5Wp4pcqnlA5qZgqTlSmipOKO1Smikllqpgq/mUVk8pJxaRyUjFVTCqTylQxqUwVk8pU8cTFWmu9xMVaa73ExVprvcSH/1jFpDKpTBWTylQxqdxRcaJyojJVTBUnKv/LVKaKqWJSmSomlaliqrij4kRlqphUpopJZaqYVKaKk4pfqphU7qiYVE5UpopvulhrrZe4WGutl7hYa62X+PCQylQxqUwVJxX/JZWpYqqYVE5UpoqTijtUTlSmihOVJypOVJ5QmSpOVE4qpoqTim9SmSomlSdUpopJ5aTiROWOil+6WGutl7hYa62XuFhrrZf48Jep/MsqJpWpYqqYVO5QOamYVH6pYlI5UfmbKiaVqeKk4kRlqjhRmSpOKr6pYlL5JpU7Kv5LF2ut9RIXa631EhdrrfUS9gf/IZWp4g6VqWJSuaPim1ROKr5J5Y6KSeWJijtUfqliUjmpuENlqnhC5aTiDpWpYlKZKu5QmSomlanily7WWuslLtZa6yUu1lrrJT58mcpUMancoTJVnKicVEwqk8odFZPKScWkMlXcoTJVTCpTxUnFicodKlPFHRWTylTxRMWkMlVMKlPFpHJSMalMFScqU8WkMlVMKneoTBV3VEwqJxVPXKy11ktcrLXWS1ystdZLfPjHVdxRcaJyR8WkMqncoTJVnKjcoTJVTCpTxaRyUjGpnFTcUfGEylTxSypTxaRyh8pUMVWcVHxTxRMqU8Wk8k0Xa631EhdrrfUSF2ut9RL2Bz+k8jdVnKhMFZPKN1XcoTJVnKicVEwqU8Wk8l+qmFSmikllqphUpopvUnmiYlL5pooTlW+qOFE5qXjiYq21XuJirbVe4mKttV7C/uCHVE4qvkllqnhCZaqYVE4qnlCZKiaVqeIOlaniRGWqmFROKiaVJypOVE4qJpWpYlI5qThROamYVKaKO1ROKk5UpoonVE4qnrhYa62XuFhrrZe4WGutl/jwkMpUcVJxonJHxYnKScVJxaQyVZyonFQ8UTGpTBWTyh0qU8U3VZyo/E0VJxWTyonKScU3qdyhMlWcqJxUTCpTxaTyTRdrrfUSF2ut9RIXa631Eh8eqphU7lCZKk5UJpWp4kTlRGWqmComlZOKSeWOihOVqeKkYlI5qThROak4UZkqnlCZKv4lFZPKEyp3VEwqJxWTylQxqZyoTBXfdLHWWi9xsdZaL3Gx1lovYX/wQyp3VEwqU8UdKlPFHSpTxR0qJxWTyknFpPJExYnKVHGHyknFicpUcYfKScUTKicVk8pUcaJyUjGpPFHxTSonFd90sdZaL3Gx1lovcbHWWi9hf/BFKk9U3KHySxWTylRxonJScYfKHRWTyknFicpJxR0qJxWTylRxojJVPKEyVUwqU8WkclJxonJSMalMFXeonFQ8oTJVPHGx1lovcbHWWi9xsdZaL/HhIZWp4gmVk4qTiknljoqTiicqvqliUplUTiruqDhRmSruqLhDZaq4Q2WqmFSmikllqphUnlCZKk5Upoo7VE4qnlD5pYu11nqJi7XWeomLtdZ6iQ9fpnJHxUnFpDJVTCp3VEwqU8WkMlVMKicqU8WkMlVMFZPKVHGicqJyUnFScaIyVfxNKlPFExWTyknFHRWTyh0qU8UdFZPKVDGpTBVTxS9drLXWS1ystdZLXKy11kt8+LKKE5WTikllqphU7qiYVKaKO1Smim9SmSqmiknlpOKbVE4qpoo7VKaKE5VvqphUnlCZKk5UTiomlaliUjmpuENlqjhRmSq+6WKttV7iYq21XuJirbVe4sNDFZPKScWkMlVMFZPKVHGiclJxonJScaIyVXyTyjdV3FFxh8pUcYfKScWkMlU8UfFLKlPFpHKHylQxqZyofFPFpDJVPHGx1lovcbHWWi9xsdZaL/HhxyruUDmpOFGZKiaVJyomlaniRGWqmComlZOKSWWqmFSmiknlpGJSmSomlaliUpkq7qiYVE5UpopJ5Y6KO1SmiqnimyomlaliUpkqnlD5my7WWuslLtZa6yUu1lrrJT78mMoTFf+lipOKf0nFpDJVnFRMKicVk8o3VZyoTBVPVEwqJypTxaQyVZyonFScVEwqU8VJxYnKVDGpTBUnKt90sdZaL3Gx1lovcbHWWi/x4SGVk4oTlaliUvmliknlRGWquKNiUrlD5aRiqphUpopJZaq4o2JSuUNlqjipmFROKv4lKlPFpDKpTBWTyh0qU8WkcqIyVUwqU8VU8U0Xa631EhdrrfUSF2ut9RIfHqq4Q+VEZaqYVKaKSeWk4ptUpoqp4o6KE5WpYlI5qZhUTlSeqLijYlI5qfilihOVSeUJlZOKk4pJ5aTipOJE5V9ysdZaL3Gx1lovcbHWWi/x4ctUpoqp4g6VJ1SmiicqTlTuqJhUTiomlTtUpoo7VP5LFScVd6jcUTFVTCpTxaRyUjGpTCpTxaQyVZyoTBWTyh0qJypTxTddrLXWS1ystdZLXKy11kt8eEhlqphUpoo7KiaVk4pJ5UTlROWkYqqYVKaKSWWqmFQmlaniDpU7VE4qJpVJZaq4o2JSOamYVKaKk4o7VH6pYlI5qbij4omKSeWkYlKZKp64WGutl7hYa62XuFhrrZf48GUqU8Wk8kTFpDJVnKhMFScqU8UTKlPFpDJVTCqTylRxh8pJxR0VT6hMFScVJxUnFZPKVDGpTBV3VDxR8YTKHRWTyr/sYq21XuJirbVe4mKttV7iw4+pnFTcoXKiclIxqUwVU8WkckfFicpUMalMFZPKicpUMamcqEwVd6hMFScVT6jcUTFVnFTcoXJScaJyUnFHxYnKScUdFZPKL12stdZLXKy11ktcrLXWS9gfPKAyVUwqd1RMKlPF36RyUvFLKk9UTCpTxaRyUnGiMlVMKlPFpDJVfJPKExVPqEwVJypTxR0qJxUnKicV/5KLtdZ6iYu11nqJi7XWeokP/7iKSeWXKr5JZaq4o2JSOak4qZhUpoonKiaVE5WpYlI5qZhUpoqpYlI5qZhU7qi4Q2WquENlqphUTlSmijtUpooTlaniiYu11nqJi7XWeomLtdZ6CfuDH1I5qThRmSomlZOKSeWJiknlpOJE5aRiUpkqTlS+qWJSOak4UTmpOFGZKiaVqeJE5ZsqfknlmypOVKaKE5Wp4pcu1lrrJS7WWuslLtZa6yXsD35I5YmKSeWkYlKZKk5UpopJZar4JZU7Kr5JZaqYVKaKSeWOihOVk4pJ5aTiCZVfqvgmlTsqTlSmijtUpoonLtZa6yUu1lrrJS7WWusl7A8eUJkqJpWpYlK5o2JSmSomlanim1ROKk5U7qiYVO6o+JtUpopJ5Y6KSWWqOFGZKiaVqeIJlaniDpWpYlKZKiaVqWJSmSpOVKaKSWWqmFSmim+6WGutl7hYa62XuFhrrZewP3hAZar4L6lMFZPKHRVPqEwVJyonFZPKScWJylQxqUwVJyp3VEwqU8WkMlVMKicVk8pU8YTKVPGEylRxojJVTCp3VDyhclLxTRdrrfUSF2ut9RIXa631EvYHD6hMFScqJxWTylQxqZxUfJPKVDGpTBWTyh0Vk8odFZPKScWJyn+p4g6Vk4pJZao4UZkq7lCZKk5UpopJ5aRiUvmmihOVqeKbLtZa6yUu1lrrJS7WWuslPjxUcUfFHRV3VEwqU8WkclLxN1V8k8pJxaQyVdxRcYfKVPGEyh0qU8U3qTyhMlVMKlPFExV3qEwqd6hMFU9crLXWS1ystdZLXKy11kt8eEjlb6qYKp6oOFH5poo7VKaKO1TuqJhUnlCZKk5UTiqeqHhCZao4qbhDZaq4Q+WbVKaKk4pJ5aTimy7WWuslLtZa6yUu1lrrJT58WcU3qZyoTBVTxaTyRMWk8ksVJypTxVRxovJLFd+kMlVMFU+oTBVTxYnKExWTylQxVTyhclLxTRWTylTxxMVaa73ExVprvcTFWmu9xIcfU7mj4ptUTiruUJkqJpVJ5aRiUrmj4kTljopJZaqYVCaVv0llqphU7qg4UTmpmFSmijsqJpWTihOVE5VvqphUfulirbVe4mKttV7iYq21XuLDy1XcoXJSMancUXFS8YTKScWJyh0VT6icVJyoTCpTxYnKpHJScaJyojJVnKhMFZPKpDJVnFScqEwVk8odFb90sdZaL3Gx1lovcbHWWi/x4f8ZlSdUTiomlUnliYpJ5aTiiYpJZaqYVE4qpooTlZOKSWVSeaLiRGWqOFGZVKaKqWJSmSomlUllqphUTiomlaliUjmp+KWLtdZ6iYu11nqJi7XWeokPP1bxSxWTyh0Vk8pUcaIyqUwVJypTxaRyUjGpTCpTxaQyVZxU/JLKScUTFXeoTBVTxYnKHSonFXdU/H9ysdZaL3Gx1lovcbHWWi9hf/CAyt9UMancUTGp3FFxonJHxTep3FExqUwVk8pUMancUXGiMlVMKlPFpDJVTCp3VEwqU8UTKlPFpDJVTCpPVEwqJxV3qEwV33Sx1lovcbHWWi9xsdZaL2F/sNZaL3Cx1lovcbHWWi9xsdZaL3Gx1lovcbHWWi9xsdZaL3Gx1lovcbHWWi9xsdZaL3Gx1lovcbHWWi9xsdZaL3Gx1lovcbHWWi9xsdZaL/F/7vQmeqWWmJcAAAAASUVORK5CYII=',148,'2024-10-13 19:47:17','2024-10-13 19:47:17'),(49,'data:image/png;base64,iVBORw0KGgoAAAANSUhEUgAAATQAAAE0CAYAAACigc+fAAAAAklEQVR4AewaftIAABdSSURBVO3BQW7g2rLgQFLw/rfMrmGODiBI9rtfnRH2D2ut9QEXa631ERdrrfURF2ut9REXa631ERdrrfURF2ut9REXa631ERdrrfURF2ut9REXa631ERdrrfURF2ut9REXa631ERdrrfURF2ut9RE/PKTylyrepHJSMamcVEwqJxVPqJxUTCpTxaQyVUwqU8WkMlVMKr+pYlKZKiaVqWJSmSpOVKaKSeWk4g6VqWJSuaNiUvlLFU9crLXWR1ystdZHXKy11kf88LKKN6k8oTJVnFRMKneoTBV3qNxRMalMKlPFHSp3VJxUTCpTxYnKicoTKlPFpDJVnKg8oTJVTBWTylTxpoo3qbzpYq21PuJirbU+4mKttT7ih1+mckfFHSonFX+pYlKZKt6kMlVMKpPKVHFHxYnKVHGHylQxVZyo/C9V3KEyqTxRMalMFW9SuaPiN12stdZHXKy11kdcrLXWR/zwMRV3VJxUTCpTxaQyVZyoTBV3qEwqJxUnFZPKHRVPVEwqU8WkclIxqdyhMlVMKicVk8pUcaIyqUwVJxUnKlPF/2UXa631ERdrrfURF2ut9RE/fIzKVDGpTBUnKicqJypvUjmpOFE5qZgqJpXfpHKiMlXcUfGmiknlpOJE5aTiROWk4ssu1lrrIy7WWusjLtZa6yN++GUVf6liUjlRmSqmiv+yijsqTlSeqLhDZap4QmWqmFSmihOVqeKkYlI5qZgqJpVJZaqYKiaVk4onKv5LLtZa6yMu1lrrIy7WWusjfniZyn9ZxaRyojJVTCpTxaQyVUwqU8WkMlVMKlPFpDJVTCpTxaQyVUwqJypTxR0qU8WkMlVMKlPFpDJV3KEyVZxUTCpTxUnFpDJV3KEyVZyo/JddrLXWR1ystdZHXKy11kf88FDFf1nFScWkckfFScVvqphUpopJ5S9V3KFyonKiMlWcVEwqU8UTFZPKVPEmlTdV/F9ysdZaH3Gx1lofcbHWWh/xw0MqU8Wk8qaKqeIJlb+k8oTKVDFV3FExqZyonKg8UTGpTBVPqEwVU8UTKicVk8pUMVVMKlPFpDJVPKHyporfdLHWWh9xsdZaH3Gx1lofYf/wIpWTikllqjhROamYVKaKE5WpYlKZKiaVqeJE5YmKSWWqeJPKScWkMlVMKlPFicodFb9J5TdVTConFZPKb6qYVE4qftPFWmt9xMVaa33ExVprfcQPv6zipOJEZaqYVJ5QOVGZKiaVqWJSOak4UXmTylQxqZxUnKhMFb+p4kRlqphUnqg4UZkqJpWp4qTiROWkYlKZKiaVqeKk4kTlpOKJi7XW+oiLtdb6iIu11vqIHx5SOVE5qTipOKm4Q2WqeKJiUvlNFScVd6hMFZPKf5nKVHFHxaQyVdyhckfFpHJSMamcVJxUTCpTxaRyR8VU8Zsu1lrrIy7WWusjLtZa6yN+eFnFicqk8kTFScUTKlPFpDJV/CWVqWJSOamYVN6kMlU8UXFHxaRyUjGp3FFxh8pUMalMKlPFHSpPVLxJZap44mKttT7iYq21PuJirbU+4oeHKp6omFSmihOVqeIOlaliqnhC5aRiUnlCZao4UZkqJpUTlZOKv6RyUnFHxR0qd1RMKk+oTBUnFScqJxV3qEwVb7pYa62PuFhrrY+4WGutj/jhIZWp4omKSWWquENlqnhC5UTlDpWpYlKZVKaKSeVE5UTlROUOlTtUpoo7KiaVO1ROKk4q7lCZKiaVqWJSmSpOKk5UnlD5X7pYa62PuFhrrY+4WGutj/jhoYoTlROVk4qTiknlRGWqeFPFpDJVPFExqbypYlKZKk5UpooTlROVqWJSmSqmiknljooTlZOKSeVNFZPKScUTFScV/0sXa631ERdrrfURF2ut9RH2D39I5TdV3KEyVZyovKniROWOiknljoo3qdxRMamcVNyhMlVMKlPFpHJScaIyVZyo3FExqZxUnKhMFZPKExVvulhrrY+4WGutj7hYa62PsH/4H1I5qZhUTirepDJVTCpTxYnKScWJylQxqZxUTCpTxRMqJxUnKk9UTCpTxaRyUnGHylQxqUwVk8pJxaQyVdyh8qaKSWWqmFSmiicu1lrrIy7WWusjLtZa6yPsH16k8r9UMalMFZPKVHGiMlU8oXJHxaQyVUwqd1RMKlPFpDJVnKhMFXeoTBVvUpkqTlSmihOVqWJS+UsVb1I5qfhNF2ut9REXa631ERdrrfURP/yyijtUpooTlZOKSWWqmFSmiqniRGWqOKk4UblD5TepTBV3VNyhMlWcqEwVk8pvUjmpmFSmikllqrhD5UTlpOKOiknlRGWqeOJirbU+4mKttT7iYq21PuKHh1SmiknljopJ5aRiUpkqpopJ5Q6VqeJNKk9UnKicqJxUnKicVDyhMlWcqEwVJypvqjipmFROVO6oeJPKVDGp/C9drLXWR1ystdZHXKy11kf88FDFScUTFZPKpDJVnKhMFZPKpDJV3KHyRMVJxaQyVZxU3KFyR8WkclIxVdxRMamcqEwVT1ScqEwVU8WkMlWcqJyo3FHxRMVfulhrrY+4WGutj7hYa62P+OEhlaniRGWqmFROKiaVSeWk4qRiUvkvUZkqTlSmihOVk4oTlUnlpGJSuaPipOKkYlI5qZgq7qg4UXmTylRxh8qbVKaKN12stdZHXKy11kdcrLXWR/zwUMVvqphUpopJ5Q6VqWKqeKJiUrlD5UTlpOKOikllUpkqpopJZaqYVP6SyknFpPKEylTxhModFScqU8UdKicqf+lirbU+4mKttT7iYq21PsL+4Q+pTBUnKlPFHSonFU+oTBVPqJxUnKg8UfGEylQxqUwVJyonFScqJxWTylQxqZxU3KEyVUwqJxW/SeWkYlKZKiaVk4onLtZa6yMu1lrrIy7WWusj7B9epDJVnKhMFU+onFRMKm+qOFGZKk5UpopJZaqYVKaKO1ROKt6kMlVMKlPFpHJHxV9SOamYVKaKN6lMFScqU8V/ycVaa33ExVprfcTFWmt9hP3Di1TuqDhRmSqeUDmpOFE5qZhU/lLFicodFZPKHRWTyknFpHJScaJyUjGpTBWTylQxqUwVk8pUcYfKVDGp/KaKSeWJijddrLXWR1ystdZHXKy11kf88LKKE5UTlaliUjmpmFSmikllUpkqTiomlTdVnKhMKndUPFHxRMWkclJxovImlanipOIJlZOKk4r/sorfdLHWWh9xsdZaH3Gx1lofYf/wgMoTFScqU8UTKlPFicpUMalMFZPKVDGp3FExqUwVk8oTFXeoTBV3qJxUTCpTxaQyVZyovKniROUvVdyhclJxh8pU8aaLtdb6iIu11vqIi7XW+gj7hxepPFFxojJVnKicVEwqJxWTyhMVT6hMFW9SOam4Q2WqmFSmihOVk4pJZar4L1E5qZhUTiomlZOKE5WTikllqphUpoonLtZa6yMu1lrrIy7WWusjfvhlFU+oTBWTylTxRMWJyh0VT6jcoTJV/CWVqWKqmFSmikllqpgq7qg4UZkqJpWpYlKZKiaVqeKk4jdVTCp3VEwqJypTxZsu1lrrIy7WWusjLtZa6yN+eEhlqphUpoo7Kn6TyknFVDGpnKhMFU9UTConKlPFicoTFScqT6hMFScqJxVTxUnFm1SmiknlCZWpYlI5qThRuaPiN12stdZHXKy11kdcrLXWR/zwx1T+SypOVE4qJpUTlSdUpopJZaq4o2JSOVH5SxWTylRxUnGiMlWcqEwVJxVvqphU3qRyR8X/0sVaa33ExVprfcTFWmt9xA8PVZxUnKhMFXeoPKEyVUwVk8qkckfFpHJHxRMqU8Wk8kTFHSqTyonKicpUMamcVPwvqZxUnFRMKndU3KFyojJV/KaLtdb6iIu11vqIi7XW+ogf/pjKHSpTxYnKScWkMqmcVJyoPFFxojJVTBWTylRxUnGicofKVHFHxaQyVTxRMalMFZPKVDGpnFRMKlPFicpUMalMFZPKHSpTxR0Vk8pJxRMXa631ERdrrfURF2ut9RE/PKRyUvFExR0VJyonFX+p4kTlROWkYlKZKiaVk4pJ5aTijoonVKaK36QyVUwqd6hMFVPFScWbKp5QmSomlTddrLXWR1ystdZHXKy11kfYPzyg8l9ScaIyVUwqJxWTyknFHSpTxYnKScWkMlVMKv9LFZPKVDGpTBWTylTxJpUnKiaVN1WcqLyp4kTlpOKJi7XW+oiLtdb6iIu11vqIHx6qOFE5qXiTylQxVdxR8ZcqJpWp4qTipGJSmSpOVKaKSeWkYlKZVE5Upoo7VKaKSWWqmFROKk5UJpWpYlKZKu5QOak4UZkq/ssu1lrrIy7WWusjLtZa6yN+eEhlqjipOFE5qbhD5aRiqjhROamYVE4qJpU7KiaVqWJSuUNlqnhTxYnKX6o4qZhUTlROKt6kcofKVHGiclIxqUwVk8qbLtZa6yMu1lrrIy7WWusjfnioYlK5Q2WquENlqjhRuUPlDpW/pDJVnFRMKicVJyonFScqU8UTKlPFf0nFpPKEyh0Vk8pJxaQyVUwqJypTxZsu1lrrIy7WWusjLtZa6yPsH36Ryh0Vk8pUcYfKVHGiclJxojJVTCpPVEwqT1ScqEwVd6icVJyoTBV3qJxUPKFyUjGpTBUnKicVk8oTFW9SOal408Vaa33ExVprfcTFWmt9hP3Di1SeqLhD5U0Vk8pJxYnKVDGpTBUnKlPFpDJVTConFScqJxV3qJxUTCpTxYnKVPGEylQxqUwVk8pJxYnKScWkMlXcoXJS8YTKVPHExVprfcTFWmt9xMVaa33EDw+pnFTcoXJScVIxqTxR8Zsq7qiYVE5UTiruqDhRmSruqLhDZaq4Q2WqmFSmikllqphUnlCZKk5Upoo7VE4qnlD5TRdrrfURF2ut9REXa631ET/8MpWTipOKSWWqeKJiUpkqJpWpYlI5UbmjYlKZKu5QOVE5qTipOFGZKv6SylTxRMWkclJxR8WkcofKVHFHxaQyVUwqU8VU8Zsu1lrrIy7WWusjLtZa6yN++GMVJxWTylQxqbyp4g6VqeJE5Q6VqeJE5aTiTSonFVPFHSpTxYnKmyomlSdUpooTlZOKSWWqmFROKu5QmSpOVKaKN12stdZHXKy11kdcrLXWR/zwUMWkcqJyUjFVTConFZPKEyonFScqU8WJyh0qb6q4o+IOlaniDpWTikllqnii4kTlpOJEZaqYVO5QmSomlROVN1VMKlPFExdrrfURF2ut9REXa631ET/8sooTlUnlCZWpYlJ5omJSOak4UZkqJpWTiknlRGWqmFROKiaVqWJSmSomlanijopJ5URlqphU7qiYKk5Upoqp4k0Vk8pUMalMFU+o/KWLtdb6iIu11vqIi7XW+ogffpnKVHFHxaRyUnGHylQxVZxUnKicVPylipOKSeWkYlJ5U8WJylTxRMWkcqIyVUwqU8WJyknFScWkMlWcVJyoTBWTylRxovKmi7XW+oiLtdb6iIu11vqIHx5SOam4o2JSOamYVO6ouENlqphUTiomlSdUpooTlaliUpkq7qiYVO5QmSpOKiaVk4r/EpWpYlKZVKaKSeUOlaliUjlRmSomlaliqnjTxVprfcTFWmt9xMVaa32E/cMfUrmj4kRlqphUpooTlTdVnKhMFScqd1ScqPymihOVqWJSOamYVE4q3qRyR8WkckfFHSpTxZtUpopJZar4TRdrrfURF2ut9REXa631EfYPL1KZKu5QOak4UTmpOFGZKu5QuaNiUjmpmFSmiknlpOIOlTsqTlSmikllqniTyh0VJypTxaRyUjGpnFRMKlPFicpUMan8poo3Xay11kdcrLXWR1ystdZH/PCQylQxqUwVk8pJxaRyUjGpnKicqJxUTBWTylQxqUwVk8odKlPFpHKHyknFpDKpTBV3VEwqJxWTylRxUnGHym+qmFROKu6oeKJiUjmpmFSmiicu1lrrIy7WWusjLtZa6yN+eJnKVHFSMalMKlPFpPJExYnKm1SmikllqjipOFE5UTmpuKPiCZWp4qTipOKkYlKZKiaVqeKOiicqnlC5o2JS+S+7WGutj7hYa62PuFhrrY+wf3hA5YmKO1TeVHGHylQxqUwVJypTxaQyVbxJ5Y6KO1SmikllqjhRmSomlTsqfpPKScWJyknFm1SmijtUpopJ5aTiiYu11vqIi7XW+oiLtdb6CPuHB1SmikllqrhDZao4UTmpmFROKiaVk4onVE4qJpWTikllqniTylQxqUwVk8pU8SaVJyqeUJkqTlSmijtUTipOVE4q/ksu1lrrIy7WWusjLtZa6yN++B9TOamYVJ5QOamYVE4qTlSmipOKSeWk4o6KSWWqeKJiUjlRmSomlZOKSWWqmComlZOKO1SmijtUpoo7VKaKSeVEZaq4Q2WqOFGZKp64WGutj7hYa62PuFhrrY+wf/hFKicVJypTxaRyUjGp3FFxonJScaLyRMWJypsqJpWTihOVk4oTlaliUpkqTlROKiaVk4rfpPKmihOVqeJEZar4TRdrrfURF2ut9REXa631EfYPv0jliYpJ5YmKE5WpYlKZKn6Tyh0Vb1KZKiaVqWJSuaPiROWkYlI5qbhDZaqYVN5U8SaVOypOVKaKO1Smiicu1lrrIy7WWusjLtZa6yPsHx5QmSomlaliUrmjYlKZKiaVqeJNKicVJypTxR0qU8WkMlX8JZWpYlK5o2JSmSpOVKaKSWWqeEJlqrhDZaqYVKaKSWWqmFSmihOVqWJSmSomlaniTRdrrfURF2ut9REXa631ET/8soqTiicqJpWpYlK5o+Kk4kRlqpgq/pdUpopJZaqYVO5QmSomlaliUpkqJpWTikllqnhCZar4TRWTylQxqZyoTBVTxUnFpPKXLtZa6yMu1lrrIy7WWusj7B8eUJkqTlROKiaVqWJSOamYVE4qnlCZKk5UpooTlZOKE5WTihOV/6WKO1ROKiaVqeJEZaq4Q2WqOFGZKiaVk4pJ5U0VJypTxZsu1lrrIy7WWusjLtZa6yN+eKjijoo7Ku6omFTuUJkqJpWp4k0qb1I5qZhUpoo7Ku5QmSqeULlDZap4k8oTKlPFpDJVPFFxh8qkcofKVPHExVprfcTFWmt9xMVaa33EDw+p/KWKqWJSmSqeUJkqJpWpYlI5qThRmSp+U8Wk8oTKVHGiclLxRMUTKlPFScUdKlPFHSpvUpkqTiomlZOKN12stdZHXKy11kdcrLXWR9g/PKAyVbxJZaqYVO6oOFG5o+J/SWWquEPlTRV3qDxR8SaVqeIOlScqJpWp4k0qU8UdKlPFpDJVTCpTxRMXa631ERdrrfURF2ut9RE//DKVOyreVHFHxYnKEypTxaRyR8WJyh0Vk8pUMalMKn9JZaqYVO6oOFE5qZhUpoo7KiaVk4oTlROVN1VMKr/pYq21PuJirbU+4mKttT7ih4+puEPljopJZao4qTipeELlpOJE5Y6KJ1ROKk5UJpWp4kRlUjmpOFE5UZkqTlSmikllUpkqTipOVKaKSeWOit90sdZaH3Gx1lofcbHWWh/xw7pF5UTliYo7VKaKN1VMKlPFpHJSMVWcqJxUTCqTyhMVJypTxYnKpDJVTBWTylQxqUwqU8WkclIxqUwVk8pJxW+6WGutj7hYa62PuFhrrY/44ZdV/KaKSeVNFScqd1RMKpPKScVUcaIyVUwqU8VJxW9SOal4ouIOlaliqjhRuUPlpOKOiv+fXKy11kdcrLXWR1ystdZH/PAylb+kckfFpHKiclIxqdxR8YTKVHGiMlVMKlPFpDJV3KEyVUwVk8qJylQxqZyoPKFyUnGHylQxqUwVJyp3VEwqd1ScqEwVb7pYa62PuFhrrY+4WGutj7B/WGutD7hYa62PuFhrrY+4WGutj7hYa62PuFhrrY+4WGutj7hYa62PuFhrrY+4WGutj7hYa62PuFhrrY+4WGutj7hYa62PuFhrrY+4WGutj/h/3Yspg81sxBUAAAAASUVORK5CYII=',149,'2024-10-13 19:50:48','2024-10-13 19:50:48'),(50,'data:image/png;base64,iVBORw0KGgoAAAANSUhEUgAAATQAAAE0CAYAAACigc+fAAAAAklEQVR4AewaftIAABdHSURBVO3BQY7Y2JLAQFKo+1+Z42WuHiBI5fbXZIT9wVprfcDFWmt9xMVaa33ExVprfcTFWmt9xMVaa33ExVprfcTFWmt9xMVaa33ExVprfcTFWmt9xMVaa33ExVprfcTFWmt9xMVaa33ExVprfcQPD6n8TRVvUjmpmFROKiaVk4onVE4qJpWpYlKZKiaVqWJSmSomld9UMalMFZPKVDGpTBUnKlPFpHJScYfKVDGp3FExqfxNFU9crLXWR1ystdZHXKy11kf88LKKN6k8oTJVPFExqZxUvEllqphUJpWp4g6VOypOKiaVqeJE5UTlCZWpYlKZKk5UnlCZKqaKSWWqeFPFm1TedLHWWh9xsdZaH3Gx1lof8cMvU7mj4g6Vk4o7Ku6omFROKk5U7lCZKiaVSWWquKPiRGWquENlqpgqTlT+SxV3qEwqT1RMKlPFm1TuqPhNF2ut9REXa631ERdrrfURP3xMxR0Vd6hMFXeoTBVTxR0qk8pJxUnFpHJHxRMVk8pUMamcVEwqd6hMFZPKScWkMlWcqEwqU8VJxYnKVPG/7GKttT7iYq21PuJirbU+4oePUZkqJpWpYlK5Q2WqmFSmihOVqWJSOak4UTmpmComld+kcqIyVdxR8aaKSeWk4kTlpOJE5aTiyy7WWusjLtZa6yMu1lrrI374ZRX/JZUTlaniTRWTyknFScWkckfFicoTFXeoTBVPqEwVk8pUcaIyVZxUTConFVPFpDKpTBVTxaRyUvFExb/kYq21PuJirbU+4mKttT7ih5ep/JcqJpWpYlI5UZkqJpWpYlKZKiaVE5Wp4g6VqWJSmSomlaliUjlRmSruUJkqJpWpYlKZKiaVqeIOlanipGJSmSpOKiaVqeIOlaniROVfdrHWWh9xsdZaH3Gx1lof8cNDFf8SlTsqJpU7Kk4qTiqeqJhUpopJ5W+quEPlROVEZao4qZhUpoo7VKaKSWWqeJPKmyr+l1ystdZHXKy11kdcrLXWR/zwkMpUMam8qWKqmFSmin+ZylRxojJVTBV3VEwqJyonKk9UTCpTxRMqU8VU8ZsqJpWpYqqYVKaKSWWqeELlTRW/6WKttT7iYq21PuJirbU+wv7gF6ncUXGHyknFicpJxaQyVUwqU8UdKndUTCpTxZtUTiomlaliUpkqTlTuqPhNKr+pYlI5qZhUflPFpHJS8Zsu1lrrIy7WWusjLtZa6yPsD16kMlXcoXJScaLyRMUdKlPFpDJV3KFyUnGiclIxqZxUnKhMFScqU8WJylRxojJVTCpPVEwqJxWTylTxhMpJxaQyVUwqU8UTKicVT1ystdZHXKy11kdcrLXWR/zwkMpvqrij4kTlDpWpYqqYVH5TxR0Vk8qkMlVMKv8ylanijopJZar4TRWTyknFpHJScVIxqUwVk8odFVPFb7pYa62PuFhrrY+4WGutj/jhZRUnKneonFTcUfEmlaniv6RyR8Wk8iaVqeKJijsqJpWTiknljoo7VKaKSWVSmSruUHmi4k0qU8UTF2ut9REXa631ERdrrfURPzxU8UTFpDJVnKhMFXeovEllqphUpopJ5UTlpOIOlaliUjlROan4m1ROKu6ouEPljopJ5QmVqeKk4kTlpOIOlaniTRdrrfURF2ut9REXa631EfYHD6hMFScqT1RMKlPFpDJVTCpTxYnKb6qYVKaKSeWkYlL5X1LxhMpUcaJyUvEmlaliUpkqJpWp4gmVOyomlTsq3nSx1lofcbHWWh9xsdZaH/HDQxUnKk9UnFRMKicqU8WbKiaVqeJNFScqd1RMKlPFicpUcaJyojJVTCpTxVQxqdxRcaJyUjGpvKliUjmpeKLipOK/dLHWWh9xsdZaH3Gx1lofYX/wi1SmiknlTRW/SeVNFScqd1ScqJxUvEnljopJ5aTiDpWpYlKZKiaVk4oTlaniROWOiknlpOJEZaqYVJ6oeNPFWmt9xMVaa33ExVprfcQPf5nKHRWTyptUpopJ5Y6KE5VJZaqYKiaVqeKOiknlTSonFScqd6hMFZPKVDGp3FFxojJV3KFyUjGpnFScqNyhclIxqUwVk8pU8cTFWmt9xMVaa33ExVprfcQPL1OZKiaVO1SeUJkq7qiYVJ6omFROVKaKSWWqmFSeUJkqJpWp4kRlqpgqTlSmipOKk4pJ5Q6VqeI3qZyo3FHxJpU7Kt50sdZaH3Gx1lofcbHWWh9hf/AilZOKN6lMFZPKVPEmlZOKO1SmiknlN1VMKicVv0llqjhRmSomlTsqTlTuqJhUpopJZaq4Q+WJiidUpopJZap44mKttT7iYq21PuJirbU+4oeHVKaKSWVSmSomlTsqJpU7VKaKSeWkYlJ5ouKkYlKZKk5UTlROKk5UTiqeUJkqTlSmihOVN1WcVEwqJyp3VLxJZaqYVP5LF2ut9REXa631ERdrrfURPzxUcVJxojJVnKhMKicVk8pUcVLxhModFZPKVDFVTCpTxUnFHSp3VEwqJxVTxR0Vk8qJylTxRMWJylQxVUwqU8WJyonKHRVPVPxNF2ut9REXa631ERdrrfUR9gcPqJxUTCpTxaRyUjGp3FFxh8pUcaLypopJZap4k8pJxYnKHRWTyh0Vb1I5qfhNKicVJyonFXeonFRMKlPFpDJVvOlirbU+4mKttT7iYq21PuKHl1W8qeI3qUwVU8UTFZPKScUdKndUnFRMKpPKVDFVTCpTxaTyN6mcVLxJZap4QuWOihOVqeIOlROVv+lirbU+4mKttT7iYq21PsL+4EUqd1ScqEwVd6jcUXGiclJxh8pU8SaVOyqeUJkqJpWp4kTlpOJE5aRiUnmi4g6VqWJSOan4TSonFZPKVDGpnFQ8cbHWWh9xsdZaH3Gx1lofYX/wIpWp4kRlqjhR+ZdVnKhMFScqU8WkMlW8SeWk4k0qU8WkMlVMKndU/E0qJxWTylTxJpWp4kRlqviXXKy11kdcrLXWR1ystdZH/PCQyhMVJypPVEwqU8UdKlPFEyp3qDyhckfFpDKpnFRMKicVk8odFZPKHSpTxaQyVUwqU8VJxUnFpDJVTConFScqJxWTyhMVb7pYa62PuFhrrY+4WGutj/jhoYoTlZOKSWWqmFROKiaVqeJEZaqYKu5QmSpOVKaKE5VJ5Y6KJyqeqJhUTipOVN6kMlWcVDyhclJxUvFExW+q+E0Xa631ERdrrfURF2ut9RH2Bw+oTBVvUpkqTlTuqDhRmSomlTsqJpU7KiaVqWJSeaLiDpWp4g6Vk4pJZaqYVKaKE5U3VZyo/E0Vd6icVNyhMlW86WKttT7iYq21PuJirbU+wv7gRSonFZPKScWkMlU8oXJHxaTyRMUTKlPFm1ROKu5QmSomlaniROWkYlKZKv4lKicVk8pJxaRyUnGiclIxqUwVk8pU8cTFWmt9xMVaa33ExVprfcQP/7GKE5WpYlKZKiaVqeKk4kTliYonVE5UTip+k8pUMVVMKlPFpDJVTBV3VJyoTBWTylQxqUwVk8pUcVLxmyomlTsqJpUTlaniTRdrrfURF2ut9REXa631EfYHD6hMFZPKVPE3qZxUTCpTxYnKVDGpTBUnKlPFicpJxR0qd1TcoXJSMamcVJyonFS8SWWqmFROKiaVN1VMKicVJyp3VPymi7XW+oiLtdb6iIu11vqIH/4yld9U8UTFpHJSMalMFZPKVDFVTConFScqU8VJxaRyovI3VUwqU8VJxYnKVHGickfFmyomlTep3FHxX7pYa62PuFhrrY+4WGutj7A/+A+pTBV3qEwVk8odFScqU8UTKk9UTCp3VEwqT1TcofKbKiaVk4o7VKaKJ1ROKu5QmSomlaniDpWpYlKZKn7TxVprfcTFWmt9xMVaa33EDw+pTBUnKneoTBUnKicVk8qJylQxqTxRcYfKScWkMlWcVJyo3KEyVdxRMalMFU9UTCpTxaQyVUwqJxWTylRxojJVTCpTxaRyh8pUcUfFpHJS8cTFWmt9xMVaa33ExVprfcQPD1X8poo7Kk5U7qg4qZhUTiruUJkqJpWTikllqphUTiomlZOKOyqeUJkqfpPKVDGp3KEyVUwVJxVvqnhCZaqYVN50sdZaH3Gx1lofcbHWWh/xw0Mqb1L5mypOVKaKSeWk4g6VqeJfonKi8iaVqWJSmSomlanipOKkYlKZVE5UpopJZVJ5omKqmFQmlTdVTCq/6WKttT7iYq21PuJirbU+wv7gF6mcVNyhckfFHSonFZPKScUTKlPFpDJV3KEyVZyoTBWTyknFpPJExYnKScWkMlVMKicVJyonFZPKVHGHyknFicpU8YTKScUTF2ut9REXa631ERdrrfURPzykMlWcVJyonFRMKicqJxVPVEwqJypTxaQyVZxUTCpTxaRyh8pU8aaKE5W/qeKkYlI5UTmpeJPKHSpTxYnKScWkMlVMKm+6WGutj7hYa62PuFhrrY/44aGKSeUOlaniROWk4kTlpOK/VHGHylRxUjGpnFScqJxUnKhMFU+oTBX/kopJ5QmVOyomlZOKSWWqmFROVKaKN12stdZHXKy11kdcrLXWR9gf/CKVOyomlaniDpWp4kTlpOJNKlPFpDJVTCpPVJyoTBV3qJxUnKhMFXeonFQ8oXJSMalMFScqJxWTyhMVb1I5qXjTxVprfcTFWmt9xMVaa32E/cGLVJ6ouEPlv1QxqZxUTCq/qWJSOak4UTmpuEPlpGJSmSpOVKaKJ1SmikllqphUTipOVE4qJpWp4g6Vk4onVKaKJy7WWusjLtZa6yMu1lrrI354WcUTKicVJxUnKicVT1RMKpPKScWJyh0qJxV3VJyoTBV3VNyhMlXcoTJVTCpTxaQyVUwqT6hMFScqU8UdKicVT6j8pou11vqIi7XW+oiLtdb6iB8eUpkqJpWTipOKSWWqOFE5qZhUpopJZaqYVO6omFSmiqliUpkqTlROVE4qTipOVKaKv0llqnii4qTiiYpJ5Q6VqeKOikllqphUpoqp4jddrLXWR1ystdZHXKy11kfYH/zDVKaKE5WpYlI5qThROal4QuWk4kTlpOJE5aRiUjmpeEJlqjhRuaPiDpWTihOVqeJE5aRiUpkqJpWTihOVk4oTlaniTRdrrfURF2ut9REXa631ET+8TOWkYlKZKqaKOyomlSdUTipOVKaKSeUJlTdV3FFxh8pUcYfKScWkMlU8UfFExYnKVDGp3KEyVUwqJypvqphUpoonLtZa6yMu1lrrIy7WWusjfvhlFZPKicpJxaQyVbyp4kTlDpWp4kTlpGJSmSomlaliUjmpmFSmikllqphUpoo7KiaVE5WpYlK5o+IOlaliqnhTxaQyVUwqU8UTKn/TxVprfcTFWmt9xMVaa33ED/+4iicq7lA5qZgqTlT+JRUnFZPKScWk8qaKE5Wp4omKSeVEZaqYVKaKE5WTipOKSWWqOKk4UZkqJpWp4kTlTRdrrfURF2ut9REXa631ET88pHJHxR0qU8VUcYfKVHGHylQxqUwVJypPqNyhMlVMKlPFHRWTyh0qU8VJxaRyUvEvUZkqJpVJZaqYVO5QmSomlROVqWJSmSqmijddrLXWR1ystdZHXKy11kf88FDFHSpTxaQyVUwqU8UdFW9SmSomlanipOJEZao4UZkqJpUTlScq7qiYVE4qflPFHSpPqJxUnFRMKicVJxUnKv+Si7XW+oiLtdb6iIu11voI+4MXqUwVT6i8qeJEZaq4Q+WOiknlpGJSmSpOVKaKO1TuqDhRmSomlaniTSq/qWJSOamYVE4qJpWp4kRlqphUflPFmy7WWusjLtZa6yMu1lrrI354SGWqmFSmiknlpOJEZaqYVE5UTlROKqaKSWWqmFSmiknlCZUnVE4qJpVJZaq4o2JSOamYVKaKk4o7VH5TxaRyUnFHxRMVk8pJxaQyVTxxsdZaH3Gx1lofcbHWWh/xw8tUpopJ5aRiUpkqnlCZKk5UpopJZao4UZkqJpWpYlI5UZkqJpVJ5aTijoonVKaKk4qTipOKSWWqmFSmijsqnqh4QuWOiknlX3ax1lofcbHWWh9xsdZaH/HDL1M5qZhUpopJ5UTlTRUnFZPKVHGiMlVMKm+qmFROVKaKO1SmipOKJ1TuqJgqTiruUDmpOFE5qbij4kTlpOKOiknlN12stdZHXKy11kdcrLXWR9gfPKAyVdyhckfFHSpPVEwqU8VvUjmpmFSmikllqphUTipOVKaKSWWqmFSmijepPFHxhMpUcaIyVdyhclJxonJS8S+5WGutj7hYa62PuFhrrY/44ZepnFRMKlPFpPKmiknlpOIOlaniROWJipOKSWWqeKJiUjlRmSomlZOKSWWqmComlZOKO1SmijtUpoo7VKaKSeVEZaq4Q2WqOFGZKp64WGutj7hYa62PuFhrrY+wP/hFKicVJypTxaTyN1VMKicVJyonFZPKVHGi8qaKSeWk4kTlpOJEZaqYVKaKE5WTiknlpOI3qbyp4kRlqjhRmSp+08Vaa33ExVprfcTFWmt9hP3BL1J5omJSuaPiDpU7Kt6kMlVMKicVb1KZKiaVqWJSuaPiROWkYlI5qbhDZaqYVN5U8SaVOypOVKaKO1Smiicu1lrrIy7WWusjLtZa6yPsDx5QmSomlaliUrmjYlKZKiaVqeJNKicVJypTxR0qU8W/RGWqmFTuqJhUpooTlaliUpkqnlCZKu5QmSomlaliUpkqJpWp4kRlqphUpopJZap408Vaa33ExVprfcTFWmt9hP3BAypTxX9JZaqYVO6oeEJlqrhDZaqYVO6omFSmikllqjhRuaNiUpkqJpWpYlI5qZhUpoonVKaKJ1SmihOVqWJSuaPiCZWTijddrLXWR1ystdZHXKy11kfYHzygMlWcqJxUTCpTxaRyUvEmlTsqJpWp4g6Vk4pJ5Y6KE5X/UsUdKicVk8pUcaIyVdyhMlWcqEwVk8pJxaTypooTlaniTRdrrfURF2ut9REXa631ET88VHFHxR0Vd1RMKlPFpHJSMVWcqDyhMlXcoXJHxaQyVdxRcYfKVPGEyh0qU8WbVJ5QmSomlaniiYo7VCaVO1Smiicu1lrrIy7WWusjLtZa6yN+eEjlb6qYKiaVqWJSOamYVE4qpoqTipOKSWWquEPljopJ5QmVqeJE5aTiiYonVKaKk4o7VKaKO1TepDJVnFRMKicVb7pYa62PuFhrrY+4WGutj/jhZRVvUjlRmSomlaniROUOlaliUpkq7qg4UZkqpooTld9U8SaVqWKqeEJlqpgqTlSeqJhUpoqp4gmVk4o3VUwqU8UTF2ut9REXa631ERdrrfURP/wylTsqfpPKScWJylQxqZyoTBWTyh0VJyp3VEwqU8WkMqn8TSpTxaRyR8WJyknFpDJV3FExqZxUnKicqLypYlL5TRdrrfURF2ut9REXa631ET98XMWJyqRyUjGpnFTcUfGEyknFicodFU+onFScqEwqU8WJyqRyUnGicqIyVZyoTBWTyqQyVZxUnKhMFZPKHRW/6WKttT7iYq21PuJirbU+4of/Z1SmiknlROUOlScqTlR+U8WkMlVMKicVU8WJyknFpDKpPFFxojJVnKhMKlPFVDGpTBWTyqQyVUwqJxWTylQxqZxU/KaLtdb6iIu11vqIi7XW+ogfflnFb6qYVN5UcaJyUnGi8kTFpDJVnKhMFScVv0nlpOKJijtUpoqp4k0qJxV3VEwqX3ax1lofcbHWWh9xsdZaH/HDy1T+JpU7KiaVE5WpYqr4m1ROKk5UpopJZaqYVKaKO1SmiqliUjlRmSomlROVJ1SmipOKE5WpYlKZKk5U7qiYVO6oOFGZKt50sdZaH3Gx1lofcbHWWh9hf7DWWh9wsdZaH3Gx1lofcbHWWh9xsdZaH3Gx1lofcbHWWh9xsdZaH3Gx1lofcbHWWh9xsdZaH3Gx1lofcbHWWh9xsdZaH3Gx1lofcbHWWh/xf1q8NFR0OyCmAAAAAElFTkSuQmCC',150,'2024-10-13 19:51:59','2024-10-13 19:51:59'),(51,'data:image/png;base64,iVBORw0KGgoAAAANSUhEUgAAATQAAAE0CAYAAACigc+fAAAAAklEQVR4AewaftIAABd+SURBVO3BQY7cWhLAQFLo+1+Z42WuHiCoqu2vyQj7g7XWeoGLtdZ6iYu11nqJi7XWeomLtdZ6iYu11nqJi7XWeomLtdZ6iYu11nqJi7XWeomLtdZ6iYu11nqJi7XWeomLtdZ6iYu11nqJi7XWeokfHlL5TRWTylTxhMpJxaQyVUwqJxWTyidVTConFXeo3FExqUwVk8pUcaJyR8UdKk9UTConFZPKScWkckfFpPKbKp64WGutl7hYa62XuFhrrZf44cMqPknlpOIOlSdUpopJZao4UZkqJpUnVJ5QuaNiUplUnlCZKqaKJ1SmiqliUpkq7qg4UXmi4pMqPknlky7WWuslLtZa6yUu1lrrJX74MpU7Kr6pYlJ5QuVE5aRiUjmpmFROKiaVOyqeqPgmlZOKSWWqOFGZKqaKSeWk4jepTBWfpHJHxTddrLXWS1ystdZLXKy11kv88B+nMlVMKv8lFZPKpDJV/CaVqWJSOam4o+JEZaqYVJ6oOFE5qZhU7qh4ouJEZar4L7tYa62XuFhrrZe4WGutl/jh/1zFpHJS8YTKpPJNKlPFJ6ncoXJSMalMFVPFb1KZKk5UTiomlROVqeJEZap4s4u11nqJi7XWeomLtdZ6iR++rOJvqjhRmSpOVKaKSeWTKiaVSWWqmCruUHmi4g6VSeUOlaliqphUJpUTlaniRGWquKNiUjlRmSruqHii4l9ysdZaL3Gx1lovcbHWWi/xw4ep/EtUpoo7VKaKSWWqmFSmikllqphUpopJ5URlqphUpopJZaqYVE5UpoqTiknlCZWpYlKZKiaVE5WpYlKZKiaVqeKkYlJ5QmWqOFH5l12stdZLXKy11ktcrLXWS9gf/Iep3FHxhMoTFZPKHRV3qNxRMancUXGHyknFpDJVTCpTxSepnFTcoTJVnKh8U8V/2cVaa73ExVprvcTFWmu9xA8PqUwVd6hMFZPKHRVPqEwVd1TcUTGp3KEyVUwVk8pUMak8ofJExaTyhMpUcYfKEypTxVRxojJVTConFXeofFLFicpU8cTFWmu9xMVaa73ExVprvcQPH6ZyUjFVnFRMKlPFicpJxVRxR8UnVZyoTBWTyt9UcaJyonJSMalMFZPKpDJVTCpTxYnKScWkMlVMKt+kMlVMFZPKVHGHyknFJ12stdZLXKy11ktcrLXWS9gffJDKVDGpnFRMKicVk8rfVDGpfFPFicodFXeonFScqJxUTConFXeonFRMKlPFHSonFScqU8WJyh0VJypTxaQyVZyoTBVPXKy11ktcrLXWS1ystdZL/PCQyonKVDGpnFScqEwVk8pUcYfKHSpTxaQyVUwqT6hMFZPKVDGpTBVPqHxTxaQyVZxUfJLKVHGHyknFpDJVTBWTyh0qJypTxR0Vn3Sx1lovcbHWWi9xsdZaL/HDQxWTylRxUjGpnFTcUXGiMlVMFScqU8UTFZPKVDGpnKicqJyoTBUnFZPKVDGpTBWTyh0VJyonFZPKicqJylQxqUwVk8oTKlPFpPI3qUwVT1ystdZLXKy11ktcrLXWS9gfPKAyVUwqT1RMKicVn6RyUjGpnFScqEwVn6QyVUwqU8WkclJxonJHxaQyVUwqn1TxhMpUcaIyVZyofFPFiconVTxxsdZaL3Gx1lovcbHWWi/xw4epfJLKVHGHyknFv0xlqphUpopJ5UTlRGWqmFQmlaliqphUTlROVE4qTlQ+SeVEZaqYKn5TxaRyojJVTCpTxaTyTRdrrfUSF2ut9RIXa631Ej/8sopJ5aRiUpkqPknlDpWp4kRlqpgqTlSeqJhUTiruqJhUTio+SeWTVKaKk4pJ5URlqjhRmSomlaliUplUpopPUpkqvulirbVe4mKttV7iYq21XsL+4INUpoonVH5TxaQyVUwqU8WkclJxonJSMalMFScqJxWTylRxonJHxaQyVTyhclJxojJVTCpTxaQyVZyofFPFicpJxYnKHRVPXKy11ktcrLXWS1ystdZL2B88oDJVnKicVHySylRxovJExRMqU8WJyknFpHJSMancUTGpfFLFpDJVTCpTxaQyVfwmlaniDpWTikllqphUTipOVKaK33Sx1lovcbHWWi9xsdZaL2F/8EUqJxWTyknFpDJVnKhMFScqU8WkMlV8kspUMamcVEwqU8XfpHJSMamcVEwqn1TxhMpUMalMFXeoTBWTyh0Vk8oTFd90sdZaL3Gx1lovcbHWWi/xw0MqU8VUMancUXFSMamcVNxRMalMFScqU8WkMlVMFZPKExWTyknFpDJVnKicVJyo3KEyVZyoPKFyUnGiMlVMKicVJyonFZPKScUdKicqU8UTF2ut9RIXa631EhdrrfUS9gcfpDJVTCqfVPE3qUwVT6g8UTGpTBWTyhMVJypTxYnKVDGpnFScqJxUTConFZPKExUnKlPFpDJV3KFyUnGHyh0VT1ystdZLXKy11ktcrLXWS9gfPKAyVdyhclIxqdxRMalMFScqJxUnKlPFicodFXeoTBWTylQxqUwVk8pJxYnKScWkckfFpHJHxR0qU8WkclJxojJVnKicVEwqU8UdKicVn3Sx1lovcbHWWi9xsdZaL/HDQxVPVEwqk8pUcaJyh8pUMVVMKpPKJ1VMKlPFpDJVTCpTxaRyR8Wk8oTKExUnKpPKVHGicofKN6lMFZPKVDFVPKFyR8Wk8k0Xa631EhdrrfUSF2ut9RL2Bx+kclIxqZxUTCp3VJyoTBUnKlPFpDJVTConFScqT1ScqEwVk8pJxYnKb6qYVE4qJpU7Kk5UTiruUJkqJpU7Kk5UpoonVKaKJy7WWuslLtZa6yUu1lrrJX54SOWkYlK5Q+WOijsqTlROVKaKk4pJ5URlqnhC5aRiUjmpmFSmipOKSWWqmFSmihOVqWJSOak4UZlU7qg4UTmpmFSmikllqphUpoo7VKaKSeWbLtZa6yUu1lrrJS7WWusl7A8+SOWTKiaVk4pJ5ZMqTlROKk5Unqj4JJU7Kp5QOak4UZkqTlROKk5Upoo7VKaKSeWJihOVOyomlTsqvulirbVe4mKttV7iYq21XuKHh1SmijtUpopJZao4UZkqTlROKu6oOFF5omJSOVE5qZhUpoo7VE4qTiomlUnlpOJEZar4TSonKicVk8oTFZPKHRWTylQxqUwVn3Sx1lovcbHWWi9xsdZaL2F/8IDKVPGEylQxqZxUfJPKScUnqfxNFZPKVPGEylRxh8pJxR0qv6liUpkqnlCZKk5UpopJZap4QmWqeOJirbVe4mKttV7iYq21XuKHX6Zyh8pUcaJyR8UdFScqU8UdKndUnKhMFZPKVDGpfJLKVDGpTBV3VDxRcaJyR8WJyhMqn1RxUnGHylQxVXzSxVprvcTFWmu9xMVaa73EDw9VTCpTxRMVk8pUcUfFicodFU+o3FExqdyhMlX8poqTiknlpGJSuaPijoonVO5QOam4Q+WkYlKZKv5lF2ut9RIXa631EhdrrfUSPzykckfFicqkMlVMKicVJyp3VHxSxYnKpHJSMalMFZPKVHFSMamcVEwqU8UTKicVk8qkclIxqUwV/yUVk8qkcofKVDFVTCpTxSddrLXWS1ystdZLXKy11kv88GEVk8pUcVJxovKEylQxqZyoTBUnKicVk8pUcaIyqdxRMamcqEwVn6QyVZyonKhMFZ+kclJxUjGpTBWTyh0qJxVPVNxR8U0Xa631EhdrrfUSF2ut9RL2Bx+k8jdVTCpTxaTyTRUnKicVJyonFXeoTBWTyr+k4g6VqeIJlaliUjmpmFSmik9S+aaKE5WTiicu1lrrJS7WWuslLtZa6yV++LCKO1SmijtU7lCZKiaVqWJS+ZdUTConKicVk8pUMalMFXeoTBVPqNyhckfFicodKicqJxWTyknFpDJV3KHyL7lYa62XuFhrrZe4WGutl/jhH6cyVZyoTBUnKlPFpHJHxRMVd6icqJxUTCpTxaRyh8pUcaIyVZyoPFFxovJJFZPKScUnqdyhMlWcqJxUfNPFWmu9xMVaa73ExVprvcQPD6lMFZ9U8YTKVHFHxYnKHSpTxYnKHRWTylRxUvFJFXdUTCp3VEwqU8WkMlVMFZPKVHGiMqlMFZPKpDJVTCpTxaTyRMUTFb/pYq21XuJirbVe4mKttV7ihy9TmSpOVD6p4qTiRGWquEPlRGWqeELlRGWqmFSeUHlC5Y6KJypOVO5QmSruqDhRuaNiUjlReaLiRGWq+KSLtdZ6iYu11nqJi7XWeokfHqqYVKaKSeWk4g6VO1ROKqaKSeWJiknljooTlaniiYpPUpkqTlSmikllqrhD5Y6Kk4pJZaqYVKaKk4pJZVKZKqaKSeWJijsqvulirbVe4mKttV7iYq21XsL+4INUpopJZao4UTmpmFTuqPgklTsqJpWpYlI5qZhUpopJ5Y6KSWWquENlqjhRuaNiUpkqJpWTiknlmyomlaliUnmi4kRlqphUTiq+6WKttV7iYq21XuJirbVe4oeHVE5U7lCZKiaVOyomlROVqWJSeaLipGJSOam4Q+Wk4ptUpopJZaqYKiaVE5Wp4qRiUplUpopPUplUTlSeqJhUpooTlaliUvlNF2ut9RIXa631EhdrrfUS9gcfpDJVTCpPVEwqT1ScqDxRcaJyUnGiMlVMKicVk8pJxYnKb6q4Q2WqmFSmihOVqWJSmSqeUDmpmFROKiaVk4onVE4qnrhYa62XuFhrrZe4WGutl/jhl1VMKlPFHRWTylQxqZyonFScqEwqU8VJxYnKicpUMalMKlPFJ1WcqEwVn6RyovJExRMqJxVTxaQyqZxUTConFZPKScUdFZ90sdZaL3Gx1lovcbHWWi/xw0MqJypTxR0q/xKVqeKk4qRiUpkqpooTlUnlb1KZKqaKE5WpYlKZKu6ouEPlpOJEZap4omJSmSpOKiaVOyomlaniN12stdZLXKy11ktcrLXWS9gffJDKVDGpTBWTylTxhModFU+o3FHxhMoTFZPKVDGpTBWTyh0VJyonFScqJxWTyh0VJyr/kopJZar4JJWp4psu1lrrJS7WWuslLtZa6yXsDx5QOamYVKaKE5WTijtUTiomlaliUjmpeEJlqvgklU+qOFG5o+I3qUwVk8pJxaRyR8WkMlVMKicVk8oTFScqJxXfdLHWWi9xsdZaL3Gx1lovYX/wgMpUMalMFZPKScUdKicVJyp3VEwqJxWTylQxqUwVJypTxaQyVdyhMlU8oXJHxYnKVDGpTBWTylRxojJV3KHyRMWJyknFpDJVnKh8UsUTF2ut9RIXa631EhdrrfUSPzxUMalMFScVJyonFVPFpDKpTBVTxYnKHRV3qDxRcYfKVPGEyh0Vk8o3VUwqT1ScqEwVU8WkMlXcoTJVTCp3qHxTxSddrLXWS1ystdZLXKy11kvYH3yRyknFpDJVTConFScqU8WJyknFicodFU+onFRMKicVk8pJxaRyUjGp3FExqZxUTCrfVDGp3FFxh8oTFZPKHRV/08Vaa73ExVprvcTFWmu9xA8PqZxUTCqTylQxqUwVJypPqEwVk8qJyh0Vd6icVEwqJxWTyqQyVdxRcaIyVZyo/EsqJpVJZaqYVKaKO1ROKiaVT6o4UZkqJpWp4omLtdZ6iYu11nqJi7XWegn7gwdUTiomlaliUpkqTlSmihOVk4oTlaniRGWqmFSmikllqjhRmSomlaniROWJikllqphUpooTlW+qOFGZKiaVqeJEZaqYVE4q7lB5ouIOlaniky7WWuslLtZa6yUu1lrrJX74sIpJZaq4Q+Wk4kTlpGJSOak4UTlR+aaKO1TuqPhNKt9UMamcqNxRMalMFVPFHRUnKlPFJ6mcVJyoTBVPXKy11ktcrLXWS1ystdZL/PBQxR0qU8VJxaRyojJVnKg8oTJVTCqfpPJExaTySSp3qDxRMamcVEwqJyonFU+o3FHxhMpJxaQyVUwqJypTxaTySRdrrfUSF2ut9RIXa631Ej98WcWkMqlMFZPKEypPVHxSxR0Vk8pUMalMFU9UTConFU+oTBV3VDxR8YTKVHFHxaRyh8pUcaLyRMWkMlVMKlPFJ12stdZLXKy11ktcrLXWS/zwkMpJxR0qU8UdFZPKScWkcqIyVXyTylQxqUwVJyonFZ+kMlVMKlPFJ6lMFVPFEypTxUnFpDKpTBWTylTxRMUdKicVk8pvulhrrZe4WGutl7hYa62XsD/4IpWTihOVk4oTlaliUpkqJpWpYlKZKp5QmSomlaniROWOik9SuaPiDpXfVHGHyknFpPJExYnKVHGickfF33Sx1lovcbHWWi9xsdZaL/HDQyp3VNxRcaJyh8pUMalMFXeoTBWTylRxovJExYnKpDJVTConFScVk8onVUwqU8WkMlWcqEwVk8pUMancUTGpfJPKEypTxaQyVXzSxVprvcTFWmu9xMVaa73EDx9WMalMKicVk8odFZPKHRUnKlPFN1VMKpPKVDGpTBV3qEwVk8qkMlU8oTJVTBWTyr9E5UTlROWk4gmVqeIJlUllqphUpoonLtZa6yUu1lrrJS7WWuslfvhlFXdUTCpTxUnFEypTxaQyVXySylQxqUwqJypTxYnKpDJVnKhMFScqJypTxVQxqdyh8kTFpDJV3KEyVUwqU8UdFZPKVDGpTBVTxYnKVPFJF2ut9RIXa631EhdrrfUSP/xlKk+oTBWTylTxTSpTxYnKScVJxaRyUjGpnFRMKicqU8Wk8kkqd6g8UTGpTBVTxYnKVDFVTCpTxaQyVZyonKicqEwVk8pU8U0Xa631EhdrrfUSF2ut9RL2Bw+oTBXfpPJNFXeoTBWTyhMVn6QyVUwqU8WkclIxqUwVk8pU8YTKVHGiMlVMKndUnKjcUXGiMlXcoTJV3KFyUnGiMlU8cbHWWi9xsdZaL3Gx1lovYX/wgMpUcaJyUjGpnFRMKlPFpDJVTCpTxaRyUjGpTBWTyhMVk8pUcaIyVUwqf1PFpDJVnKhMFZPKVHGi8k0Vn6QyVUwqn1RxojJVfNLFWmu9xMVaa73ExVprvcQPD1XcUXFHxYnKEyonKicVk8onVXxTxSdV3KFyojJVnKjcUTGpTBV3VEwqU8WkcqJyR8VUMamcVNyh8i+5WGutl7hYa62XuFhrrZf44SGV31Rxh8pUMancUTGpTBWTyknFicpUMalMFScqd1ScqJyoTBUnFZPKicpJxRMqd6hMFZPKVPFExTepTBX/sou11nqJi7XWeomLtdZ6iR8+rOKTVE4qTlTuqJhUJpUTlaniDpU7Ku6oOFE5Ubmj4g6VE5UnVKaKqeJE5aTipGJSmSqmihOVqWJSmSomlZOK/5KLtdZ6iYu11nqJi7XWeokfvkzljoo7VE4qJpUTlaliUpkqTlSmiknlpOIOlZOKSWWqmFSmikllUnmi4kRlqjhROVE5qZgqJpUTlaliqphUTiq+SeWbKiaVqeKJi7XWeomLtdZ6iYu11nqJH/7jKiaVSWWqOFGZVKaKE5WpYlKZKj6pYlKZVKaKSeVEZaqYVKaKE5UTlaliUrmjYlKZKk5UpopJ5URlqrhD5Y6KSWWqmFSmihOVSWWqmFS+6WKttV7iYq21XuJirbVe4of/MyrfVDGpTBUnKlPFExUnKicVJypPVNyhMlVMKndUTCp3qJxU3FExqUwVJyrfpHKHylTxTRdrrfUSF2ut9RIXa631Ej98WcW/pGJSOak4UZkq7lCZKiaVk4pJZaqYVKaKJyomlUllqvgklaniRGWqOKmYVE4qTlSmikllqphUpoqpYlI5UXmi4l9ysdZaL3Gx1lovcbHWWi/xw4ep/CaVqWJSuaPiRGWqOKn4pIrfpDJVnFRMKpPKVDGpTBWTylRxonKiMlWcVEwqk8pUcUfFpDJVPFFxonJS8UkqU8UTF2ut9RIXa631EhdrrfUS9gdrrfUCF2ut9RIXa631EhdrrfUSF2ut9RIXa631EhdrrfUSF2ut9RIXa631EhdrrfUSF2ut9RIXa631EhdrrfUSF2ut9RIXa631EhdrrfUS/wO/49dpRHDcMAAAAABJRU5ErkJggg==',152,'2024-10-15 23:54:18','2024-10-15 23:54:18'),(52,'data:image/png;base64,iVBORw0KGgoAAAANSUhEUgAAATQAAAE0CAYAAACigc+fAAAAAklEQVR4AewaftIAABczSURBVO3BQW7s2pLAQFLw/rfM9jBHBxBU5Xe/OiPsF2ut9QIXa631EhdrrfUSF2ut9RIXa631EhdrrfUSF2ut9RIXa631EhdrrfUSF2ut9RIXa631EhdrrfUSF2ut9RIXa631EhdrrfUSF2ut9RI/PKTylyomlaniL6lMFZPKScWk8kkVk8pJxR0qd1RMKlPFpDJVnKjcUXGHyhMVk8pJxaRyUjGp3FExqfyliicu1lrrJS7WWuslLtZa6yV++LCKT1I5qbhD5aTiRGWquKNiUvkmlSdU7qiYVCaVJ1SmiqniCZWpYqqYVKaKOypOVJ6o+KSKT1L5pIu11nqJi7XWeomLtdZ6iR++TOWOim+qmFQmlZOKSWWqOFGZKiaVqeJE5aRiUrmj4omKb1I5qZhUpooTlaliqphUTir+kspU8Ukqd1R808Vaa73ExVprvcTFWmu9xA//41SmikllqjipmFQmlROVqeKbKv6SylQxqZxU3FFxojJVTCpPVJyonFRMKndUPFFxojJV/C+7WGutl7hYa62XuFhrrZf44f+5iknlpOIOlaliUrlD5aRiUpkqPknlDpWTikllqpgq/pLKVHGiclIxqZyoTBUnKlPFm12stdZLXKy11ktcrLXWS/zwZRX/MpWp4kRlqphUPknliYo7VJ6ouENlUrlDZaqYKk5UTlSmihOVqeKOiknlRGWquKPiiYp/ycVaa73ExVprvcTFWmu9xA8fpvImKlPFpDJVTCp3VEwqU8WkcqIyVUwqU8WkMlVMKicqU8VJxaTyhMpUcVIxqZyoTBWTylQxqUwVJxWTyhMqU8WJyr/sYq21XuJirbVe4mKttV7CfvE/TOWkYlKZKu5Q+UsVT6jcUTGp3FFxh8pJxaQyVUwqU8UnqZxU3KEyVZyofFPF/7KLtdZ6iYu11nqJi7XWeokfHlKZKu5QmSomlTsqJpWpYlI5qbij4kRlqnhCZaqYKiaVqWJSeULliYpJ5QmVqeIOlSdUpoqp4kRlqphUTiruUPmkihOVqeKJi7XWeomLtdZ6iYu11nqJH75MZaq4o+JEZVI5UZkqnqi4o2JSmSomlZOKSeW/VHGicqJyUjGpTBWTyqQyVUwqU8WJyknFpDJVTCrfpDJVTBWTylRxh8pJxSddrLXWS1ystdZLXKy11kvYL75IZaqYVKaKSWWqOFH5pIpJ5aRiUjmpmFTuqLhD5aTiDpWTihOVk4pJ5aTiDpWTikllqrhD5aTiRGWqOFG5o+JEZaqYVKaKE5Wp4omLtdZ6iYu11nqJi7XWeokfHlKZKp5QmSpOVD6pYlJ5omJS+SaVJ1SmiidUvqliUpkqTio+SWWquEPlpGJSmSqmiknlDpUTlanijopPulhrrZe4WGutl7hYa62X+OGhipOKJ1SmiicqJpVJZaqYVL6pYlJ5omJSuUNlqjipmFSmikllqphU7qg4UTmpmFROVE5UpopJZaqYVJ5QmSomlf+SylTxxMVaa73ExVprvcTFWmu9xA8PqUwVk8odFScqJxWTyknFpHJHxaQyVUwVJypTxaTySRWTylQxqdxRMamcqEwVk8qJyhMqU8UTKicVk8pUcYfKicqJylRxojKp/Jcu1lrrJS7WWuslLtZa6yXsFw+oPFFxojJV3KFyUnGiclJxojJVnKicVEwqU8Wk8kkVk8pJxYnKN1WcqJxU3KFyR8UTKk9UTCpTxaQyVUwqU8WkclLxxMVaa73ExVprvcTFWmu9xA9/rGJSOamYVKaKT1I5qZhUpooTlaliqrijYlKZKk5UTiruqJhUTio+SeWTVKaKk4pJ5URlqjhRmSomlaliUplUpopPUpkqvulirbVe4mKttV7iYq21XsJ+8UEqJxV3qHxSxaQyVUwqd1RMKicVJyqfVDGpnFRMKlPFicodFZPKVPGEyknFicpUMalMFZPKVHGi8k0VJyonFScqd1Q8cbHWWi9xsdZaL3Gx1lovYb94QGWquENlqvgklaniROWkYlI5qbhDZaqYVKaKE5U7KiaVOyomlU+qmFSmikllqphUpoq/pDJV3KFyUjGpTBWTyknFicpU8Zcu1lrrJS7WWuslLtZa6yXsF/8QlZOKSeWJijtUpopPUpkqJpWpYlKZKiaVqeK/pHJSMamcVEwqn1TxhMpUMalMFXeoTBWTyh0Vk8oTFd90sdZaL3Gx1lovcbHWWi/xw0MqU8UnVZxUnKjcoTJVTBWTylQxqUwVk8qJylTxRMWkclIxqUwVJyonFScqd6hMFScqd6jcUXGiMlVMKicVJyonFZPKScUdKicqU8UTF2ut9RIXa631EhdrrfUSPzxUMalMFZPKHSpTxR0Vd1RMKlPFHRWfpHJSMalMFXeofFLFicpUMamcVJyonFRMKlPFpHKi8kTFpHJSMalMFXeoTBVPqHzTxVprvcTFWmu9xMVaa72E/eIBlaniX6JyUjGp3FFxojJV3KFyUnGHylQxqUwVk8pUMamcVJyonFRMKndUTCp3VEwqU8WkMlVMKicVJypTxYnKScWkMlXcoXJS8UkXa631EhdrrfUSF2ut9RI/fJjKVHGi8kTFpDJVTCqTyhMqf6liUjmpmComlTsqJpUnVJ6oOFGZVKaKE5WTiknlm1SmikllqpgqnlC5o2JS+aaLtdZ6iYu11nqJi7XWegn7xQMqd1RMKicVJyonFScqJxWTylQxqUwVk8pJxYnKScUTKlPFpHJScaLylyomlZOKSeWOihOVk4o7VKaKSeWOihOVqeIJlaniiYu11nqJi7XWeomLtdZ6iR8+rOKTVO6oeKLipGJSmSruqJhUpoqp4kTliYpJ5aRiUpkqTiomlaliUpkqTlSmiknlpOJEZVK5o+JE5aRiUpkqJpWpYlKZKu5QmSomlW+6WGutl7hYa62XuFhrrZewX3yQylRxonJSMalMFScqU8UdKlPFicq/pOIJlTsqnlA5qThRmSpOVE4qTlSmijtUpopJ5YmKE5U7KiaVOyq+6WKttV7iYq21XuJirbVe4oeHVO5QOamYVE5U7lC5o2JSmSruqJhU7qiYVKaKSeWkYlKZKu5QOak4qZhUJpWTihOVqeIvqZyonFRMKk9UTCp3VEwqU8WkMlV80sVaa73ExVprvcTFWmu9hP3ig1TuqJhUpopJ5aRiUpkqvkllqphUpooTlf9SxaQyVTyhMlXcoXJScYfKX6qYVKaKJ1SmihOVqWJSmSqeUJkqnrhYa62XuFhrrZe4WGutl7BffJHKVDGpTBWTylRxojJVTConFZ+kMlWcqJxU3KEyVUwqU8WkclJxh8pUMalMFScqU8U3qdxRcaJyUnGickfFX1KZKr7pYq21XuJirbVe4mKttV7ihw9TOVG5o2JSmSruqDhRuaPiCZVPUjlRmSr+UsVJxaRyUjGp3FFxR8UTKneonFTcoXJSMalMFf+yi7XWeomLtdZ6iYu11nqJHx5SOamYVE5UTiomlSdU7qg4UZkqTiomlaniRGWqmFSmikllqjipmFROKiaVqeIJlZOKSWVSOamYVKaK/yUVk8qkcofKVDFVTCpTxSddrLXWS1ystdZLXKy11kvYLx5QmSomlaniRGWqOFE5qZhUPqniDpWp4l+ickfFHSpTxaQyVZyo3FHxhModFZPKVDGpTBWTylRxonJS8SYXa631EhdrrfUSF2ut9RL2iw9S+S9VTCpTxaRyR8WkMlVMKk9UnKhMFZPKVHGiMlVMKv+SijtUpoonVKaKSeWkYlKZKj5J5ZsqTlROKp64WGutl7hYa62XuFhrrZewX/yHVKaKO1SeqJhUpooTlaniROVfVjGpTBWTylRxh8pU8YTKN1VMKv+liknlpGJSmSruUJkqTlROKp64WGutl7hYa62XuFhrrZf44cNUpoonVKaKOypOVKaKSWWqeKJiUpkqTlROKk5UpopJZaqYVO5QmSpOVKaKE5UnKk5UPqliUjmp+CSVO1SmihOVk4pvulhrrZe4WGutl7hYa62X+OEfV/GEylRxojJVTCqfVHGiMlU8UXFS8UkVd1RMKndUTCpTxaQyVUwVk8pUcaIyqUwVk8qkMlVMKlPFpPJExRMVf+lirbVe4mKttV7iYq21XsJ+8YDKVDGpTBWTyjdVPKFyR8WkckfFpPJExaQyVUwq/0sqTlSmijtUTiomlanik1ROKk5UvqniRGWq+KSLtdZ6iYu11nqJi7XWeokfvqxiUpkq7lB5QuW/VDGp3FFxh8pUcUfFJ6lMFScqU8WkMlXcoXJHxUnFpDJVTCpTxUnFpDKpTBVTxaTyRMUdFd90sdZaL3Gx1lovcbHWWi9hv/gglaliUvmXVEwqU8WJyknFpDJV3KFyUjGpTBWTyh0Vk8pUcYfKVHGickfFpDJVTConFZPKN1VMKlPFpPJExYnKVDGpnFR808Vaa73ExVprvcTFWmu9xA8PqZyonFTcoTJVTCpTxaTyTRUnFXeonFTcoXJS8U0qU8WkMlVMFZPKicpUcVIxqUwqU8UnqUwqJypPVEwqU8WJylQxqfyli7XWeomLtdZ6iYu11noJ+8UHqUwVk8oTFZPKHRWTyknFpHJHxRMqd1RMKicVk8pJxYnKX6q4Q2WqmFSmihOVqWJSmSqeUDmpmFROKiaVk4onVE4qnrhYa62XuFhrrZe4WGutl/jhH1NxR8WkMlU8oTJV3KFyR8VJxaQyqUwVk8qkMlV8UsWJylTxSSonKk9UPKFyUjFVTCqTyknFpHJSMamcVNxR8UkXa631EhdrrfUSF2ut9RI/PKQyVUwqU8WkcqLyL1GZKiaVqeJE5Q6VO1T+SypTxVRxojJVTCpTxR0Vd6icVJyoTBVPVEwqU8VJxaRyR8WkMlX8pYu11nqJi7XWeomLtdZ6CfvFAypTxaRyUjGpTBV3qJxUfJPKScWkclIxqXxSxaQyVUwqU8WkckfFicpJxYnKScWkckfFpPIvq5hUpopPUpkqvulirbVe4mKttV7iYq21XsJ+8YDKVPFJKndUfJLKVDGpnFRMKk9UPKHyTRUnKndU/CWVqWJSOak4UTmpmFSmiknlpGJSeaLiROWk4psu1lrrJS7WWuslLtZa6yXsFw+o3FExqZxUTCpTxaRyUnGickfFpHJSMancUXGiMlVMKlPFHSpTxRMqd1ScqEwVk8pUMalMFScqU8UdKk9UnKicVEwqU8WJyknFpHJS8cTFWmu9xMVaa73ExVprvcQPD1U8UXGi8kTFiconVZyoTBWTyhMVk8qJylTxhModFZPKN1VMKk9UnKhMFVPFpDJV3KEyVUwqd6h8U8UnXay11ktcrLXWS1ystdZL/PCPUZkqTlSmiicqJpU7VKaKE5Wp4psqJpVJZao4UZkqJpVPUpkqTlSmijtUnqiYVP6SyonKVDGp3FFxUvFNF2ut9RIXa631EhdrrfUSPzykclIxqZxUTCpTxYnKHRUnFZPKpDJV3FHxX6qYVCaVqeKOihOVqeJE5V9SMalMKlPFpDJV3KFyUjGpfFLFicpUMalMFU9crLXWS1ystdZLXKy11kvYLz5IZaqYVKaKSWWqmFSmihOVJyomlZOKSWWqmFSmikllqphUnqg4UXmiYlKZKiaVqeJE5ZsqTlSmikllqjhRmSomlZOKO1SeqLhDZar4pIu11nqJi7XWeomLtdZ6iR8eUpkqJpWp4qRiUpkqPqliUplUTiomlaliUvmkikllqphUJpU7Kv6SyjdVTConKndUTCpTxVRxR8WJylTxSSonFScqU8UTF2ut9RIXa631EhdrrfUSPzxUcYfKScVUMancUXGickfFScW/RGWqmFQ+SeUOlScqJpWTiknlROWk4gmVOyqeUDmpmFSmiknlRGWqmFQ+6WKttV7iYq21XuJirbVe4oc/VnGickfFpDKpnFRMKlPFHSpTxVRxR8WJylTxSRWTyknFEypTxR0VT1Q8oTJV3FExqdyhMlWcqDxRMalMFZPKVPFJF2ut9RIXa631EhdrrfUS9osHVD6p4pNUpopJ5aRiUnmi4g6VqeJEZaqYVE4qTlROKiaVqWJSmSo+SWWq+CSVqeIOlZOKSWWqmFSmiidU7qiYVE4qPulirbVe4mKttV7iYq21XsJ+8UUq31QxqUwVk8pUcaIyVUwqU8W/ROWOik9SuaPiDpW/VHGHyknFpPJExYnKVHGickfFf+lirbVe4mKttV7iYq21XuKHh1S+qeJE5URlqphUpooTlROVqWJSmSomlaniRGWqmCpOVCaVqWJSOak4qZhUPqliUpkqJpWp4kRlqphUpopJ5Y6KSeWbVJ5QmSomlaniky7WWuslLtZa6yUu1lrrJX74sIpJ5Y6KSeWOihOVqWJSmSomlaniCZUTlSdUpoo7VKaKSWVSmSqeUJkqpopJ5V+icqJyonJS8YTKVPGEyqQyVUwqU8UTF2ut9RIXa631EhdrrfUS9osHVKaKSWWqeEJlqjhRmSpOVE4qJpWp4g6VOyomlScqTlROKk5UpopJ5YmKE5WpYlJ5ouJEZaq4Q2WqmFSmihOVqWJSmSomlaniDpWp4pMu1lrrJS7WWuslLtZa6yXsFw+oTBWTylQxqXxSxaQyVXySyknFEypTxYnKVHGiclIxqUwVk8pUMan8L6uYVKaKO1SmihOVqWJSmSomlW+qmFSmim+6WGutl7hYa62XuFhrrZewXzygMlV8k8pfqjhRmSomlTsqvkllqphUpopJ5aRiUpkqJpWp4gmVqeJEZaqYVO6oOFG5o+JEZaq4Q2WquEPlpOJEZap44mKttV7iYq21XuJirbVewn7xgMpUcaJyUjGpTBWTyknFpDJV3KEyVZyoPFExqUwVk8pUcaIyVUwq/6WKSWWqOFGZKiaVqeJE5ZsqPkllqphUPqniRGWq+KSLtdZ6iYu11nqJi7XWeokfHqq4o+KOik+qOFE5qZhUPqnipOIOlaliqvikijtUTlSmihOVOyomlanijopJZaqYVE5U7qiYKiaVk4o7VP4lF2ut9RIXa631EhdrrfUSPzyk8pcq7lD5popJZaqYVKaKE5WpYlKZKk5U7qg4UTlRmSpOKiaVE5WTiidU7lCZKiaVqeKJim9SmSr+ZRdrrfUSF2ut9RIXa631Ej98WMUnqZxU3KEyVZyoTCpTxVTxhModFXdUnKicqNxRcYfKicoTKlPFVHGiclJxUjGpTBVTxYnKVDGpTBWTyknF/5KLtdZ6iYu11nqJi7XWeokfvkzljoo7VKaKSWWqmFROKiaVE5WpYqqYVE4q7lA5qZhUpopJZaqYVCaVJypOVKaKE5UTlZOKqWJSOVGZKqaKSeWk4ptUvqliUpkqnrhYa62XuFhrrZe4WGutl/jhf1zFpDJVPKEyVZxUTConFU+oTBWTyqQyVUwqJypTxaQyVZyonKhMFZPKHRWTylRxojJVTConKlPFHSp3VEwqU8WkMlWcqEwqU8Wk8k0Xa631EhdrrfUSF2ut9RI/vEzFv6TiDpU7Kk4qTlROKk5Unqi4Q2WqmFTuqJhU7lA5qbijYlKZKk5UvknlDpWp4psu1lrrJS7WWuslLtZa6yV++LKKv6QyVZxUTCpTxYnKScWJylQxqdyhckfFExWTyqQyVXySyknFpDJVnFRMKicVJypTxaQyVUwqU8VUMamcqDxR8S+5WGutl7hYa62XuFhrrZf44cNU/pLKicpUMalMFScqJxVPqEwVk8qkclIxqdyhMlWcVEwqk8pUMalMFZPKVPGEylRxUjGpfFLFpDJVPFFxonJS8UkqU8UTF2ut9RIXa631EhdrrfUS9ou11nqBi7XWeomLtdZ6iYu11nqJi7XWeomLtdZ6iYu11nqJi7XWeomLtdZ6iYu11nqJi7XWeomLtdZ6iYu11nqJi7XWeomLtdZ6iYu11nqJ/wMm280Bu58VaAAAAABJRU5ErkJggg==',153,'2024-10-15 23:56:45','2024-10-15 23:56:45'),(53,'data:image/png;base64,iVBORw0KGgoAAAANSUhEUgAAATQAAAE0CAYAAACigc+fAAAAAklEQVR4AewaftIAABb7SURBVO3BQW7sShLAQFLw/a/M8TJXBQhq2+9rMsK+sdZaL3Cx1lovcbHWWi9xsdZaL3Gx1lovcbHWWi9xsdZaL3Gx1lovcbHWWi9xsdZaL3Gx1lovcbHWWi9xsdZaL3Gx1lovcbHWWi9xsdZaL/HFQyq/qWJSuaNiUjmpOFGZKiaVqeIOld9UcYfKHRWTylTxSSpTxaQyVZyoPFExqZxUnKhMFZPKHRWTym+qeOJirbVe4mKttV7iYq21XsK+8YDKVPFJKlPFEyr/kopJZaq4Q+WkYlL5pIpJZaqYVO6oOFE5qZhUTipOVKaKJ1SeqPgklanik1Smiicu1lrrJS7WWuslLtZa6yW++GEqd1T8pIpJ5aTiCZU7Kj6p4qTiJ1VMKlPFEypTxR0Vk8qkcofKScVJxR0qJypTxSep3FHxky7WWuslLtZa6yUu1lrrJb74j1OZKk5UTio+qeJEZap4ouJE5aTiRGWqmFQ+SWWqmCruUJkqTiomlaniRGVSuaNiUpkqTipOVKaK/7KLtdZ6iYu11nqJi7XWeokvXkblpGJSOVE5qXiiYlI5qZhUpopJZaqYVJ5QeUJlqpgqfpLKX6qYVCaVqWJSmSomlanizS7WWuslLtZa6yUu1lrrJb74YRX/EpU7Ku5QOamYVJ6oOKk4qZhUnqi4Q2VS+aSKk4pJZVKZKiaVk4onKk4qJpU7Kp6o+JdcrLXWS1ystdZLXKy11kt88WEqf6liUpkqJpUTlaliUpkqJpU7KiaVE5WpYlKZKiaVqWJSmSomlROVqeKkYlKZKiaVqWJSmSomlaliUrmjYlKZKiaVqWJSmSomlaliUjlRmSpOVP5lF2ut9RIXa631EhdrrfUSXzxU8S+rOKl4omJSuaPipGJSmSruULmjYlK5o+IOlROVqWJSmSomlanipGJS+UkqJypPqNxR8V9ysdZaL3Gx1lovcbHWWi/xxUMqU8UdKlPFpPKXKiaVn6TySRWTylRxonKHyhMVJyp3qEwVk8pUMancoXJHxRMqJxWTyonKJ1WcqEwVT1ystdZLXKy11ktcrLXWS9g3PkjljopJZaqYVKaKE5WfVPGEylQxqUwVJyp3VNyhclJxh8pUcaJyUjGpPFFxh8odFZPKVHGiMlVMKndU3KHyRMUnXay11ktcrLXWS1ystdZL2DceUJkqPknlpOIJlTsqTlSmikllqphU/mUVk8pUcaIyVUwqU8WkMlXcoTJVTCpTxYnKVHGickfFpDJVTCp3VJyoPFExqZxUPHGx1lovcbHWWi9xsdZaL2HfeEBlqjhRuaPik1ROKu5Q+UsVT6j8pYo7VKaKSWWquEPlpOKTVKaKO1Smip+kclIxqUwVk8pU8cTFWmu9xMVaa73ExVprvYR94wepTBUnKndUnKhMFZPKHRWTylRxojJVTCpTxaRyUjGpTBUnKlPFEypTxaTyRMUTKlPFpPJExaRyUjGpTBWTylQxqUwVk8pUMamcVNyhclLxxMVaa73ExVprvcTFWmu9hH3jAZWpYlI5qbhD5aTiDpWp4kTliYpJ5Y6KJ1ROKk5UTipOVKaKSeWk4kTlkyo+SeWJiknliYpJZaq4Q+WJiicu1lrrJS7WWuslLtZa6yW+eKjiCZWpYlI5qThReUJlqphUPqliUjlR+U0VJypTxVRxUnGHyknFicpUcaIyVUwqU8VJxYnKb6qYVKaKSWWqOFGZKj7pYq21XuJirbVe4mKttV7ii19WMamcVEwqJypTxYnKScWkMlVMKicqT6icVJyonKhMFU+onFQ8UTGpPKHyl1SmikllqphUpooTlaliqphUTlROKiaVqeKJi7XWeomLtdZ6iYu11nqJLx5SmSqmikllqjhRmSpOKiaVk4oTlROVqeJE5YmKE5WTihOVSeWOiknlRGWqmFSmipOKJypOVO5QuaNiUjlROVGZKu5QeaJiUvlJF2ut9RIXa631EhdrrfUS9o0PUvmkiknlpOIJlaniRGWqmFROKk5UnqiYVKaKE5UnKk5U7qiYVKaKSeWkYlI5qbhDZao4UZkqTlROKiaVqWJSOak4UZkqTlSmiicu1lrrJS7WWuslLtZa6yW++MdUTCpTxaRyojJVTCpTxU+q+KSKE5UTlanijopJZVKZKu6omFSeqDipmFQmlSdUPqliUvmkihOVE5WpYqr4pIu11nqJi7XWeomLtdZ6iS8+rOKTKiaVOyqeULlD5Q6VqeKkYlKZKk4qJpVJZaqYVE4qJpVJZao4UblDZao4UXmi4g6Vk4pJZaq4Q+UnVZyo/KaLtdZ6iYu11nqJi7XWeokvHlKZKiaVT6qYVE5UTiomlaniROWk4qTipOIOlaniCZUTlanipOJEZaqYVE4qTlROKiaVqWJSeaLipGJSmSp+kspU8YTKScUTF2ut9RIXa631EhdrrfUS9o0PUjmpmFROKiaVqeJE5Y6KSeWOiidUTiomlZOKT1KZKiaVqWJSmSomlZOKSeWOiknlpOJE5Y6KSeWkYlI5qbhDZaqYVJ6o+E0Xa631EhdrrfUSF2ut9RJf/LCKOyomlROVk4pJ5URlqphUTlSeqDhRmSruUJkqJpWp4kTlRGWq+KSKSeVEZaqYVCaVOyomlU+qmFQmlaliUpkq7qiYVP4lF2ut9RIXa631EhdrrfUSX3xYxYnKHRWTylQxqUwqJxUnKk9UTCr/EpUnKk5UJpWp4qRiUjmpOFGZVE4qJpUTlScq7qiYVCaVqeKOikllqnhCZap44mKttV7iYq21XuJirbVewr7xgMpUMamcVEwqJxV3qNxRcaIyVTyhclIxqUwVT6hMFZPKHRUnKicVk8pJxYnKVDGpTBWTylQxqXxSxaQyVUwqJxWTylQxqUwVk8pUMalMFZPKScUTF2ut9RIXa631EhdrrfUSXzxUMalMFZPKpHJS8UTFicqJylRxojJVnFRMKj9JZaqYVKaKE5UTld+kMlXcoTJVTConFXeo3KEyVUwqJxWTyonKVHGHylTxky7WWuslLtZa6yUu1lrrJewbH6QyVZyoTBWTyknFpDJVTCpTxaQyVZyoTBWTyidVnKhMFScqd1RMKicVd6icVEwqU8WJylQxqUwVJyonFScqd1RMKndUnKicVEwqJxWTylTxSRdrrfUSF2ut9RIXa631EvaNX6RyR8WkMlVMKndUnKhMFU+onFRMKndUnKhMFZPKVDGpnFTcoTJVTCpTxaRyR8UTKk9UnKhMFXeoTBV3qEwVk8pU8YTKVPHExVprvcTFWmu9xMVaa72EfeODVJ6omFSeqJhUTiruULmjYlKZKn6TylQxqZxUnKjcUTGp3FExqUwVT6jcUXGiclLxhMpUcYfKVHGHylTxky7WWuslLtZa6yUu1lrrJewbD6hMFU+oTBV/SWWqeEJlqjhROamYVO6oOFGZKiaVk4onVKaKSeWJir+k8kTFicodFZPKVPGEylTxSRdrrfUSF2ut9RIXa631El88VDGp3FExVUwqf6liUvkklaniDpWpYlKZKiaVqeKTVE4q7lC5o2JSmVSeqLhD5SepnFRMKpPKHSr/kou11nqJi7XWeomLtdZ6CfvGAypTxaRyUnGHylQxqUwVk8onVUwqn1RxojJVPKFyR8WJyknFEypTxRMqU8WkckfFpDJVTCpTxR0qU8WkMlVMKlPFHSpTxW+6WGutl7hYa62XuFhrrZewb/wilZ9UMamcVEwqU8WkMlWcqJxUTCpTxW9SmSpOVH5SxaRyUjGpTBWTylQxqUwVk8pUMalMFScqJxWTylQxqfymihOVk4onLtZa6yUu1lrrJS7WWusl7BsPqNxRMalMFXeonFScqEwVk8pUMamcVJyoPFFxonJHxaRyR8UdKlPFEypTxaRyUnGHyh0VJyp3VEwqJxWTylRxh8odFZPKVPHExVprvcTFWmu9xMVaa73EFx9WMalMKneoTBUnFU+oTBUnFScqU8VUMalMFZPKicpUMalMFZPKVDGp3KEyVXySyonKVPFfVnFSMalMKneoTBWfVPFJF2ut9RIXa631EhdrrfUSX3yYylQxqdxRcYfKVDGpnFRMKndUTBWTyiepnKhMFScVn1TxhMpU8YTKVHGHylRxojKpTBVTxR0qJxWTyh0Vn6QyVXzSxVprvcTFWmu9xMVaa72EfeMBlaliUvlNFZPKExWTyknFpPJJFZPKExWTyr+kYlI5qThRmSpOVE4qJpWp4g6VOyruUPlJFZPKHRVPXKy11ktcrLXWS1ystdZL2Dc+SOWJihOVqWJSeaLik1Q+qeJEZaq4Q2Wq+CSVk4pPUpkqJpU7Ku5QmSomlZOKO1SmihOVk4pJZaqYVE4qJpWp4omLtdZ6iYu11nqJi7XWeokvHlI5qZhUpooTlROVqWJSeULlpOKk4kRlqvhNKlPFpDJVnKicVEwqd6hMFU9UTCp3qNyhcofKVHGHyh0Vn1Txmy7WWuslLtZa6yUu1lrrJewbD6hMFb9JZaq4Q+U3VUwqU8WJylRxh8pJxYnKVDGp3FExqUwVk8pUcaJyUnGiclLxl1SeqLhD5aTiRGWq+KSLtdZ6iYu11nqJi7XWeokvfpjKHRWTyknFHSpTxSepTBWTyonKVDFVTCpTxaRyh8oTFScqk8oTKicVJyonFX9JZao4qZhUnlCZKk5U/tLFWmu9xMVaa73ExVprvcQXP6xiUpkqJpWp4pMq7lCZKk4qfpLKHRUnKlPFT6qYVKaKk4pJZao4UfkklaliUpkqJpUnKiaVk4oTlaliUjmpOFGZVKaKJy7WWuslLtZa6yUu1lrrJewbv0hlqphUnqiYVE4qJpWp4g6VqeKTVH5TxR0qJxW/SeWk4iepnFRMKlPFpDJVnKicVEwqd1RMKlPFpDJVfNLFWmu9xMVaa73ExVprvYR944NUpoo7VKaKSeWOik9SmSruUDmpuENlqjhRmSomlTsqJpU7KiaVOypOVKaKE5UnKk5U7qiYVO6ouENlqnhCZar4SRdrrfUSF2ut9RIXa631EvaNB1SmiidUnqiYVKaKO1ROKiaVJyomlaniN6ncUXGickfFpDJVPKFyUjGpTBWTyhMVd6hMFScqn1RxonJS8UkXa631EhdrrfUSF2ut9RL2jT+kclLxhMpUMancUTGpTBWTylRxonJHxaQyVUwqU8WkMlVMKlPFpDJVnKj8pIpJZaqYVKaKSeWJiknlpGJSmSomlZOKSeWJiknliYonLtZa6yUu1lrrJS7WWuslvvjHVEwqU8UdFZPKScVfqvgklb+kckfFEyonFU9UfFLFpDKpTBV3VJxUTCpTxYnKv+RirbVe4mKttV7iYq21XuKLD1O5o+Kk4kTliYpJZar4TSonFZPKVHGHyhMqU8Wk8pdUTiqmihOVqWJSeaLik1TuqJhU7qiYVKaKSeWTLtZa6yUu1lrrJS7WWuslvnhIZao4UZlU7qiYKiaVqWJSuUPlpOKk4omKO1SmikllqphUTiruqJhUTlTuqLijYlI5qZgqnqi4Q2WqmFROKk5U7qi4o2JSmSo+6WKttV7iYq21XuJirbVewr7xi1ROKk5UTiomlScqTlSmiidUTiomlaliUrmjYlJ5ouJE5Y6KSeWTKu5QmSruUPmkihOVqWJSeaLiRGWq+KSLtdZ6iYu11nqJi7XWeokvPkxlqjipmFTuqDipeELlDpWfpDJVTCqfVHGiMlWcqNxRMal8UsWkMlWcVNyhMlVMKlPFpDJVnKicqLzJxVprvcTFWmu9xMVaa72EfeMBlaniCZWp4kRlqjhRmSomlaniDpWp4g6VT6qYVKaKSWWquEPlN1VMKicVk8odFScqU8WkckfFEyp3VEwqJxWTyknFT7pYa62XuFhrrZe4WGutl/jioYoTlaniDpUnVJ5QmSpOKiaVJyruUDmpmFSmihOVqWKqeEJlqrij4kTlpOJEZao4UTmpOFGZKk5UpopJ5YmKSeUOlZOKJy7WWuslLtZa6yUu1lrrJb74ZSp3VJyonFR8kspUcVIxqTyhMlVMFScqv0llqphUpopPUrlDZaqYKk4qJpWp4kTlRGWq+E0qJxWTylTxky7WWuslLtZa6yUu1lrrJewbD6hMFScqT1RMKicVJypTxaTySRWTylRxh8pUMamcVEwqU8WkMlXcoTJVPKHyL6m4Q2WqOFE5qThRmSpOVE4q/iUXa631EhdrrfUSF2ut9RJf/GMq7qg4UTmpuKNiUpkqJpVJ5ZMqJpWpYlJ5ouJE5aTiJ1VMKlPFpPJJKndUTCpTxVTxRMWJyhMqU8VvulhrrZe4WGutl7hYa62XsG88oPJExYnKVDGpTBVPqJxUTCp/qWJSmSpOVO6omFSmik9SmSpOVKaKE5Wp4kTlpGJS+UkV/xKVJyqeuFhrrZe4WGutl7hYa62XsG88oDJVTCpTxaRyUnGHyh0Vk8pUcaIyVUwqJxWTyidV/CWVqeJE5Y6KSeWkYlI5qThRuaPiDpU7Kp5QmSomlaniDpWp4pMu1lrrJS7WWuslLtZa6yXsGw+oTBWTylQxqdxR8UkqU8UdKlPFJ6ncUTGpnFR8kspUMan8l1R8kspU8YTKScWk8pMqJpWp4iddrLXWS1ystdZLXKy11kt88cMqTiqeULmjYqqYVKaKSeWTVKaKqeJE5ZNUpooTlaliUpkqJpWp4kTliYpJZaqYVO6omFROVE4qTiomlUllqphUpooTlaliUpkqftPFWmu9xMVaa73ExVprvcQXv0zlpGJS+SSVqWKqmFROKk5UnlCZKk5UpooTlaniROVE5UTliYp/mcpJxaQyVTxR8YTKHSpTxV+6WGutl7hYa62XuFhrrZewb/yHqdxRMalMFScqd1RMKndUTConFZPKScWJyh0Vd6hMFZPKVHGiMlXcoTJVTCpTxaRyUnGHyknFpDJVTConFXeoTBUnKlPFJ12stdZLXKy11ktcrLXWS3zxkMpvqrijYlI5UbmjYlL5SyonFZPKVHFSMamcqEwVJypPVHySylQxqZxUnKhMFScVk8odFZPKicpU8S+7WGutl7hYa62XuFhrrZf44sMqPknlpOKTKiaVJ1ROKiaVSWWqmFTuUDlROVG5o+KTVE4qTlSmipOKSeWk4kTljoo7Kk5U7qj4L7lYa62XuFhrrZe4WGutl7BvPKAyVUwqd1RMKlPFpHJScaJyUjGpnFRMKlPFpDJVnKhMFU+onFRMKr+p4kRlqphU7qiYVKaKSWWqmFSmihOVk4oTlaniROWTKu5QmSqeuFhrrZe4WGutl7hYa62X+OI/rmJSeaLipOKOipOKSWWqmComlaniRGWqOFF5ouIJlaniRGWqOFGZVKaKSWWqmFROVJ5QOak4UZkqJpWpYlK5Q+U3Xay11ktcrLXWS1ystdZLfPF/RuVEZaqYVKaKSWWqOFG5Q+WJiknlpGJSmSomlROVqeIOlTtUpoqpYlKZVE5UTiqeUDmpOFH5pIoTlZOKn3Sx1lovcbHWWi9xsdZaL/HFD6v4SypTxR0qJypTxaRyUjGpTConFXeoTBV3VEwqU8Wk8pMqJpWpYlI5qZhUPkllqphUTipOVKaKSWVSuUNlqpgq/tLFWmu9xMVaa73ExVprvcQXH6bym1SmihOVqeKJikllqphU/ktUpoqp4qRiUplUTiomlUllqphUpopJ5aTiROVE5TdVTCpTxYnKScWJylRxojJVPHGx1lovcbHWWi9xsdZaL2HfWGutF7hYa62XuFhrrZe4WGutl7hYa62XuFhrrZe4WGutl7hYa62XuFhrrZe4WGutl7hYa62XuFhrrZe4WGutl7hYa62XuFhrrZe4WGutl/gf/jyMEuZutGoAAAAASUVORK5CYII=',154,'2024-10-15 23:59:18','2024-10-15 23:59:18'),(54,'data:image/png;base64,iVBORw0KGgoAAAANSUhEUgAAAUQAAAFECAYAAABf6kfGAAAAAklEQVR4AewaftIAABmbSURBVO3BQY7cWhLAQFLo+1+ZY2iVqwcIqmr7DzLC/mCttRYXa621bhdrrbVuF2uttW4Xa621bhdrrbVuF2uttW4Xa621bhdrrbVuF2uttW4Xa621bhdrrbVuF2uttW4Xa621bhdrrbVuF2uttW4/vKTymyomlZOKSeWNiidUTipOVKaKJ1TeqJhUpopJ5aRiUjmpOFF5o2JSOamYVKaKJ1TeqHhD5YmKSWWqmFR+U8UbF2uttW4Xa621bhdrrbVuP3xYxSepnFRMKk9UnKicqEwVJxVvqEwV36QyVTxRMalMFZPKpHJScaJyojJVnKhMFScqU8VUcaJyojJV/KaKJyo+SeWTLtZaa90u1lpr3S7WWmvdfvgylScq3qg4qZhUpoqpYlI5UZkqTlSmipOKSWWqmComlaliUpkq/qaKJ1ROKk5UpoqpYlL5pooTlROVJyp+k8oTFd90sdZa63ax1lrrdrHWWuv2w3+cyhMVn1RxovKEyhsqn6QyVUwqJypTxaQyVTyh8oTKVDFVTCpTxRsqJxWTylQxVZxUvKFyUvH/5GKttdbtYq211u1irbXW7Yf/MxWTyknFpDJVTBWTyknFicrfpHJS8UbFpDJVnKhMFVPFpDJVTCqTyhMqJxWTylQxqUwqJypTxaQyVUwqT1RMKpPKVPFfdrHWWut2sdZa63ax1lrr9sOXVfwmlaniROVEZaqYKj6pYlKZVE4qnlCZKk5UTipOKk5UnlCZKiaVqWJSmSqeUJlUpoqTiidUJpWpYlKZKk5UJpWp4pMq/iUXa621bhdrrbVuF2uttW4/fJjK31QxqUwVJxWTyonKVDGpTBVvVEwqJypTxRMqU8WkcqIyVUwqU8Wk8jepTBUnFZPKVDGpTBWTylQxqbyhMlVMKicqU8WJyr/sYq211u1irbXW7WKttdbth5cq/ktUTlROVKaKSWWqeEJlqnij4l+iMlWcVEwqU8WkMlW8UfFGxUnFpDJVPKFyonKicqIyVZxU/JdcrLXWul2stda6Xay11rrZH7ygMlU8oTJVTCpPVJyoPFExqZxUTConFZPKVHGi8i+peENlqvgmlW+qmFSmijdUpopJZaqYVKaKSWWqmFS+qeJEZap442KttdbtYq211u1irbXW7YcPU5kqnlCZKiaVqeJE5ZMqJpVPqjhRmSomlaniDZWpYlKZVKaKJyqeUDmpmFSmikllqnhC5ZtUnqg4qZhUpopJ5aRiUnmiYlKZKr7pYq211u1irbXW7WKttdbN/uAFlZOKE5WpYlJ5o2JSmSpOVL6p4kTliYoTlaliUpkqJpWpYlI5qThRmSomlaliUnmi4kTlkyomlanik1ROKiaVk4oTlaniROWk4jddrLXWul2stda6Xay11rr98FLFicpUMVWcVJyoPFFxovJGxaTyhMpUMam8UTGpTBVPqJxUTConFX+TylQxqUwVJyqTylRxojJVTCpvqEwVJyonFU9UnKicVHzSxVprrdvFWmut28Vaa63bDy+pvKEyVUwqU8UTKicVU8WkMlWcqEwVb6icVEwqU8UbKlPFpDJVvKHyRsWk8kkVb1ScqEwVk8oTFZPKVDGpTBVTxaQyqTxRcVIxqUwqU8UbF2uttW4Xa621bhdrrbVuP3xZxRsVk8pJxYnKJ6lMFZPKScUTFZPKicoTKicqU8UnVUwqU8WkclLxRMWkMlVMKp9UMamcVDxRMam8UXGi8oTKScWk8kkXa621bhdrrbVuF2uttW72Bx+kclIxqTxRMamcVJyoTBUnKk9UTCpTxYnKScWkclIxqTxR8YTKGxWTyhsVJyonFScqU8WJylQxqTxRMamcVEwqb1Q8ofJExTddrLXWul2stda6Xay11rr98JLKJ1WcqEwVk8qJyhMqv0nljYpJ5Y2KSeWNikllqniiYlKZKk5UTiomlSdUTipOKk5UTio+qeJE5YmKSeUJlanijYu11lq3i7XWWreLtdZatx++rGJSeUJlqphUpoo3VE4q3qiYVKaKJ1ROKt5QmSomlZOKSeUJlaniCZVPqphUpooTlW9SOal4Q+WbKk5UvulirbXW7WKttdbtYq211u2HD6v4pIpJZap4o+JE5Q2Vk4oTlTdUpoqp4kRlUpkqPknljYpJZao4UXmiYlKZKt5QOak4UTlROak4UZkqJpUnVE4qJpVPulhrrXW7WGutdbtYa611sz/4IJWpYlKZKiaVk4pJ5aRiUjmpmFSmiknlpGJSmSpOVE4qTlROKp5QOamYVE4qJpWp4kRlqnhD5YmKSeWNim9SmSomlZOKSeWk4kRlqphUpopvulhrrXW7WGutdbtYa611++EllanipGJSmSqeqPibKk5UTlSmiqliUplUpopvqjhRmSomlSdUnlA5qZhUTiomlScqPkllqphUTiomlaniROUJlU9SmSo+6WKttdbtYq211u1irbXW7YcvU3lC5YmKSWWqmCreUHmi4kTlRGWqmFQmlZOKSWWqmFSmin9ZxYnKJ6lMFZPKVDGpfFPFScWkclIxqXySyt90sdZa63ax1lrrdrHWWutmf/BBKk9UfJPKVPGEylRxojJVTConFScqU8WJyknFpPJExaQyVTyhclIxqUwVk8o3VUwqv6niCZVPqphUpopJZap4QuWk4o2LtdZat4u11lq3i7XWWrcfXlI5qZhUJpUnKiaVqWKqmFSeqJhUpoqpYlJ5QmWqmComlaliqphUnqiYVCaVN1SmiknlpOJfUjGpTBWTyiepTBUnFU+onFQ8oXJScVLxSRdrrbVuF2uttW4Xa621bvYHH6RyUnGiMlVMKlPFpDJVTCpTxYnKVDGpnFScqJxUTCpTxYnKVPGGyknFGypTxaTyRMWJyknFpDJVvKHymypOVKaKE5U3KiaVk4pvulhrrXW7WGutdbtYa611sz/4IJWTiknlmyomlScqJpU3Kp5QmSomlX9JxYnKVHGi8kkVk8o3VZyoTBWTyhsVJypTxRMqf1PFJ12stda6Xay11rpdrLXWuv3wYRUnKicVT6h8k8pJxaQyVUwqU8WkcqJyUvGEyhsVT1RMKlPFScUTKk9UPKEyVUwqU8UbFZPKVDGpPKFyUnFS8YTKVHGi8k0Xa621bhdrrbVuF2uttW4/fJjKVDFVTConKlPFScVJxYnKVDGpTCpTxRMqJxUnKicqU8VJxaQyVUwqJxWfpPKbVKaKN1Smim+qmFSmihOVSeUJlaniRGWqmCq+6WKttdbtYq211u1irbXW7YeXVL6p4gmVqWJSmSqmikllqphUJpWTiknlRGWqeKLiCZWp4g2VqeKJihOVqWJSeaPijYo3KiaVqeKJikllqpgqJpUnKt5QmSq+6WKttdbtYq211u1irbXWzf7gBZWpYlL5TRVPqJxUTCpPVEwqU8WJylQxqXxSxaTyRMWk8kbFpPJfUvGEyhMVf5PKv6TijYu11lq3i7XWWreLtdZaN/uDD1KZKk5UpooTlZOKJ1TeqDhR+aaKJ1SmikllqphU3qiYVJ6oOFE5qZhUnqg4UXmiYlJ5o+IJlZOKN1Smin/ZxVprrdvFWmut28Vaa62b/cELKlPFpHJSMal8UsWkclJxonJScaLySRVPqDxR8TepnFRMKicVk8pUMamcVJyonFRMKicVk8pJxSepTBWTylTxSSpTxSddrLXWul2stda6Xay11rrZH7yg8kTFpDJVPKEyVUwqU8UTKlPFpDJVfJLKScWkclJxonJScaJyUnGiMlVMKlPFpDJVfJLKVPGEyhMVT6g8UfGGylRxovJExaQyVXzSxVprrdvFWmut28Vaa62b/cEHqUwVT6icVEwqJxUnKlPFicobFScqT1S8ofJExYnK31QxqZxUTCqfVHGiMlWcqEwVk8pJxaRyUjGpTBUnKlPFEypPVLxxsdZa63ax1lrrdrHWWutmf/CCylRxojJVPKFyUjGpnFS8ofJNFZPKVDGpTBUnKlPFpHJSMalMFScqU8WkMlVMKlPFEyonFU+onFQ8ofJGxYnKVDGpTBUnKicVk8pU8TddrLXWul2stda6Xay11rr98GEqU8VUcaJyUjGpnFRMKk+ovFHxhMonqZxUTCpTxYnKVPFExUnFpDJVnKhMFVPFpHKiMlVMFZPKpDJVPFExqbxRMam8UfGGyknFN12stda6Xay11rpdrLXWuv3wy1SmipOKJ1SmijcqJpWTihOVqeJEZap4ouJE5UTlpGJS+U0qU8VUMalMFVPFpHKiclIxqUwqU8WJylRxonJScVJxojJVfFLFpDJVfNLFWmut28Vaa63bxVprrdsPL1WcqJyonKhMFU+onKg8UTGpPFHxRMWJyonKVHFS8UbFpDJVnKhMFScqJypvVDyhMql8k8pUMVWcqEwVn6QyVZxUTCpTxaQyVbxxsdZa63ax1lrrdrHWWutmf/CCyknFpPJExYnKVDGpnFRMKlPFEypPVEwqJxWTylRxojJVTCpPVEwqJxWTyknFEyonFZPKVDGpTBXfpPJJFScqT1ScqLxRcaIyVXzSxVprrdvFWmut28Vaa63bDy9VnKicVJyovFExqUwqT6hMFScVk8pJxaRyUvGGyknFpHJSMalMKlPFicpUMalMFZPKScVJxTepTBVPqDyhclJxojJVnFQ8ofKEylTxxsVaa63bxVprrdvFWmut2w8fpjJVnKhMFVPFicqJyknFicpU8UbFpDJVPKEyVUwqU8WJyqQyVXySylQxVUwqJypTxRMqJxVPqEwVU8Wk8i+rmFSmiknliYpJZaqYVD7pYq211u1irbXW7WKttdbthy9TmSpOVJ6oOKk4UTmpOFF5o2JSmSomlTdUTiomlROVqWKqmFSmiknljYoTlanipOJE5ZMqJpUnKt5QeUPlkyomlW+6WGutdbtYa611u1hrrXWzP/iHqEwVJyonFScqJxUnKr+pYlJ5omJSOamYVKaKSeWk4gmVqWJSOak4UZkqJpWp4kRlqjhRmSpOVKaKE5Wp4kRlqnhC5aRiUjmpOFGZKt64WGutdbtYa611u1hrrXWzP/gglaniCZVvqphUpoonVKaKSWWqOFF5ouJEZao4UfmkikllqjhRmSpOVJ6oeEJlqnhD5aTiROWNiidUPqliUnmi4pMu1lpr3S7WWmvdLtZaa91++GUqU8VJxaQyVUwqU8WkcqIyVZxUvKEyVXxSxaRyUvFJKlPFN1WcqJyoPKEyVUwqJxWTyqQyVTxRMalMKlPFpPJExYnKpHJSMal808Vaa63bxVprrdvFWmut2w8vqUwVk8qJyonKicpU8UTFicoTFZ+kMlVMKp+k8kbFVHGiclLxhsqJyr+s4pMqJpVJZao4UZlU3qj4my7WWmvdLtZaa90u1lpr3X54qWJSmSomlZOKJ1SeqPgmlaliUpkqPqniCZWTikllqphUpoonKp5QOak4UZkqnlCZVKaKJyomlScqTlS+qeIJlX/JxVprrdvFWmut28Vaa63bDy+pPFExqZyoTBUnKlPFpHJSMVWcqDxRMalMFVPFpPKEylTxhMobKicVT6g8ofKGylTxhMpU8UTFpPKEylQxqZyovKEyVTyhMlV808Vaa63bxVprrdvFWmut2w8vVZyovFHxSRWTyonKVPGbVN6oeKLiCZWpYlI5UZkqJpWTiknlpGJSOal4o2JSmSomlaliqphUTiomlZOKSeWNiidUpopJZar4pIu11lq3i7XWWreLtdZaN/uDD1I5qZhUvqniCZWp4g2VqWJS+X9ScaLyRMUbKlPFpPJJFZPKVPGEylQxqZxUTConFZPKVDGpfFPFpHJS8cbFWmut28Vaa63bxVprrZv9wQsqJxWTyknFicpJxRMqT1Q8oTJVnKicVJyoTBVvqJxUnKh8UsUbKlPFpHJSMak8UTGpTBW/SeWk4kRlqphUpopJ5aTiRGWqeONirbXW7WKttdbtYq211u2HD6t4omJSOak4UTmpmComlROVJypOVKaKb1J5ouJE5Y2KT1KZKqaKSeWk4o2KSWWqOFE5qXhCZaqYVCaVqeKJiicqJpXfdLHWWut2sdZa63ax1lrr9sNLFZPKVDFVPFFxojJVPKHyRMWJyhMVJyonFVPFScWkMlVMKlPFScWJyqTyRMVJxaRyUjGpnKh8k8pUcaIyVXxSxaTyhMpUMVU8UfFNF2uttW4Xa621bhdrrbVu9gdfpDJVnKg8UTGpTBWTylTxhMpU8YTKExUnKicVk8pJxRMqU8Wk8kbFJ6m8UTGpTBWTyknFpPJGxaQyVUwqJxUnKp9UcaJyUvHGxVprrdvFWmut28Vaa63bDx+m8oTKScWJym+qOFF5ouIJlaliUjmpmFQmlaniCZWTikllqjhRmSomlaliqphUpooTlaliUpkqTlSmiknlb1KZKk4qJpU3VH7TxVprrdvFWmut28Vaa63bD79MZaqYVCaVk4pJ5ZtUpoqTiidUnlCZKiaVqWKqmFROVKaKSeVEZap4Q+UJlSdUpopJ5URlqviXVEwqU8WkcqIyVbxRcaLySRdrrbVuF2uttW4Xa621bj98WMWkMlVMKicVk8onqTxRMalMFZPKScVU8YTKScWkMlV8UsU3VUwqb1RMKlPFpDJVvFFxUjGpnKg8oTJVPFHxSSpPVHzSxVprrdvFWmut28Vaa62b/cELKicVT6g8UfGEyjdVTConFScqU8WkclJxojJVTCpvVJyonFQ8oXJSMamcVEwqT1Q8oTJVTConFZPKVDGpnFR8k8pUMak8UfHGxVprrdvFWmut28Vaa63bD1+mMlVMKlPFicqkclIxVUwqU8WkMlW8UTGpTBVTxUnFEypPVJyoPKFyUjGpnFRMFZPKJ1WcqEwqJxUnKlPFpHJSMalMFZPKpDJVTCpTxYnKGxWTyiddrLXWul2stda6Xay11rr98GEVk8qkMlVMKicVb6hMFScVb1T8SyomlUllqjipmFSeqJhUnlCZKt6omFSmiknlDZWpYlI5qZhUpoqpYlJ5o2JSeaJiUpkqJpVvulhrrXW7WGutdbtYa611++HDVE4qJpWp4kTlpOINlZOKSeWkYlKZKiaVk4onVKaKk4oTlSdUpopvUpkqTiomlaliUjmpmFSmihOVqWJSmSo+qeIJlaniRGVSOVH5TRdrrbVuF2uttW4Xa621bvYHL6hMFW+ovFExqUwVb6icVEwqU8UTKicVJyonFU+onFRMKicVJypTxaQyVZyovFHxSSpTxYnKVHGiMlWcqJxUTCpPVEwqb1R80sVaa63bxVprrdvFWmut2w8fpnJSMalMFU+oTCpTxRMqJxWTyqQyVTyhMlW8UTGpTCpPVDxRMal8UsWJylQxqUwVT6hMFZPKVPGEylQxqUwVb1RMKk9UvFHxN12stda6Xay11rpdrLXWuv3wZRWTylQxqZxUTBWTyqQyVZxUTCqfpHJS8YTKN1V8k8pUcaIyVUwqJypTxYnKb1I5UTlRmSomlaliUpkq3lCZKqaKE5Wp4psu1lpr3S7WWmvdLtZaa91+eKniDZWp4kTlDZWTiqniiYpvUjmp+CSVqWJSmSomlZOKk4pJ5aTiDZWp4m+qmFSmikllUjlR+SSVqWJSmSreUJkq3rhYa611u1hrrXW7WGutdbM/eEFlqnhCZaqYVKaKE5Wp4pNUpopJ5aTik1Q+qeIJld9UMak8UTGpfFPFEypvVEwqU8WkMlU8ofJJFU+oTBVvXKy11rpdrLXWul2stda62R/8h6lMFZPKGxVvqJxUnKg8UfGEyidVvKFyUvGEyhMVT6g8UTGpPFExqZxUvKHyRMUTKlPF33Sx1lrrdrHWWut2sdZa6/bDSyq/qeKJiidUnlA5qZhUJpWp4pNUpoo3Kt5QeUNlqphUTiomlROVqeKbKiaVSWWqeEJlqphUTiomlROVqeJE5aTimy7WWmvdLtZaa90u1lpr3X74sIpPUjmpmFSmihOVqeJE5aRiUjmp+KaKNyreUDmpeEJlUjmpeKPiiYpJZVKZKiaVqeJEZaqYVKaKSWWq+KSKJyomld90sdZa63ax1lrrdrHWWuv2w5epPFHxhMpU8UTFpPKGylQxqTxRMamcqHySylRxovKEyidVvKHyhspUMak8oTJVnKhMFZPKVDGpvKHyX3ax1lrrdrHWWut2sdZa6/bDf1zFpHJS8UTFEyqTylTxhMpUMalMFU+oTBUnKlPFScWJyknFEypTxaRyUjGpnFRMKpPKicpUMamcVLyhMlVMKlPFpDJVTConFW+oTBVvXKy11rpdrLXWul2stda6/fB/rmJSOak4UfkklaliqnhCZaqYVKaKv6niROWkYqr4pIoTlaliUpkqJpVJ5URlqphUpoqTiknlDZWTikllqjhRmSo+6WKttdbtYq211u1irbXW7Ycvq/ibVE4q3qg4UXlC5aTijYpJ5aRiqjipOFGZKiaVJ1SmipOKSeVE5ZNU3qh4QmWqOKk4UZkqTlROKk4qJpVvulhrrXW7WGutdbtYa611++HDVH6TylQxqUwVk8pU8UkVk8pUMam8UTGpTBVTxaQyqUwVn6TyRsWJyhMqJxUnKk9UnKhMKicVJyonFZPKEyonKicVT6hMFW9crLXWul2stda6Xay11rrZH6y11uJirbXW7WKttdbtYq211u1irbXW7WKttdbtYq211u1irbXW7WKttdbtYq211u1irbXW7WKttdbtYq211u1irbXW7WKttdbtYq211u1/Wb9YVzHoR5cAAAAASUVORK5CYII=',156,'2024-10-16 23:19:34','2024-10-16 23:19:34'),(55,'data:image/png;base64,iVBORw0KGgoAAAANSUhEUgAAAUQAAAFECAYAAABf6kfGAAAAAklEQVR4AewaftIAABmLSURBVO3BQY7cWhLAQFLo+1+Z09AqVw8QVGX7DzLCfrHWWouLtdZat4u11lq3i7XWWreLtdZat4u11lq3i7XWWreLtdZat4u11lq3i7XWWreLtdZat4u11lq3i7XWWreLtdZat4u11lq3i7XWWrcfXlL5kyomlZOKSeWNiidUTipOVKaKN1SeqJhUpopJ5aRiUjmpOFF5o2JSOamYVKaKJ1TeqHhD5YmKSWWqmFT+pIo3LtZaa90u1lpr3S7WWmvdfviwik9SOamYVJ6omFSeUHmi4g2VqeJEZao4UZlUpoonKiaVqWJSmVROKk5UTlSmihOVqeJEZaqYKk5UTlSmij+p4omKT1L5pIu11lq3i7XWWreLtdZatx++TOWJijcqTiomlSdUPkllqpgqTlSmiqliUnmi4m+qeELlpOJEZaqYKiaVb6o4UTlReaLiT1J5ouKbLtZaa90u1lpr3S7WWmvdfviPU3mi4omKSWWqOFGZVE5UpoonVJ6omFQmlaliUjlRmSomlaniCZUnVKaKqWJSmSreUDmpmFSmiqnipOINlZOK/ycXa621bhdrrbVuF2uttW4//J+peKJiUplUpopJZao4qZhUTlSmik9SOal4o2JSmSpOVKaKqWJSmSomlUnlCZWTikllqphUJpUTlaliUpkqJpUnKiaVSWWq+C+7WGutdbtYa611u1hrrXX74csq/iSVk4pJ5Y2KT6o4UTmpeEJlqjhROak4qThReUJlqphUpopJZap4QmVSmSpOKp5QmVSmikllqjhRmVSmik+q+JdcrLXWul2stda6Xay11rr98GEqf1PFpPJExaRyojJVfJLKVDGpnKhMFU+oTBWTyonKVDGpTBWTyt+kMlWcVEwqU8WkMlVMKlPFpPKGylQxqZyoTBUnKv+yi7XWWreLtdZat4u11lq3H16q+C9RmSomlROVE5Wp4gmVqeKNin+JylRxUjGpTBWTylTxRsUbFScVk8pU8YTKicqJyonKVHFS8V9ysdZa63ax1lrrdrHWWutmv3hBZap4QmWqmFSeqDhRmSomlaniDZU3Kk5U/iUVb6hMFd+k8k0Vk8pU8YbKVDGpTBWTylQxqUwVk8o3VZyoTBVvXKy11rpdrLXWul2stda6/fBhKlPFEypTxaQyVZyo/EsqJpWp4kRlqphUpoo3VKaKSWVSmSqeqHhC5aRiUpkqJpWp4gmVb1J5ouKkYlKZKiaVk4pJ5YmKSWWq+KaLtdZat4u11lq3i7XWWjf7xQsqJxUnKlPFpPJGxYnKVDGpnFRMKicVT6hMFZPKVHGiMlVMKlPFpDJVTConFScqU8WkMlVMKk9UnKh8UsWkMlV8kspJxaRyUnGiMlWcqJxU/EkXa621bhdrrbVuF2uttW72iy9SmSo+SeWk4gmVNyomlZOKSWWqmFROKp5QmSpOVJ6omFROKk5UpopJ5YmKSWWqmFSmihOVk4oTlaliUvmkihOVk4pPUjmp+KSLtdZat4u11lq3i7XWWrcfPkzlk1SmiidUTiqmikllqjhRmSreUJkqTlSmikllqjhRmSomlaniDZU3KiaVT6p4o+JEZaqYVJ6omFSmikllqpgqJpVJ5YmKk4pJZVKZKt64WGutdbtYa611u1hrrXX74SWVqeJEZaqYVKaKSeWk4kTlk1SmiknlpOINlROVJ1ROVKaKT6qYVKaKSeWk4omKSWWqmFQ+qWJSOal4omJSeaPiROUJlZOKSeWTLtZaa90u1lpr3S7WWmvd7BcvqEwVb6g8UfGGyknFpPJExaQyVUwqT1RMKlPFpPJGxRMqb1RMKm9UnKicVJyoTBUnKlPFpPJExaRyUjGpvFHxhMoTFd90sdZa63ax1lrrdrHWWuv2w4epnFQ8UTGpTConFZPKVDGpTConFZPKpPInVTxRMalMFZPKGxWTylTxRMWkMlWcqJxUTCpPqJxUnFScqJxUfFLFicoTFZPKEypTxRsXa621bhdrrbVuF2uttW4/fFjFEyonKicVT1RMKm+oTBWTyonKVPGEyhMVk8qJylQxqZxUTCpPqEwVT6h8UsWkMlWcqHyTyknFGyrfVHGi8k0Xa621bhdrrbVuF2uttW4/fJnKScWkMlW8oTJV/EkVJyqTylQxqTxRMalMFScqk8pU8Ukqb1RMKlPFicoTFZPKVPGGyknFicqJyknFiconqZxUTCqfdLHWWut2sdZa63ax1lrrZr/4IJWpYlKZKk5UpopJ5aTiCZU3KiaVJyomlaliUpkqJpUnKk5UTiomlZOKSWWqOFGZKt5QeaJiUnmj4ptUpopJ5aRiUjmpOFGZKiaVqeKbLtZaa90u1lpr3S7WWmvdfnhJZao4qZhUTipOKp5QeaLiROWJiicqJpWp4omKSeWJihOVqWJSeULlCZWTiknlpGJSeaLik1SmiknlpGJSmSpOVJ5Q+SSVqeKTLtZaa90u1lpr3S7WWmvdfvgylTdUTireqHhCZap4QuWJiqniROWTVKaKf1nFiconqUwVk8pUMal8U8VJxaRyUjGpfJLK33Sx1lrrdrHWWut2sdZa62a/+CCVk4pvUpkqJpUnKiaVk4onVKaKSeWk4kTlpGJSeaJiUpkqnlA5qZhUpopJ5ZsqJpU/qeIJlU+qmFSmikllqnhC5aTijYu11lq3i7XWWreLtdZatx9eUnlD5YmKSWWqmFSmiknliYpJ5ZNUpopJZVKZKqaKSeWJikllUnlDZaqYVE4q/iUVk8pUMal8kspUcVLxhMpJxRMqJxUnFZ90sdZa63ax1lrrdrHWWutmv/gglaniCZWpYlKZKiaVqeINlaliUjmpOFE5qThRmSomlaniDZWTijdUpopJ5YmKE5WTikllqnhD5U+qOFGZKk5U3qiYVE4qvulirbXW7WKttdbtYq211s1+8YLKScWk8idVTCpPVEwqb1Q8ofJfUnGiMlWcqHxSxaTyTRUnKlPFpPJGxYnKVPGEyt9U8UkXa621bhdrrbVuF2uttW4//GMqnlD5JpWTikllqphUpopJ5aRiUpkqnlB5o+KJikllqjipeELliYonVKaKSWWqeKNiUpkqJpUnVE4qTiqeUJkqTlS+6WKttdbtYq211u1irbXW7YcvU3lDZao4qTipOFGZKiaVSWWqeEJlqvgklanipGJSmSomlZOKT1L5k1SmijdUpopvqphUpooTlUnlCZWp4kRlqpgqvulirbXW7WKttdbtYq211u2HD6s4UXmi4gmVJyqeqJhUTlSmikllUjmpeKLiCZWp4g2VqeKJihOVqWJSeaPijYo3KiaVqeKJikllqpgqJpUnKt5QmSq+6WKttdbtYq211u1irbXWzX7xF6l8UsWkMlVMKt9UMalMFScqU8Wk8kkVk8oTFZPKGxWTyn9JxRMqT1T8TSr/koo3LtZaa90u1lpr3S7WWmvd7BcvqJxUfJLKScUTKlPFpHJScaLyRMWJylTxhMpUMalMFZPKGxWTyhMVJyonFZPKExUnKk9UTCpvVDyhclJxonJS8YTKVPEnXay11rpdrLXWul2stda62S++SOWbKiaVqWJSOak4UTmpOFH5pIonVJ6o+JtUTiomlZOKSWWqmFROKk5UTiomlZOKSeWk4pNUpooTlaniRGWqmFSmik+6WGutdbtYa611u1hrrXWzX7yg8kTFpHJScaIyVUwqU8UTKlPFJ6lMFZPKScWkMlU8oXJScaJyUnGiMlVMKlPFpDJVfJLKVPGEyhMVT6g8UfGGylQxqUwVk8pUMamcVHzSxVprrdvFWmut28Vaa62b/eKDVKaKE5WpYlKZKk5UpopJZap4Q+WJiknljYpJ5aRiUnmi4kTlb6qYVE4qJpVPqjhRmSpOVKaKSeWkYlI5qZhUpooTlaniROWNijcu1lpr3S7WWmvdLtZaa93sFy+oTBUnKlPFGypTxaQyVUwqU8WJylQxqXxSxaQyVUwqU8WkclIxqZxUTCpTxYnKVDGpTBWTylTxhMpJxRMqJxVPqLxRcaIyVUwqU8WJyknFv+xirbXW7WKttdbtYq211s1+8YLKScUTKicVk8pU8Ukqb1ScqJxUTCpTxYnKVHGiMlWcqEwV36QyVZyoTBUnKlPFpDJVnKicVJyoTBWTyknFEyonFd+kclLxTRdrrbVuF2uttW4Xa621bvaLF1ROKiaVqWJSmSpOVE4qvkllqnhD5aTiDZVPqphU/qaKE5Wp4kTljYpJ5aTiRGWqOFE5qZhUpooTlaniCZWTikllqviki7XWWreLtdZat4u11lq3H16qOFE5UTlRmSqeUPmkij+p4kRlqnij4o2KSWWqOFGZKk5UTlTeqHhCZVJ5Q+VEZaqYKk5UpopPUpkqTiomlaliUpkq3rhYa611u1hrrXW7WGutdbNfvKByUjGpPFFxojJVTConFZPKVPGEyhMVk8pJxRsqU8Wk8kTFpHJSMamcVDyhclIxqUwVk8pU8U0qn1RxovJExYnKGxUnKlPFJ12stda6Xay11rpdrLXWuv3wYRWTyknFicpJxaQyVUwqk8oTKlPFScWkclIxqbyhcqJyUjGpnFRMKpPKVHGiMlVMKlPFpHJScVLxTSpTxRMqT6icVJyoTBUnFU+oPKEyVbxxsdZa63ax1lrrdrHWWuv2w4epTBUnKlPFVPFNFZPKpDJVnFRMKlPFpPKEylTxRMWJyqQyVXySylQxVUwqJypTxRMqJxVPqEwVU8Wk8i+rmFSmiknliYpJZaqYVD7pYq211u1irbXW7WKttdbNfvEHqfxJFScqJxUnKk9UvKFyUjGpPFExqUwVk8pUcaIyVUwqb1ScqEwVk8pUcaLyRMUTKk9UnKj8yypOVE4q3rhYa611u1hrrXW7WGutdbNffJHKVHGiMlVMKm9UTConFScqJxWTyhsVk8oTFZPKScWkMlVMKicVT6hMFZPKScWJylQxqUwVJypTxYnKVHGiMlWcqEwVJypTxRMqJxWTyknFicpU8cbFWmut28Vaa63bxVprrZv94oNUpooTlScqTlROKiaVqWJSmSomlaniDZUnKk5UpooTlU+qmFSmihOVqeJE5YmKJ1SmijdUTipOVN6oeELliYpJZaqYVJ6o+KSLtdZat4u11lq3i7XWWrcf/jCVqWJSmSreqJhUpopJZap4Q2WqmFSmim9SOan4JJWp4psqTlROVJ5QmSomlZOKSWVSmSqeqJhUJpWpYlJ5ouIJlZOKSeWbLtZaa90u1lpr3S7WWmvdfnhJZaqYVE5UTlSeqHhCZaqYVKaKN1SeUJkqJpVPUnmjYqo4UTmpeEPlROVfVvFJFZPKpDJVnKhMKm9U/E0Xa621bhdrrbVuF2uttW4/vFQxqUwVk8pJxRMqf1PFpDJVTCrfVPGEyknFpDJVTCpTxRMVT6icVJyoTBVPqEwqU8UTFScqJxUnKt9U8YTKv+RirbXW7WKttdbtYq211u2Hl1SeqJhUTlSmihOVqeKk4qRiUvmTKiaVJ1SmiidU3lA5qXhC5QmVN1SmiidUpoo/SWWqmFROVN5QmSqeUJkqvulirbXW7WKttdbtYq211u2HlypOVN6o+KSKSWWqmFSmiknlm1TeqHii4gmVqWJSOVGZKiaVk4pJ5aRiUjmpeKNiUpkqJpWpYqqYVE4qJpWTiknljYonVKaKSWWq+KSLtdZat4u11lq3i7XWWjf7xQepnFRMKt9U8YTKVPGGylQxqfw/qThReaLiDZWpYlL5pIpJZap4QmWqmFROKiaVk4pJZaqYVL6pYlI5qXjjYq211u1irbXW7WKttdbNfvGCyknFEypTxYnKVPGEyhMVT6hMFScqJxUnKlPFGyonFScqn1TxhspUMamcVEwqT1RMKlPFn6RyUnGiMlVMKlPFpHJScaIyVbxxsdZa63ax1lrrdrHWWuv2w4dVTCpTxRMqU8VUMamcVEwVk8qJyknFVHGiMlV8k8pUMalMFScqb1R8kspUMVVMKicVb1RMKlPFicpJxRMqU8WkMqlMFU9UPFExqfxJF2uttW4Xa621bhdrrbVuP3yYylTxRsWJyknFExVPqEwqU8VJxaTyRMUnVUwqU8VJxYnKpPJExUnFpHJSMamcqHyTylRxojJVfFLFpPKEylQxVTxR8U0Xa621bhdrrbVuF2uttW72iy9SmSpOVJ6omFSmim9SmSpOVKaKE5Wp4kRlqvgmlaliUnmj4pNU3qiYVKaKSeWkYlJ5o2JSmSomlZOKE5VPqjhROal442KttdbtYq211u1irbXW7YcPU5kqTlROKk5UTlSeqHiiYlKZKqaKE5U/SeWk4gmVk4pJZao4UZkqJpWpYqqYVKaKE5WpYlKZKk5UpopJ5W9SmSpOKiaVN1T+pIu11lq3i7XWWreLtdZatx++TOWkYlKZVE4qTlTeUHlDZap4omJSOamYVKaKqWJSOVGZKiaVE5Wp4g2VJ1SeUJkqJpUTlaniX1IxqUwVk8qJylTxRsWJyiddrLXWul2stda6Xay11rr98GEVk8pUMamcVEwqJypTxRsVk8pJxaQyqUwVJypTxaRyUjGpTBWfVPFNFZPKGxWTylQxqUwVb1ScVEwqJypPqEwVT1R8ksoTFZ90sdZa63ax1lrrdrHWWutmv3hB5aTiCZUnKk5UpopJZaqYVE4qJpWTiidUpopJ5aTiRGWqmFTeqDhROal4QuWkYlI5qZhUnqh4QmWqmFROKiaVqWJSOan4JpWpYlJ5ouKNi7XWWreLtdZat4u11lq3H75M5YmKE5VJ5ZNU3qg4UZkqJpWp4qTiCZUnKk5UnlA5qZhUTiqmiknlkypOVCaVk4oTlaliUjmpmFSmikllUpkqJpWp4kTljYpJ5ZMu1lpr3S7WWmvdLtZaa91++LCKE5WpYlI5qfimiidUpopJ5YmKP6liUpkqTiomlScqJpUnVKaKNyomlaliUnlDZaqYVE4qJpWpYqqYVN6omFSeqJhUpopJ5Zsu1lpr3S7WWmvdLtZaa93sFy+oPFExqUwVJyonFScqU8Wk8kkVT6icVEwqU8Wk8kTFicobFScqn1TxhMpUMamcVEwqU8WJylQxqUwVk8pUcaIyVTyhMlWcqHxTxRsXa621bhdrrbVuF2uttW72ixdUpopJ5aTiROWk4kRlqnhD5aRiUpkqnlA5qThROal4QuWkYlI5qThRmSomlaniROWNik9SmSpOVKaKE5Wp4kTlpGJSeaJiUnmj4pMu1lpr3S7WWmvdLtZaa91++DCVqWJSmVSmiqliUjlRmSqeUDmpmFQmlaniCZWpYlKZVKaKJ1SeqHiiYlL5pIoTlaliUpkqnlCZKiaVqeIJlaliUpkq3qiYVJ6oeKPib7pYa611u1hrrXW7WGutdfvhL6uYVJ5QOVGZKr6p4kTlpOKk4kRlqjhROan4JpWp4kRlqphUTlSmihOVP0nlROVEZaqYVKaKSWWqeENlqnhCZar4pou11lq3i7XWWreLtdZatx9eqnhDZao4UXlD5YmKN1SeUJkq3lA5qThRmSomlaliUjmpOKmYVE4q3lCZKv6mikllqphUJpUTlU9SmSpOKt5QmSreuFhrrXW7WGutdbtYa611s1+8oDJVPKEyVUwqU8UTKlPFGypTxSepnFRMKp9U8YTKn1QxqTxRMal8U8UTKm9UTCpTxaQyVTyh8kkVT6hMFW9crLXWul2stda6Xay11rrZL/7DVD6p4g2VqWJSmSpOVKaKSWWqeELlkyreUDmpeELliYonVJ6omFSeqJhUTireUHmi4gmVqeJvulhrrXW7WGutdbtYa611++EllT+p4qRiUpkqTlROKiaVN1SmihOVJ1Smijcq3lB5Q2WqmFROKiaVE5Wp4psqJpVJZap4QmWqmFROKiaVE5Wp4kTlpOKbLtZaa90u1lpr3S7WWmvdfviwik9SOamYVKaKJypOVE4qJpWTiicqJpWTijcq3lA5qXhCZVI5qXij4omKSWVSmSpOKk5UpopJZaqYVKaKE5UnKv5LLtZaa90u1lpr3S7WWmvdfvgylScqnlCZKk5U3qiYVCaVqWJSeaJiUjlR+SSVqeJE5QmVT6p4Q+UNlaliUjlRmSqeUJkqJpWpYlJ5Q+WTKv6ki7XWWreLtdZat4u11lq3H/7jKiaVT6qYVJ5QmSqeUJkqJpWp4kRlqnhCZao4qThROal4QmWqmFROKiaVk4pJZVI5UZkqJpWpYqp4Q2WqmFSmikllqphUTipOVKaKSWWqeONirbXW7WKttdbtYq211u2H/3MVk8pU8S+reEJlqjhRmSr+pIoTlZOKqeKTKk5UpopJZaqYVCaVE5WpYlKZKk4qJpUTlROVk4pJZao4UZkqPulirbXW7WKttdbtYq211u2HL6v4m1Q+qeIJlUnljYo3KiaVSWWqmCpOKk5UpopJ5QmVqeKkYlI5UfkklTcqnlCZKk4qTlSmihOVk4qTiknlmy7WWmvdLtZaa90u1lpr3ewXL6j8SRWTylQxqUwVk8pUcaIyVTyhMlVMKicVk8pUMalMFScqJxVvqHxSxYnKJ1WcqDxRcaLyRMWJyknFpHJSMam8UXGiclLxxsVaa63bxVprrdvFWmutm/1irbUWF2uttW4Xa621bhdrrbVuF2uttW4Xa621bhdrrbVuF2uttW4Xa621bhdrrbVuF2uttW4Xa621bhdrrbVuF2uttW4Xa621bhdrrbVu/wNsZUBpRQFghAAAAABJRU5ErkJggg==',157,'2024-10-17 00:10:19','2024-10-17 00:10:19'),(56,'data:image/png;base64,iVBORw0KGgoAAAANSUhEUgAAATQAAAE0CAYAAACigc+fAAAAAklEQVR4AewaftIAABcdSURBVO3BQW7s2pLAQFLw/rfM9jBHBxBU5Xe/OiPsF2ut9QIXa631EhdrrfUSF2ut9RIXa631EhdrrfUSF2ut9RIXa631EhdrrfUSF2ut9RIXa631EhdrrfUSF2ut9RIXa631EhdrrfUSF2ut9RI/PKTylyruUDmp+Jeo3FFxh8pUMalMFZPKVDGpTBWTyknFpHJSMamcVNyhclIxqUwVk8pJxYnKVDGpPFExqfyliicu1lrrJS7WWuslLtZa6yV++LCKT1K5Q2WquENlqphUpopJZaqYVKaKqeIOlSdUPqnipOK/pDJVTConFZPKicodKp9U8UkVn6TySRdrrfUSF2ut9RIXa631Ej98mcodFXeo3KFyUnFSMalMFZPKVPFNFZPKHRWTylRxojJVTConFXeoTBWTylRxR8UnVUwqd1RMKicqU8UnqdxR8U0Xa631EhdrrfUSF2ut9RI//D9XMalMFd+kclIxqZyo3FHxSRXfVDGp3KFyh8pUcVJxojJVnKhMKlPFEypTxf+yi7XWeomLtdZ6iYu11nqJH9aRyknFpDJVPKFyUvFNFZPKN6mcqNxR8S+pOFG5Q+WOije7WGutl7hYa62XuFhrrZf44csq/iUVJxWTylRxUjGpTBUnFZPKVDGpTBUnKlPFpDJV3FFxh8pUMalMFZPKicpUcYfKVHGHyknFExUnKicVT1T8Sy7WWuslLtZa6yUu1lrrJX74MJX/UsWkMlVMKlPFHSpTxb9EZaqYVKaKSWWqmFROVKaKf4nKVPFNFZPKVDGpTBWTylRxh8pUcaLyL7tYa62XuFhrrZe4WGutl7Bf/A9T+aaKO1SmiknlpOJEZaqYVKaKO1ROKiaVqeIOlaliUnmi4g6VqWJSOamYVO6ouEPlpGJSOan4X3ax1lovcbHWWi9xsdZaL2G/eEBlqphUPqniCZWpYlI5qZhUvqnik1T+ZRV/SWWqOFE5qThROamYVE4qnlCZKiaVT6r4pou11nqJi7XWeomLtdZ6CfvFB6lMFZPKHRWTylQxqZxUTConFScqJxUnKlPFicodFScqU8WJyknFpDJVnKicVEwqJxXfpHJScYfKVDGp/KWKSeWJikllqnjiYq21XuJirbVe4mKttV7CfvFBKicVJypPVEwqJxWTyknFicodFXeonFRMKicVk8pJxYnKVPFNKlPFpHJSMamcVJyoTBWTylQxqZxUnKicVJyoTBWTylRxonJHxRMXa631EhdrrfUSF2ut9RI/PKQyVTxRcaJyR8WkMql8UsWkMlV8k8pUMalMKlPFpHKi8oTKVHGi8k0Vk8qkMlVMFXeoPKHyTSpTxaRyR8U3Xay11ktcrLXWS1ystdZL2C++SGWqmFSmiknlL1VMKk9UnKhMFXeoTBWTyknFpDJV3KFyUnGiMlV8kspUcYfKScWkckfFpHJScaIyVUwqU8WkMlWcqEwVJypTxRMXa631EhdrrfUSF2ut9RI/PKRyh8pUcVJxojJVTCpTxaRyR8WJyjepTBV3VNyhMlVMKicVJyqfpHJScaIyVUwVk8qk8oTKVDGpnKhMFScVk8pUcaIyVUwqJxWfdLHWWi9xsdZaL3Gx1lovYb94QOWkYlI5qZhUnqiYVKaKE5V/ScUTKlPFicpUcaLySRVPqJxUTCqfVDGpTBWTyknFpHJScaIyVUwqJxUnKlPFpDJVPHGx1lovcbHWWi9xsdZaL/HDl6lMFXdUTCpTxYnKJ1WcqEwVT6hMKlPFpPJNKndUnKicqEwVk8pUMVWcqNxRMalMFZPKHRWTyknFpDKpTBV3VHxTxSddrLXWS1ystdZLXKy11kvYLz5I5aRiUpkqJpWTihOVqWJSmSomlU+qmFROKj5J5aTiDpWpYlK5o2JSOan4JJWpYlKZKv5lKlPFicpJxaQyVfyXLtZa6yUu1lrrJS7WWusl7BcPqEwVk8pUcaIyVUwqU8WkMlVMKndUfJLKVDGpnFScqEwVJypTxaQyVUwqU8UdKp9UMalMFScqU8UdKt9U8UkqJxWTyh0Vk8pJxRMXa631EhdrrfUSF2ut9RI/PFQxqXySylQxqdxRMalMFZPKExVTxaQyVTxRMancofJJKicVd6hMFScVk8o3VZyonFRMKpPKN1XcUXGiMlV808Vaa73ExVprvcTFWmu9xA//mIoTlW9SmSruUDlRuUPlkyomlaniROWOihOVqWJSmSruUPlLKlPFHSonFZPKVDGp3KEyVUwVk8pJxV+6WGutl7hYa62XuFhrrZewX3yRyknFpHJScYfKScWJylQxqTxR8U0qT1R8kspUcaJyUvFJKk9U3KFyR8WJylTxTSp3VHzTxVprvcTFWmu9xMVaa72E/eIBlanim1SmijtUTiomlaniRGWqmFTuqLhD5Y6KE5WTiidUpoonVE4qJpWp4g6Vk4pJ5YmKE5WpYlK5o2JSuaPiRGWqeOJirbVe4mKttV7iYq21XsJ+8UEqU8WJylQxqdxRMalMFU+onFScqEwVk8pU8YTKHRVPqEwVk8onVXySylQxqXxSxYnKVDGp3FFxh8pJxaRyR8UnXay11ktcrLXWS1ystdZL/PBhFZPKHSpTxaTySSpTxaQyVZyoTBVTxUnFpPIvUZkqpoqTihOVk4onVE4qTiq+SeWTKk5Upoo7VP4lF2ut9RIXa631EhdrrfUS9osPUpkqTlSmikllqphUnqj4JJWTijtUpopJZaqYVD6pYlKZKiaVqeIOlTsqJpWTikllqphUTiruUJkqJpU7KiaVqeIOlZOKSWWqOFGZKp64WGutl7hYa62XuFhrrZf44ctUTiomlaliUjmpmFSmiknljopJZaqYVCaVqeKk4omKJ1SeqLhDZaq4Q+WJijsq7lB5ouKOihOVqWKqmFQmlanijopPulhrrZe4WGutl7hYa62XsF88oHJSMak8UXGHyknFpHJScaJyR8WJylRxh8pU8Ukqn1QxqdxRMamcVEwqU8WkMlX8S1ROKk5U/lLFJ12stdZLXKy11ktcrLXWS/zwZSpTxaRyUnGiMlVMFScqJxWTylQxVUwqJypTxYnKVDGp3KEyVUwqU8VJxaQyVXyTyhMVk8pU8YTKVDGpnFRMKicVk8pJxR0qd1R808Vaa73ExVprvcTFWmu9hP3iAZWp4gmVk4oTlZOKSeWTKiaVqWJSOamYVKaKSeWJim9SmSomlZOKSWWqeEJlqphUTipOVKaKSeWTKp5QOam4Q2Wq+KSLtdZ6iYu11nqJi7XWeokfHqqYVKaKE5Wp4kTlpGJSmVROKiaVk4pJZaqYVE4qJpUTlTsq7lA5qfimiknlCZWpYqo4qfgvVdyh8kTFpDKpnFRMFZPKVPHExVprvcTFWmu9xMVaa73ED/8YlTermFROKiaV/1LFpHJSMVVMKlPFpDJV3KEyVdyhclLxTRWTylRxUjGpTBUnKicVJyonFZ90sdZaL3Gx1lovcbHWWi/xwz+u4g6VqeJE5Y6KSWWqOFGZKk5UpopJ5ZNUTlSmijtUTlROVKaKk4pJ5Y6KO1SmihOVOypOVE4qJpWTihOVqeKk4psu1lrrJS7WWuslLtZa6yXsFw+oTBWTyn+p4kTliYpJZao4UZkqJpWpYlKZKj5J5S9V3KEyVdyhclJxonJScYfKHRVPqHxSxX/pYq21XuJirbVe4mKttV7ihw9TmSpOVKaKO1ROVKaKqeIvqdxRcYfKVDGpTBWTyknFpDJV3KEyqdxRMalMFScVk8oTFd9UMancUXFScYfKicpJxSddrLXWS1ystdZLXKy11kv88FDFpHKicofKVHFHxaQyVUwqU8UdFXdUnKicVEwqJxUnFZ+kMlXcUTGpTCpTxaQyVUwqU8WkclIxqTxRcaIyVUwqU8UTKlPFJ6lMFU9crLXWS1ystdZLXKy11kv88JDKVDGpPFFxR8VJxaQyVUwqJxVPqEwVJxWTyonKScWk8kkVT6icVJxUnFRMKneoTBWTylQxqZyoTBUnFZ9U8b/kYq21XuJirbVe4mKttV7ih4cqJpWpYlI5UfkvqZxU3KEyVUwqk8pU8UTFJ1VMKpPKExWfpHJScVJxojKpnKhMFU+onFTcofKEyknFpPJJF2ut9RIXa631EhdrrfUSPzykMlVMKicVk8pUMalMFZPKScVJxaTySSpTxaQyqUwVd6hMFScVJypTxRMqk8odFZPKScUTKicVJyqTylQxVZxUPFExqZxU3KHyly7WWuslLtZa6yUu1lrrJX74MJWp4o6KSeWTVKaKO1TuqHii4qRiUpkqJpWp4kRlqjhROamYKiaVqeJEZaqYVD6pYlI5UTmpmFSmiknlpOIOlaniROWk4kRlqviki7XWeomLtdZ6iYu11noJ+8UDKlPFpDJVnKhMFZPKVPGEylQxqUwVJypTxaQyVZyoTBWTylQxqZxU3KEyVUwqU8WJyknFJ6lMFXeoPFExqUwVd6jcUXGickfFpDJV/KWLtdZ6iYu11nqJi7XWegn7xQepnFRMKlPFpPJNFZPKVDGpTBWTyhMVJypTxaRyR8WkclJxh8pJxRMqn1RxojJVnKicVJyonFRMKlPFicoTFZPKScU3Xay11ktcrLXWS1ystdZL2C8eUPmkiidUpoo7VE4qvknljooTlaniCZWTijtUTiomlZOKv6RyUjGpPFHxhMpJxYnKExXfdLHWWi9xsdZaL3Gx1lovYb/4QypPVEwqJxUnKp9UcaIyVUwqU8WJylRxojJVTConFZ+kMlWcqDxRMalMFZPKVHGHyh0Vk8pUcaIyVUwqn1RxonJS8UkXa631EhdrrfUSF2ut9RI//GMqnqiYVE4qTlSmihOVO1TuUJkq7qj4JpWpYlKZKj6pYlI5qfhLFU+onFScVHyTylRxojJVPHGx1lovcbHWWi9xsdZaL/HDh6lMFVPFHSpTxYnKVDGpnKicqJxU3KHyl1ROKiaVE5UTlaniDpWp4kTlRGWqOKmYVE4qpopJZap4ouIJlZOKSeUOlZOKT7pYa62XuFhrrZe4WGutl/jhIZUTlScq7qiYVKaKSeWOiknlDpWTipOKE5WpYqqYVE4qTiomlaliUpkqJpU7VKaKSWWqeKJiUvkklaliUjlRmSomlTtUpopJ5Y6KSWWqeOJirbVe4mKttV7iYq21XuKHD6s4UTmpmFTuUJkqJpWTikllUrlDZaq4Q2WqeELlRGWqOFGZKiaVOyomlTtUTlSmiknlv1QxqdxRcVIxqUwVd1ScqPyli7XWeomLtdZ6iYu11noJ+8UXqUwVT6g8UXGi8kkVJypTxTepTBWfpHJS8UkqU8UTKlPFicoTFScqU8UTKlPFJ6mcVHzTxVprvcTFWmu9xMVaa73ED39MZaqYVD6pYlI5qZhUpooTlSdUpopJZar4JJWp4o6KSWVSuaPipGJSuaPiROWOihOVOyomlaliUpkqTlSmiknlpGKqmFT+0sVaa73ExVprvcTFWmu9hP3ii1SmikllqjhRuaNiUjmpOFGZKk5UvqliUpkqnlB5omJSOamYVE4qJpWTik9S+aaKO1TuqDhReaLiL12stdZLXKy11ktcrLXWS/zwYSpTxaQyVUwqd1T8S1ROKiaVqeJEZVI5UZkqJpUnKiaVk4onKk4qTlROKiaVOyruUJkqJpWTipOKSWVSOamYVKaKSWVSOan4pIu11nqJi7XWeomLtdZ6CfvFAypPVNyhclIxqdxRMamcVNyhMlVMKlPFpDJVnKhMFScqJxUnKndU3KFyUjGpTBWTyknFpHJSMamcVJyo3FHxSSpTxR0qU8U3Xay11ktcrLXWS1ystdZL/PBhFZPKEypTxaRyUjGpTBWTylQxqZyoTBV3VJxUnKhMFXdUnKicVNyhclJxUnFScVIxqdxRcUfFpHJScaLyhModKlPFEypTxRMXa631EhdrrfUSF2ut9RI//LGKOypOKp5QuaNiUpkqJpWpYlI5qZhUpoonVKaKSWWqmFROVO6oeELljoqpYlKZKk5UTlSeUHlCZap4QmWqmCr+0sVaa73ExVprvcTFWmu9xA//GJWTihOVqWKqmFSmiknliYpJ5aRiUpkqJpWp4kRlqjipmFSmikllqrhDZaqYKk4qTlQmlaniiYpJZao4UZlUTipOVE5UpopPUpkqpopPulhrrZe4WGutl7hYa62X+OHDVKaKSWWqmCpOVO5QOamYVO6oOFF5omJSeaLimyomlTsqJpWTihOVqWJSOak4UTmpmFSmiqliUjlROak4UblDZap4QmWqeOJirbVe4mKttV7iYq21XuKHD6uYVE5UpopJZar4SxV3qEwVk8pUMamcVEwqk8pJxaRyUjFVnKhMFScqk8pUcaIyVUwVJxWTylRxR8VJxaQyVZxUnKhMKlPFHSp3qNxR8UkXa631EhdrrfUSF2ut9RL2iw9SmSomlTsqnlCZKu5Q+aSKSeWk4kRlqphUTipOVKaKSeWOikllqjhR+aSKJ1ROKiaVk4pJ5aTiDpWp4kRlqphUpoo7VKaKJy7WWuslLtZa6yUu1lrrJX54SGWqmFSmiknlRGWqmFSmiqliUpkq7qi4Q2VSmSpOVE4qJpWpYlKZVJ6ouEPlROWkYlKZKk5U7lCZKk4qvqliUpkqJpWpYlKZKqaKSeVEZaqYVKaKT7pYa62XuFhrrZe4WGutl/jhyypOKr5JZaq4o2JSOamYKiaVT1J5ouJE5Q6VqeKkYlKZKu5QOamYVKaKqeKk4omKb6qYVKaKSeWkYlKZKiaVv3Sx1lovcbHWWi9xsdZaL2G/eEBlqjhROamYVJ6omFSmiknljopJ5aTiROWk4kTl/7OKSeWkYlKZKiaVk4o7VKaKE5U7Kk5UPqniv3Sx1lovcbHWWi9xsdZaL2G/+B+m8kTFHSonFXeoTBWTyidVnKhMFZPKScUdKlPFEypTxaTySRV3qEwVJypTxRMqJxV3qHxSxRMXa631EhdrrfUSF2ut9RI/PKTylyqmijtUTlSmipOKSWWqOKmYVKaKE5WpYlK5o2JSmSomlROVqeJE5aTiDpWp4kTlpGJSmSpOKk5UpopJZaqYVKaKqWJSOVGZKk4qJpWTik+6WGutl7hYa62XuFhrrZf44cMqPknlRGWqmFSmiknlROVEZao4UZkq7lA5UZkqPknljoo7KiaVSeWOiicqTiqeUJkqJpWp4i9VfFLFpDJVPHGx1lovcbHWWi9xsdZaL/HDl6ncUfFJFScVT6h8UsUdFZPKpPJExaRyovKEylRxojJVnKg8oXJS8UkVk8pUcaIyVZyofFLFpPJNF2ut9RIXa631EhdrrfUSP/w/ozJVTCpTxaRyh8qJylRxUnFHxRMqU8WkMlU8oXKiMlXcUTGpTBUnFZ9UcaIyVTyhMlWcqJxUnKhMFd90sdZaL3Gx1lovcbHWWi/xw8uoTBV3VEwqU8WJyknFpDKpnFRMKlPFEypTxaRyonJSMalMFZPKVPGEyonKScWkclJxojJVTBUnKicVJyonFZPKpDJVTBV/6WKttV7iYq21XuJirbVe4ocvq/imikllUjlRmSpOVE4qJpU7KiaVSeWTVKaKk4q/VDGpnFRMKlPFJ1WcqDyhMlVMFXeo/CWVqeKbLtZa6yUu1lrrJS7WWusl7BcPqPyliknlpOIOlaliUvmkiknlpOJEZaqYVKaKSWWqmFSmikllqphUpooTlaliUpkq7lA5qThRmSqeULmj4kTljopJZao4UZkqJpWp4pMu1lrrJS7WWuslLtZa6yXsF2ut9QIXa631EhdrrfUSF2ut9RIXa631EhdrrfUSF2ut9RIXa631EhdrrfUSF2ut9RIXa631EhdrrfUSF2ut9RIXa631EhdrrfUSF2ut9RL/BwoL459MP58AAAAAAElFTkSuQmCC',158,'2024-10-17 08:26:18','2024-10-17 08:26:18'),(57,'data:image/png;base64,iVBORw0KGgoAAAANSUhEUgAAATQAAAE0CAYAAACigc+fAAAAAklEQVR4AewaftIAABb+SURBVO3BQW7k2rIgQXdC+9+yt4bRkwMQzFTdxx9m9ou11nqBi7XWeomLtdZ6iYu11nqJi7XWeomLtdZ6iYu11nqJi7XWeomLtdZ6iYu11nqJi7XWeomLtdZ6iYu11nqJi7XWeomLtdZ6iYu11nqJHx5S+UsVd6icVEwqJxXfpHJHxR0qU8WkMlVMKlPFpDJVTConFZPKScWkclJxh8pJxaQyVUwqJxUnKlPFpPJExaTylyqeuFhrrZe4WGutl7hYa62X+OHDKj5J5Q6VqeKJikllqrhDZaqYKu5QeULlkypOKv4llaliUjmpmFROVO5Q+aSKT6r4JJVPulhrrZe4WGutl7hYa62X+OHLVO6ouEPlDpWTiknlROWOim+qmFTuqJhUpooTlaliUjmpuENlqphUpoo7Kj6pYlK5o2JSOVGZKj5J5Y6Kb7pYa62XuFhrrZe4WGutl/hh/X9UTiomlZOKSeWOijtU7qj4pIpvqphU7lC5Q2WqOKk4UZkqTlQmlaniCZWp4n/ZxVprvcTFWmu9xMVaa73ED//HVJyoTBWTylQxqUwqJxWTyqRyUvFNFZPKN6mcqNxR8V9ScaJyh8odFW92sdZaL3Gx1lovcbHWWi/xw5dV/Esqd1RMKlPFScWk8kTFpDKpTBUnKlPFpDJV3FFxh8pUMalMFZPKicpUcYfKVHGHyknFExUnKicVT1T8l1ystdZLXKy11ktcrLXWS/zwYSr/UsWkMlVMKk+oTBUnFZPKVDGpTBWTyonKVDGpTBWTylQxqZyoTBX/JSpTxTdVTCpTxaQyVUwqU8UdKlPFicp/2cVaa73ExVprvcTFWmu9xA8PVfyXqEwVk8qJylRxUjGpTBWTyhMqJypTxUnFpPJJFZ+kcqIyVZxUTCpTxaTyhModFXeoTBWTyh0V/0su1lrrJS7WWuslLtZa6yXsFw+oTBWTyidV3KFyUjGpnFRMKndUTCpTxTep/JdV/CWVqeJE5aTiROWkYlI5qXhCZaqYVD6p4psu1lrrJS7WWuslLtZa6yXsFx+kMlVMKlPFpDJVnKhMFZPKVDGpnFScqJxU3KHySRUnKlPFicpJxaQyVZyonFRMKicV36RyUnGHylQxqfylikllqphUTiomlaniiYu11nqJi7XWeomLtdZ6CfvFF6lMFScqJxWTyhMVk8pJxYnKExUnKicVJypTxaRyUnGiMlV8k8pUMamcVEwqJxUnKlPFpDJVTConFScqJxUnKlPFEyp3VDxxsdZaL3Gx1lovcbHWWi/xw0MqU8VU8UTFpHJScaIyqUwVk8odFZPKVPFNKneoTBWTyonKEypTxYnKN1VMKpPKVDFV3KHyhMo3qUwVk8odFd90sdZaL3Gx1lovcbHWWi9hv/gilaliUvmmiknljoo7VKaKE5Wp4kRlqrhDZaqYVKaKO1ROKk5UpopPUpkq7lA5qZhU7qiYVE4qTlSmikllqphUpooTlaniRGWqeOJirbVe4mKttV7iYq21XuKHP6ZyR8WJylRxUjGpnKicVPylihOVk4o7VKaKSeWk4kTlk1ROKk5UpoqpYlKZVJ5QmSomlROVqeKkYlKZKk5UpopJ5aTiky7WWuslLtZa6yUu1lrrJewXD6icVEwqU8Wk8kkVk8pUcaJyUnGi8k0Vk8odFScqU8WJyidVPKFyUjGpfFLFpDJVTConFZPKScWJylQxqZxUnKhMFZPKVPHExVprvcTFWmu9xMVaa73ED1+mMlWcVJyoTBUnKp9UcUfFEypTxaTyl1TuqDhROVGZKiaVqWKqOFG5o2JSmSomlTsqJpWTikllUpkq7qj4popPulhrrZe4WGutl7hYa62XsF98kMpUMamcVEwqJxUnKlPFpDJVTCp3VEwqU8WkclJxovJJFXeoTBWTyh0Vk8pJxSepTBWTylTxX6YyVZyonFRMKlPFv3Sx1lovcbHWWi9xsdZaL/HDQypTxR0Vk8pUMamcqEwVd6hMFXeonKhMFZPKpHJHxR0qJypTxR0VJyqTyh0qU8WkMlU8UXGi8k0Vd1ScqJxUTConKlPFpHJS8cTFWmu9xMVaa73ExVprvcQPD1VMKicVd6hMFZPKicpUMVWcqDxRcaLyTSp3qHySyknFHSpTxUnFpPJNFScqJxWTyqTyTRV3VJyoTBXfdLHWWi9xsdZaL3Gx1lov8cN/XMVJxaRyh8pJxR0qJyp3VNyhclIxqUwVJyp3VJyoTBWTylRxh8pfUpkq7lA5qZhUpopJ5Q6VqWKqmFROKv7SxVprvcTFWmu9xMVaa72E/eKLVO6omFROKiaVOypOVKaKSeWTKj5J5YmKT1KZKk5UTio+SeWJijtU7qg4UZkqvknljopvulhrrZe4WGutl7hYa62X+OEhlaliqjhROamYVCaVJ1SmijsqJpWp4kTlk1TuqDhROam4o2JSmSqmijtUTiomlaniDpVJZaqYVP4llTsqJpU7Kk5UpoonLtZa6yUu1lrrJS7WWusl7BcPqEwVT6icVNyhMlXcoXJHxRMqU8UdKk9UPKEyVUwqn1TxSSpTxaTySRUnKlPFpHJHxR0qJxWTyh0Vn3Sx1lovcbHWWi9xsdZaL/HDl6k8UTGpnFTcoTJVTBV3qEwVT6jcUXGi8oTKVDFVnFScqJxUPKFyUnFS8U0qn1RxojJV3KHyX3Kx1lovcbHWWi9xsdZaL2G/+IdUpopJZaqYVO6omFROKiaVqWJSOan4JJW/VDGpTBWTylRxh8odFZPKScWkMlVMKicVd6hMFZPKHRWTylRxh8pJxaQyVZyoTBVPXKy11ktcrLXWS1ystdZL/PBhKlPFScWkMlVMKicVk8odFU9UTCqTylQxqUwVT1Q8ofJExR0qU8UdKk9U3FFxh8oTFXdUnKhMFVPFpDKpTBV3VHzSxVprvcTFWmu9xMVaa72E/eIBlaniROWJijtUpooTlScqTlSmihOVqeIOlanik1Q+qWJSuaNiUjmpmFSmikllqvgvUbmjYlL5SxWfdLHWWi9xsdZaL3Gx1lovYb/4h1ROKk5Upoo7VE4qJpWpYlJ5omJSOamYVE4qJpWpYlKZKiaVqWJSmSruUPmmihOVqeIJlaliUjmpmFROKiaVk4o7VO6o+KaLtdZ6iYu11nqJi7XWegn7xQep3FExqZxUnKicVJyofFLFicpJxR0qT1R8k8pUMamcVEwqU8UTKlPFpHJScaIyVUwqn1TxhMpJxR0qU8UnXay11ktcrLXWS1ystdZL/PDHKiaVqeJE5aRiUplUTiomlZOKE5U7KiaVk4o7Ku5QOan4popJ5QmVqWKqOKn4lyruUHmiYlKZVE4qpopJZap44mKttV7iYq21XuJirbVe4ocvq5hUTlSeUPmXVKaKE5VJZaqYVP6liknlpGKqmFSmikllqrhDZaq4Q+Wk4psqJpWp4qRiUpkqTlROKk5UTio+6WKttV7iYq21XuJirbVe4oc/VvGEyh0Vn1QxqUwVJypTxYnKVDGpfJLKicpUcYfKicqJylRxUjGp3FFxh8pUcaJyR8WJyknFpHJScaIyVZxUfNPFWmu9xMVaa73ExVprvYT94gGVqWJS+ZcqTlTuqDhRmSruUJkqTlSmik9S+UsVd6hMFXeonFScqJxU3KFyR8UTKp9U8S9drLXWS1ystdZLXKy11kv88GEqU8WJylRxh8pUMalMFVPFHSonFScqU8WJylRxojJVTCpTxaRyUjGpTBV3qEwqd1RMKlPFScWk8kTFN1VMKndUnFTcoXKiclLxSRdrrfUSF2ut9RIXa631Ej88VHGHyh0qU8WJylQxqUwVk8pUcVJxR8VJxaQyqUwVk8qkMlWcVHySylRxR8WkMqlMFZPKVDGpTBWTyknFpPJExYnKVDGpTBVPqEwVn6QyVTxxsdZaL3Gx1lovcbHWWi/xw0Mq31RxR8VJxaRyojJVTCpTxR0qU8VJxaQyVUwqk8pUMal8UsUTKicVJxUnFZPKHSpTxaQyVUwqJypTxUnFJ1X8L7lYa62XuFhrrZe4WGutl/jhoYo7VE5U/stUpooTlaniRGWqeKLikyomlUnliYpPUjmpOKk4UZlUTlSmiknlDpWTijtUnlA5qZhUPulirbVe4mKttV7iYq21XuKHh1Q+qeIOlUnlpOKOik9SmSomlUllqrhDZao4qThRmSqeUJlU7qiYVE4qnlA5qThRmVSeqHiiYlI5qbhD5S9drLXWS1ystdZLXKy11kv88GUVT6icVEwqJypTxYnKScWkMlU8UXFSMalMFZPKVHGiMlWcqJxUTBWTylRxojJVTCqfVDGpnKicVEwqU8WkclJxh8pUcaJyUnGiMlV80sVaa73ExVprvcTFWmu9hP3iAZWpYlKZKiaVqeJEZap4QuWkYlKZKiaVqWJSmSpOVKaKSWWqmFROKu5QmSomlaniROWk4pNUpoo7VJ6omFSmijtU7qg4UbmjYlKZKv7SxVprvcTFWmu9xMVaa73EDw9VTCqfpHKickfFVPFNKk9U3KHyhMpJxUnFpHJS8YTKEypTxR0VJyqTylRxonJSMalMFScq36QyVXzTxVprvcTFWmu9xMVaa72E/eIBlZOKSeWk4gmVqeJEZap4QmWqmFS+qWJSmSqeUDmpuEPlpGJSOan4SyonFZPKExVPqJxUnKg8UfFNF2ut9RIXa631EhdrrfUS9ot/SOWOiknlpOJE5ZMqTlSmijtUpoo7VKaKSeWk4pNUpooTlScqJpWpYlKZKu5QuaNiUpkqTlSmiknlkypOVE4qPulirbVe4mKttV7iYq21XuKHP6ZyUvFJKicVJypTxYnKEypTxVQxqUwVJxXfpDJVTCpTxSdVTConFX+p4gmVk4qTim9SmSpOVKaKJy7WWuslLtZa6yUu1lrrJewXH6QyVTyhMlVMKicVk8pUMak8UXGiMlWcqJxU3KFyUjGpTBWTyh0Vd6hMFScqd1TcoXJScaIyVZyonFQ8oXJSMal8UsUnXay11ktcrLXWS1ystdZL/PCQyonKExUnFScqU8WkckfFpPKEylQxVdyhMlVMFZPKScVJxaQyVUwqU8WkcofKVDGpTBVPVEwqn6QyVUwqJypTxaRyh8pUMancUTGpTBVPXKy11ktcrLXWS1ystdZL/PBlFZPKScWkMlWcqEwVk8pJxYnKHSpPqEwVd6jcoTJVnKhMFZPKHRWTyh0qJypTxaTyL1VMKndUnFRMKlPFHRUnKn/pYq21XuJirbVe4mKttV7ih4cqTlSmijsq7qiYVKaKb1KZKk5UTiqeqJhUpoonKiaVk4o7Ku6o+KSKE5VJ5ZsqnlCZKj5J5Y6KT7pYa62XuFhrrZe4WGutl7BffJDKHRWTyh0Vk8oTFZPKScWkMlWcqJxUfJLKVDGpTBVPqDxRcYfKHRWTyhMVJypTxR0qU8WkMlVMKicVk8pJxYnKVPFNF2ut9RIXa631EhdrrfUS9osPUjmpmFSmik9SuaNiUpkqJpWpYlL5L6m4Q+WJiknlpGJSOamYVE4qPknlmyruULmj4kTliYq/dLHWWi9xsdZaL3Gx1lov8cOXVUwqU8WJylRxR8WkckfFpPJExaQyVZyonFRMKicqT1RMKicVT1ScVJyonFRMKndU3KEyVUwqJxUnFZPKpHJSMalMFZPKpHJS8UkXa631EhdrrfUSF2ut9RL2iwdUvqliUpkqTlTuqJhUTiomlaliUpkqJpWp4kTljooTlZOKE5U7Ku5QOamYVKaKSeWkYlI5qZhUTipOVO6o+CSVqeIOlanimy7WWuslLtZa6yUu1lrrJX74sIoTlZOKSWWqmFSmiqliUjlRmSomlW+qOFH5pooTlZOKO1ROKk4qTipOKiaVOyruqJhUTipOVJ5QuUNlqnhCZap44mKttV7iYq21XuJirbVe4od/rOKk4qTijooTlZOKSWWqOKmYVE4qvkllqphUpopJ5UTljoonVO6omComlaniROVE5QmVJ1SmiidUpoqp4i9drLXWS1ystdZLXKy11kvYLx5QmSpOVJ6oOFF5omJSuaPiROWbKk5Upoo7VKaKSWWquENlqvgklZOKSWWquENlqjhRuaPiROWOijtUpopJZar4pou11nqJi7XWeomLtdZ6iR8+TGWqOKmYVKaKSeWk4kRlqphU7qg4UbmjYlKZKp6o+KaKSeWOiknlpOJEZaqYVE4qTlROKiaVqWKqmFROVE4qTlTuUJkqnlCZKp64WGutl7hYa62XuFhrrZf44cMqJpUTlaliUpkq7lCZKu6ouENlqphUpopJZao4UbmjYlI5qZgqTlSmihOVSWWqOFGZKqaKk4pJZaq4o+KkYlKZKk4qTlQmlaniDpU7VO6o+KSLtdZ6iYu11nqJi7XWegn7xQepTBWTyh0Vd6hMFU+ofFLFicpUcaIyVUwqJxUnKlPFpHJHxaQyVZyofFLFEyonFZPKScWkclJxh8pUcaIyVUwqU8UdKlPFExdrrfUSF2ut9RIXa631Ej88pDJVTCpTxaRyojJVTCpTxYnKVDGpnFTcoXKicofKVDGp3KHyRMUdKicqJxWTylRxonKHylRxUvFNFZPKVDGpTBWTylQxVUwqJypTxaQyVXzSxVprvcTFWmu9xMVaa73ED19WcVLxTSpTxUnFpDKpnFRMFZPKVDGp3KEyVZyoTBUnKneoTBUnFZPKVHGHyknFpDJVTBUnFU9UfFPFpDJVTConFZPKVDGp/KWLtdZ6iYu11nqJi7XWegn7xQMqU8WJyknFpPJExYnKScWk8kTFHSpTxR0q/5dUTConFZPKVDGpnFTcoTJVnKjcUXGi8kkV/9LFWmu9xMVaa73ExVprvYT94n+Yyh0Vd6icVDyhclIxqTxRcaIyVUwqJxV3qEwVT6hMFZPKJ1XcoTJVnKhMFU+onFTcofJJFU9crLXWS1ystdZLXKy11kv88JDKX6qYKu5QmSomlaliUrlDZaqYKiaVk4pJZaqYVO6omFSmiknlRGWqOFE5qbhDZao4UTmpmFSmipOKE5WpYlKZKiaVqWKqmFROVKaKk4pJ5aTiky7WWuslLtZa6yUu1lrrJX74sIpPUjlRmSomlSdUpooTlaliUpkq7lA5UZkqPknljoo7KiaVSeWOiicqTiqeUJkqJpWp4i9VfFLFpDJVPHGx1lovcbHWWi9xsdZaL/HDl6ncUfFJFZPKScUdKicqd1TcUTGpTCpPVEwqJypPqEwVJypTxYnKEyonFZ9UMalMFScqU8WJyidVTCrfdLHWWi9xsdZaL3Gx1lov8cP/cSonFZPKHRWTyqQyVdyhclLxhMpUMalMFU+onKhMFXdUTCpTxUnFX1KZKp5QmSpOVE4qTlSmim+6WGutl7hYa62XuFhrrZf44f+YijtUpoo7VKaKSeVEZaqYVKaKJ1SmiknlROWkYlKZKiaVqeIJlROVk4pJ5aRiUpkqTipOVE4qTlROKiaVSWWqmCr+0sVaa73ExVprvcTFWmu9xA9fVvFNFScqJxV3qJxUTBVPVEwqU8UTKlPFScVfqphUTiomlanikypOVE5UpopJZaqYKu5Q+UsqU8U3Xay11ktcrLXWS1ystdZL/PBhKn9J5aTiDpWp4kRlUjmpOFE5qThRmSomlaliUpkqJpWpYlKZKiaVqeJEZaqYVE4qTlROKk5UTiruUDlRmSpOVO6omFSmihOVqWJSmSo+6WKttV7iYq21XuJirbVewn6x1lovcLHWWi9xsdZaL3Gx1lovcbHWWi9xsdZaL3Gx1lovcbHWWi9xsdZaL3Gx1lovcbHWWi9xsdZaL3Gx1lovcbHWWi9xsdZaL3Gx1lov8f8AJlaxtmODoyAAAAAASUVORK5CYII=',159,'2024-10-17 08:46:36','2024-10-17 08:46:36');
/*!40000 ALTER TABLE `qrcodes` ENABLE KEYS */;
UNLOCK TABLES;

--
-- Table structure for table `roles`
--

DROP TABLE IF EXISTS `roles`;
/*!40101 SET @saved_cs_client     = @@character_set_client */;
 SET character_set_client = utf8mb4 ;
CREATE TABLE `roles` (
  `role_id` int(11) NOT NULL AUTO_INCREMENT,
  `role_name` varchar(255) NOT NULL,
  PRIMARY KEY (`role_id`),
  UNIQUE KEY `role_name` (`role_name`),
  UNIQUE KEY `role_name_2` (`role_name`),
  UNIQUE KEY `role_name_3` (`role_name`),
  UNIQUE KEY `role_name_4` (`role_name`),
  UNIQUE KEY `role_name_5` (`role_name`),
  UNIQUE KEY `role_name_6` (`role_name`),
  UNIQUE KEY `role_name_7` (`role_name`),
  UNIQUE KEY `role_name_8` (`role_name`),
  UNIQUE KEY `role_name_9` (`role_name`),
  UNIQUE KEY `role_name_10` (`role_name`),
  UNIQUE KEY `role_name_11` (`role_name`),
  UNIQUE KEY `role_name_12` (`role_name`),
  UNIQUE KEY `role_name_13` (`role_name`),
  UNIQUE KEY `role_name_14` (`role_name`),
  UNIQUE KEY `role_name_15` (`role_name`),
  UNIQUE KEY `role_name_16` (`role_name`),
  UNIQUE KEY `role_name_17` (`role_name`),
  UNIQUE KEY `role_name_18` (`role_name`),
  UNIQUE KEY `role_name_19` (`role_name`),
  UNIQUE KEY `role_name_20` (`role_name`),
  UNIQUE KEY `role_name_21` (`role_name`),
  UNIQUE KEY `role_name_22` (`role_name`),
  UNIQUE KEY `role_name_23` (`role_name`),
  UNIQUE KEY `role_name_24` (`role_name`),
  UNIQUE KEY `role_name_25` (`role_name`),
  UNIQUE KEY `role_name_26` (`role_name`),
  UNIQUE KEY `role_name_27` (`role_name`),
  UNIQUE KEY `role_name_28` (`role_name`),
  UNIQUE KEY `role_name_29` (`role_name`),
  UNIQUE KEY `role_name_30` (`role_name`),
  UNIQUE KEY `role_name_31` (`role_name`),
  UNIQUE KEY `role_name_32` (`role_name`),
  UNIQUE KEY `role_name_33` (`role_name`),
  UNIQUE KEY `role_name_34` (`role_name`),
  UNIQUE KEY `role_name_35` (`role_name`),
  UNIQUE KEY `role_name_36` (`role_name`),
  UNIQUE KEY `role_name_37` (`role_name`),
  UNIQUE KEY `role_name_38` (`role_name`),
  UNIQUE KEY `role_name_39` (`role_name`),
  UNIQUE KEY `role_name_40` (`role_name`),
  UNIQUE KEY `role_name_41` (`role_name`),
  UNIQUE KEY `role_name_42` (`role_name`),
  UNIQUE KEY `role_name_43` (`role_name`),
  UNIQUE KEY `role_name_44` (`role_name`),
  UNIQUE KEY `role_name_45` (`role_name`),
  UNIQUE KEY `role_name_46` (`role_name`),
  UNIQUE KEY `role_name_47` (`role_name`),
  UNIQUE KEY `role_name_48` (`role_name`),
  UNIQUE KEY `role_name_49` (`role_name`),
  UNIQUE KEY `role_name_50` (`role_name`),
  UNIQUE KEY `role_name_51` (`role_name`),
  UNIQUE KEY `role_name_52` (`role_name`),
  UNIQUE KEY `role_name_53` (`role_name`),
  UNIQUE KEY `role_name_54` (`role_name`),
  UNIQUE KEY `role_name_55` (`role_name`),
  UNIQUE KEY `role_name_56` (`role_name`),
  UNIQUE KEY `role_name_57` (`role_name`),
  UNIQUE KEY `role_name_58` (`role_name`),
  UNIQUE KEY `role_name_59` (`role_name`),
  UNIQUE KEY `role_name_60` (`role_name`),
  UNIQUE KEY `role_name_61` (`role_name`),
  UNIQUE KEY `role_name_62` (`role_name`),
  UNIQUE KEY `role_name_63` (`role_name`)
) ENGINE=InnoDB AUTO_INCREMENT=4 DEFAULT CHARSET=utf8mb4 COLLATE=utf8mb4_general_ci;
/*!40101 SET character_set_client = @saved_cs_client */;

--
-- Dumping data for table `roles`
--

LOCK TABLES `roles` WRITE;
/*!40000 ALTER TABLE `roles` DISABLE KEYS */;
INSERT INTO `roles` VALUES (1,'admin'),(3,'customer'),(2,'staff');
/*!40000 ALTER TABLE `roles` ENABLE KEYS */;
UNLOCK TABLES;

--
-- Table structure for table `screenings`
--

DROP TABLE IF EXISTS `screenings`;
/*!40101 SET @saved_cs_client     = @@character_set_client */;
 SET character_set_client = utf8mb4 ;
CREATE TABLE `screenings` (
  `id` int(11) NOT NULL AUTO_INCREMENT,
  `screening_time` datetime NOT NULL,
  `movie_id` int(11) NOT NULL,
  `theater_id` int(11) NOT NULL,
  `cinema_id` int(11) NOT NULL,
  `available_seats` int(11) NOT NULL,
  `createdAt` datetime NOT NULL,
  `updatedAt` datetime NOT NULL,
  PRIMARY KEY (`id`),
  KEY `movie_id` (`movie_id`),
  KEY `theater_id` (`theater_id`),
  KEY `cinema_id` (`cinema_id`),
  CONSTRAINT `screenings_ibfk_1` FOREIGN KEY (`movie_id`) REFERENCES `movies` (`id`),
  CONSTRAINT `screenings_ibfk_2` FOREIGN KEY (`theater_id`) REFERENCES `theaters` (`id`),
  CONSTRAINT `screenings_ibfk_3` FOREIGN KEY (`cinema_id`) REFERENCES `cinemas` (`id`)
) ENGINE=InnoDB AUTO_INCREMENT=5 DEFAULT CHARSET=utf8mb4 COLLATE=utf8mb4_general_ci;
/*!40101 SET character_set_client = @saved_cs_client */;

--
-- Dumping data for table `screenings`
--

LOCK TABLES `screenings` WRITE;
/*!40000 ALTER TABLE `screenings` DISABLE KEYS */;
/*!40000 ALTER TABLE `screenings` ENABLE KEYS */;
UNLOCK TABLES;

--
-- Table structure for table `seatcategories`
--

DROP TABLE IF EXISTS `seatcategories`;
/*!40101 SET @saved_cs_client     = @@character_set_client */;
 SET character_set_client = utf8mb4 ;
CREATE TABLE `seatcategories` (
  `id` int(11) NOT NULL AUTO_INCREMENT,
  `category_name` varchar(255) NOT NULL,
  `price_multiplier` float NOT NULL,
  `createdAt` datetime NOT NULL,
  `updatedAt` datetime NOT NULL,
  PRIMARY KEY (`id`)
) ENGINE=InnoDB AUTO_INCREMENT=4 DEFAULT CHARSET=utf8mb4 COLLATE=utf8mb4_general_ci;
/*!40101 SET character_set_client = @saved_cs_client */;

--
-- Dumping data for table `seatcategories`
--

LOCK TABLES `seatcategories` WRITE;
/*!40000 ALTER TABLE `seatcategories` DISABLE KEYS */;
INSERT INTO `seatcategories` VALUES (1,'VIP',1.5,'2024-09-10 15:51:06','2024-09-10 15:51:06'),(2,'Normal',1,'2024-09-10 15:51:35','2024-09-10 15:51:35');
/*!40000 ALTER TABLE `seatcategories` ENABLE KEYS */;
UNLOCK TABLES;

--
-- Table structure for table `seats`
--

DROP TABLE IF EXISTS `seats`;
/*!40101 SET @saved_cs_client     = @@character_set_client */;
 SET character_set_client = utf8mb4 ;
CREATE TABLE `seats` (
  `id` int(11) NOT NULL AUTO_INCREMENT,
  `createdAt` datetime NOT NULL,
  `updatedAt` datetime NOT NULL,
  `theater_id` int(11) NOT NULL,
  `row` varchar(255) NOT NULL,
  `number` int(11) NOT NULL,
  `type` enum('Normal','VIP','Couple') NOT NULL,
  `price` int(11) NOT NULL,
  PRIMARY KEY (`id`),
  KEY `Seats_theater_id_foreign_idx` (`theater_id`),
  CONSTRAINT `Seats_theater_id_foreign_idx` FOREIGN KEY (`theater_id`) REFERENCES `theaters` (`id`) ON DELETE CASCADE
) ENGINE=InnoDB AUTO_INCREMENT=75 DEFAULT CHARSET=utf8mb4 COLLATE=utf8mb4_general_ci;
/*!40101 SET character_set_client = @saved_cs_client */;

--
-- Dumping data for table `seats`
--

LOCK TABLES `seats` WRITE;
/*!40000 ALTER TABLE `seats` DISABLE KEYS */;
INSERT INTO `seats` VALUES (4,'2024-09-20 16:03:41','2024-09-30 23:21:40',4,'B',2,'VIP',200000),(8,'2024-09-20 17:30:34','2024-09-20 17:30:34',8,'A',1,'Normal',100000),(9,'2024-09-20 17:30:44','2024-09-20 17:30:44',8,'A',2,'Normal',100000),(10,'2024-09-20 17:30:51','2024-09-20 17:30:51',8,'A',3,'Normal',100000),(11,'2024-09-20 17:31:01','2024-09-20 17:31:01',8,'A',4,'Normal',100000),(12,'2024-09-20 18:42:08','2024-09-30 23:23:22',4,'B',1,'Normal',100000),(13,'2024-09-20 18:42:36','2024-09-30 23:18:23',4,'C',3,'Normal',100000),(14,'2024-09-20 22:50:21','2024-09-30 23:27:42',4,'B',3,'VIP',200000),(15,'2024-09-20 22:50:40','2024-09-30 23:16:14',4,'A',7,'Normal',100000),(16,'2024-09-20 22:50:57','2024-09-30 23:28:47',4,'B',4,'Normal',100000),(17,'2024-09-20 22:53:13','2024-09-30 23:21:00',4,'C',2,'Normal',100000),(18,'2024-09-20 22:54:56','2024-10-01 01:49:29',4,'D',1,'Couple',150000),(20,'2024-09-20 23:24:09','2024-09-20 23:24:21',5,'B',2,'Normal',100000),(21,'2024-09-20 23:42:38','2024-10-01 01:41:15',4,'E',1,'Normal',100000),(26,'2024-09-21 00:28:15','2024-10-02 11:42:12',4,'G',5,'Normal',100000),(27,'2024-09-21 00:28:30','2024-10-01 01:39:00',4,'F',3,'Normal',100000),(28,'2024-09-21 00:28:48','2024-10-01 01:57:00',4,'w',1,'Normal',100000),(29,'2024-09-21 00:29:03','2024-10-01 14:55:35',4,'i',4,'Normal',100000),(30,'2024-09-21 00:29:47','2024-10-01 11:42:00',4,'D',3,'Normal',100000),(31,'2024-09-21 00:29:58','2024-10-01 11:42:00',4,'D',2,'Normal',100000),(32,'2024-09-21 01:16:55','2024-09-30 23:29:40',4,'B',8,'Normal',100000),(33,'2024-09-21 02:01:23','2024-09-30 23:10:00',4,'D',6,'Couple',150000),(34,'2024-09-21 02:11:41','2024-09-21 02:11:41',8,'C',1,'VIP',200000),(35,'2024-10-02 11:25:26','2024-10-02 11:25:26',4,'B',9,'Normal',100000),(36,'2024-10-02 11:30:41','2024-10-02 11:30:41',4,'G',4,'Normal',100000),(37,'2024-10-02 12:02:42','2024-10-02 12:02:42',4,'G',7,'Couple',150000),(38,'2024-10-06 14:49:00','2024-10-06 14:49:00',5,'B',1,'Normal',100000),(39,'2024-10-06 14:49:11','2024-10-06 14:49:11',5,'B',3,'VIP',200000),(40,'2024-10-06 14:49:23','2024-10-06 14:49:23',5,'A',2,'Couple',150000),(41,'2024-10-06 14:49:33','2024-10-16 12:08:46',5,'G',1,'Normal',100000),(42,'2024-10-08 23:39:49','2024-10-08 23:39:49',4,'B',11,'Normal',100000),(43,'2024-10-11 23:54:35','2024-10-11 23:54:35',4,'B',5,'Normal',100000),(44,'2024-10-11 23:54:43','2024-10-11 23:54:43',4,'B',6,'Normal',100000),(45,'2024-10-11 23:54:54','2024-10-11 23:54:54',4,'B',7,'Normal',100000),(46,'2024-10-12 01:15:59','2024-10-12 01:15:59',4,'A',1,'Couple',150000),(47,'2024-10-12 01:16:12','2024-10-12 01:16:12',4,'A',2,'Couple',150000),(48,'2024-10-16 16:23:41','2024-10-16 16:23:41',12,'A',1,'Normal',100000),(49,'2024-10-16 16:23:52','2024-10-16 16:23:52',12,'A',2,'Normal',100000),(50,'2024-10-16 16:23:58','2024-10-16 16:23:58',12,'A',3,'Normal',100000),(51,'2024-10-16 16:24:05','2024-10-16 16:24:05',12,'A',4,'Normal',100000),(52,'2024-10-16 16:24:11','2024-10-16 16:24:11',12,'A',5,'Normal',100000),(53,'2024-10-16 16:24:18','2024-10-16 16:24:18',12,'A',6,'Normal',100000),(54,'2024-10-16 16:24:25','2024-10-16 16:24:25',12,'B',1,'VIP',200000),(55,'2024-10-16 16:24:33','2024-10-16 16:24:33',12,'B',2,'VIP',200000),(56,'2024-10-16 16:24:40','2024-10-16 16:24:40',12,'B',3,'VIP',200000),(57,'2024-10-16 16:24:51','2024-10-16 16:24:51',12,'C',1,'Couple',150000),(58,'2024-10-16 16:24:57','2024-10-16 16:24:57',12,'C',2,'Couple',150000),(59,'2024-10-17 08:18:09','2024-10-17 08:18:09',5,'A',4,'Normal',100000),(60,'2024-10-17 08:18:17','2024-10-17 08:18:17',5,'A',1,'Normal',100000),(61,'2024-10-17 08:18:23','2024-10-17 08:18:23',5,'A',3,'Normal',100000),(62,'2024-10-17 08:18:33','2024-10-17 08:18:33',5,'A',5,'Normal',100000),(63,'2024-10-17 08:18:45','2024-10-17 08:18:45',5,'B',4,'Normal',100000),(64,'2024-10-17 08:18:56','2024-10-17 08:18:56',5,'C',1,'Normal',100000),(65,'2024-10-17 08:19:02','2024-10-17 08:19:02',5,'C',2,'Normal',100000),(66,'2024-10-17 08:19:10','2024-10-17 08:19:10',5,'C',3,'VIP',200000),(67,'2024-10-17 08:19:26','2024-10-17 08:19:26',5,'C',4,'Couple',150000),(68,'2024-10-17 08:19:34','2024-10-17 08:19:34',5,'D',1,'Normal',100000),(69,'2024-10-17 08:19:40','2024-10-17 08:19:40',5,'D',2,'Couple',150000),(70,'2024-10-17 08:19:49','2024-10-17 08:19:49',5,'D',3,'VIP',200000),(71,'2024-10-17 08:19:59','2024-10-17 08:19:59',5,'D',4,'Normal',100000),(72,'2024-10-17 08:20:08','2024-10-17 08:20:08',5,'G',2,'VIP',200000),(73,'2024-10-17 08:51:29','2024-10-17 08:51:29',4,'W',2,'VIP',200000),(74,'2024-10-17 08:51:47','2024-10-17 08:51:47',4,'H',1,'Normal',100000);
/*!40000 ALTER TABLE `seats` ENABLE KEYS */;
UNLOCK TABLES;

--
-- Table structure for table `sequelizemeta`
--

DROP TABLE IF EXISTS `sequelizemeta`;
/*!40101 SET @saved_cs_client     = @@character_set_client */;
 SET character_set_client = utf8mb4 ;
CREATE TABLE `sequelizemeta` (
  `name` varchar(255) NOT NULL,
  PRIMARY KEY (`name`),
  UNIQUE KEY `name` (`name`)
) ENGINE=InnoDB DEFAULT CHARSET=utf8 COLLATE=utf8_unicode_ci;
/*!40101 SET character_set_client = @saved_cs_client */;

--
-- Dumping data for table `sequelizemeta`
--

LOCK TABLES `sequelizemeta` WRITE;
/*!40000 ALTER TABLE `sequelizemeta` DISABLE KEYS */;
INSERT INTO `sequelizemeta` VALUES ('20231001-update-moviegenres-foreign-keys.js'),('20240908020719-add_reset_password_fields_to_users.js'),('20240919180321-rename-seating-capacity-to-capacity.js'),('20240920080704-update-seat-schema.js'),('20240921093546-create-showtime.js'),('20240923033001-add-price-to-showtimes.js'),('20240923174547-update-tickets-table.js'),('20240923180836-delete_screening-tickets-table.js'),('20240925101549-add-ticket-columns.js'),('20240928020249-create-ticket-seats.js'),('20240928030215-update-ticket-status-enum.js'),('20240928090105-remove-seat-id-from-tickets.js.js'),('20240930085109-create-qr-code.js'),('20240930170751-add-reserved-at-to-tickets.js'),('20241001081813-remove-status-from-seats.js'),('20241002095957-drop-user-tickets-table.js'),('20241008094921-add-used-status-to-ticket.js'),('20241013163428-create-images-table.js'),('20241014112032-add-googleId-to-users.js'),('20241014114508-allow-null-password.js'),('add-image-to-cinemas.js'),('add-image-to-user.js'),('add-public-ids-to-movies.js'),('AdminActions.js'),('Cinemas.js'),('Genres.js'),('Movie.js'),('MovieGenres.js'),('MoviesTheaters.js'),('Payments.js'),('Role.js'),('Screenings.js'),('SeatCategories.js'),('Seats.js'),('Theaters.js'),('TheaterSeats.js'),('Tickets.js'),('update-imag-cinemas.js'),('User.js'),('UserScreenings.js'),('UserTickets.js');
/*!40000 ALTER TABLE `sequelizemeta` ENABLE KEYS */;
UNLOCK TABLES;

--
-- Table structure for table `showtimes`
--

DROP TABLE IF EXISTS `showtimes`;
/*!40101 SET @saved_cs_client     = @@character_set_client */;
 SET character_set_client = utf8mb4 ;
CREATE TABLE `showtimes` (
  `id` int(11) NOT NULL AUTO_INCREMENT,
  `theater_id` int(11) NOT NULL,
  `movie_id` int(11) NOT NULL,
  `start_time` datetime NOT NULL,
  `end_time` datetime NOT NULL,
  `status` varchar(255) NOT NULL DEFAULT 'Scheduled',
  `createdAt` datetime NOT NULL DEFAULT current_timestamp(),
  `updatedAt` datetime NOT NULL DEFAULT current_timestamp(),
  `price` decimal(10,2) NOT NULL DEFAULT 0.00,
  PRIMARY KEY (`id`),
  KEY `theater_id` (`theater_id`),
  KEY `movie_id` (`movie_id`),
  CONSTRAINT `showtimes_ibfk_1` FOREIGN KEY (`theater_id`) REFERENCES `theaters` (`id`) ON DELETE CASCADE ON UPDATE CASCADE,
  CONSTRAINT `showtimes_ibfk_2` FOREIGN KEY (`movie_id`) REFERENCES `movies` (`id`) ON DELETE CASCADE ON UPDATE CASCADE
) ENGINE=InnoDB AUTO_INCREMENT=40 DEFAULT CHARSET=utf8mb4 COLLATE=utf8mb4_general_ci;
/*!40101 SET character_set_client = @saved_cs_client */;

--
-- Dumping data for table `showtimes`
--

LOCK TABLES `showtimes` WRITE;
/*!40000 ALTER TABLE `showtimes` DISABLE KEYS */;
INSERT INTO `showtimes` VALUES (4,4,44,'2024-09-30 17:29:00','2024-10-01 19:29:00','Scheduled','2024-09-22 01:39:42','2024-09-23 13:04:36',120000.00),(9,4,42,'2024-09-30 20:13:00','2024-10-01 14:14:00','Scheduled','2024-09-23 13:13:52','2024-09-23 13:13:52',100000.00),(10,4,44,'2024-09-26 11:30:00','2024-09-26 13:11:00','Scheduled','2024-09-26 11:10:57','2024-10-16 13:00:53',100000.00),(11,5,44,'2024-09-30 17:29:00','2024-10-01 19:29:00','Scheduled','2024-09-26 11:13:34','2024-09-26 11:13:34',100000.00),(12,12,44,'2024-09-26 00:15:00','2024-09-26 14:18:00','Scheduled','2024-09-26 11:15:28','2024-09-26 11:15:28',100000.00),(13,12,44,'2024-09-27 11:20:00','2024-09-27 12:21:00','Scheduled','2024-09-26 11:21:05','2024-09-26 11:21:05',100000.00),(14,4,42,'2024-10-01 14:19:00','2024-10-01 15:21:00','Scheduled','2024-10-01 14:20:28','2024-10-16 13:01:21',10000.00),(15,4,29,'2024-10-01 16:26:00','2024-10-01 17:30:00','Scheduled','2024-10-01 14:27:38','2024-10-01 14:27:38',100000.00),(16,5,29,'2024-10-02 18:51:00','2024-10-02 19:51:00','Scheduled','2024-10-02 18:51:34','2024-10-02 18:51:34',200.00),(17,5,43,'2024-10-06 14:47:00','2024-10-06 15:48:00','Scheduled','2024-10-06 14:48:04','2024-10-06 14:48:04',5000.00),(18,5,42,'2024-10-06 16:48:00','2024-10-06 17:51:00','Scheduled','2024-10-06 14:48:34','2024-10-06 14:48:34',6000.00),(19,8,44,'2024-10-07 15:01:00','2024-10-07 17:01:00','Scheduled','2024-10-07 15:01:46','2024-10-07 15:01:46',2000.00),(20,8,29,'2024-10-07 18:05:00','2024-10-07 19:05:00','Scheduled','2024-10-07 15:02:18','2024-10-07 15:02:18',2000.00),(21,8,29,'2024-10-07 23:31:00','2024-10-08 01:31:00','Scheduled','2024-10-07 23:31:58','2024-10-07 23:31:58',600.00),(22,8,29,'2024-10-08 17:26:00','2024-10-08 18:27:00','Scheduled','2024-10-08 17:26:35','2024-10-08 17:26:35',500.00),(23,8,29,'2024-10-08 19:28:00','2024-10-08 20:28:00','Scheduled','2024-10-08 17:27:05','2024-10-08 17:27:05',100.00),(24,4,29,'2024-10-08 22:28:00','2024-10-08 23:28:00','Scheduled','2024-10-08 17:28:52','2024-10-08 17:28:52',100.00),(25,8,44,'2024-10-08 15:02:00','2024-10-08 15:32:00','Scheduled','2024-10-08 17:32:41','2024-10-08 17:32:41',200.00),(26,4,42,'2024-10-12 23:36:00','2024-10-12 23:59:00','Scheduled','2024-10-08 23:37:31','2024-10-08 23:37:31',200.00),(27,5,45,'2024-10-13 16:27:00','2024-10-13 17:28:00','Scheduled','2024-10-09 16:27:29','2024-10-09 16:27:29',200.00),(28,8,45,'2024-10-16 01:43:00','2024-10-16 02:43:00','Scheduled','2024-10-11 00:11:50','2024-10-11 00:38:29',200.00),(29,4,29,'2024-10-13 21:50:00','2024-10-13 23:51:00','Scheduled','2024-10-11 23:47:05','2024-10-11 23:47:05',100.00),(30,12,42,'2024-10-16 21:31:00','2024-10-16 22:42:00','Scheduled','2024-10-16 16:30:04','2024-10-16 16:30:04',50000.00),(31,12,43,'2024-10-17 13:39:00','2024-10-17 15:30:00','Scheduled','2024-10-16 16:31:11','2024-10-16 16:31:11',50000.00),(32,12,43,'2024-10-17 18:27:00','2024-10-17 19:32:00','Scheduled','2024-10-16 16:31:57','2024-10-16 16:31:57',50000.00),(33,12,45,'2024-10-17 20:00:00','2024-10-17 20:30:00','Scheduled','2024-10-16 16:33:22','2024-10-16 16:36:12',20000.00),(34,4,29,'2024-10-17 13:00:00','2024-10-17 14:42:00','Scheduled','2024-10-16 16:37:41','2024-10-16 16:37:41',20000.00),(35,4,29,'2024-10-17 15:00:00','2024-10-17 16:01:00','Scheduled','2024-10-16 16:38:34','2024-10-16 16:38:34',10000.00),(36,5,43,'2024-10-17 16:39:00','2024-10-17 17:39:00','Scheduled','2024-10-16 16:39:44','2024-10-16 16:39:44',20000.00),(37,5,45,'2024-10-18 16:39:00','2024-10-18 17:42:00','Scheduled','2024-10-16 16:40:11','2024-10-16 16:40:11',10000.00),(38,4,42,'2024-10-19 16:40:00','2024-10-19 18:41:00','Scheduled','2024-10-16 16:41:34','2024-10-16 16:41:34',100000.00),(39,5,42,'2024-10-16 23:14:00','2024-10-17 01:15:00','Scheduled','2024-10-16 23:14:40','2024-10-16 23:14:40',30000.00);
/*!40000 ALTER TABLE `showtimes` ENABLE KEYS */;
UNLOCK TABLES;

--
-- Table structure for table `theaters`
--

DROP TABLE IF EXISTS `theaters`;
/*!40101 SET @saved_cs_client     = @@character_set_client */;
 SET character_set_client = utf8mb4 ;
CREATE TABLE `theaters` (
  `id` int(11) NOT NULL AUTO_INCREMENT,
  `name` varchar(255) NOT NULL,
  `cinema_id` int(11) NOT NULL,
  `capacity` int(11) NOT NULL,
  `createdAt` datetime NOT NULL,
  `updatedAt` datetime NOT NULL,
  PRIMARY KEY (`id`),
  KEY `cinema_id` (`cinema_id`),
  CONSTRAINT `theaters_ibfk_1` FOREIGN KEY (`cinema_id`) REFERENCES `cinemas` (`id`)
) ENGINE=InnoDB AUTO_INCREMENT=13 DEFAULT CHARSET=utf8mb4 COLLATE=utf8mb4_general_ci;
/*!40101 SET character_set_client = @saved_cs_client */;

--
-- Dumping data for table `theaters`
--

LOCK TABLES `theaters` WRITE;
/*!40000 ALTER TABLE `theaters` DISABLE KEYS */;
INSERT INTO `theaters` VALUES (4,'Theater 1',5,200,'2024-09-20 01:18:04','2024-09-20 01:18:04'),(5,'Theater 2',5,200,'2024-09-20 01:18:29','2024-09-20 01:18:29'),(8,'Theater 3',5,3,'2024-09-20 17:29:36','2024-09-20 17:30:16'),(12,'p1',6,200,'2024-09-26 11:14:55','2024-09-26 11:14:55');
/*!40000 ALTER TABLE `theaters` ENABLE KEYS */;
UNLOCK TABLES;

--
-- Table structure for table `theaterseats`
--

DROP TABLE IF EXISTS `theaterseats`;
/*!40101 SET @saved_cs_client     = @@character_set_client */;
 SET character_set_client = utf8mb4 ;
CREATE TABLE `theaterseats` (
  `theater_id` int(11) NOT NULL,
  `seat_id` int(11) NOT NULL,
  KEY `theater_id` (`theater_id`),
  KEY `seat_id` (`seat_id`),
  CONSTRAINT `theaterseats_ibfk_1` FOREIGN KEY (`theater_id`) REFERENCES `theaters` (`id`),
  CONSTRAINT `theaterseats_ibfk_2` FOREIGN KEY (`seat_id`) REFERENCES `seats` (`id`)
) ENGINE=InnoDB DEFAULT CHARSET=utf8mb4 COLLATE=utf8mb4_general_ci;
/*!40101 SET character_set_client = @saved_cs_client */;

--
-- Dumping data for table `theaterseats`
--

LOCK TABLES `theaterseats` WRITE;
/*!40000 ALTER TABLE `theaterseats` DISABLE KEYS */;
/*!40000 ALTER TABLE `theaterseats` ENABLE KEYS */;
UNLOCK TABLES;

--
-- Table structure for table `tickets`
--

DROP TABLE IF EXISTS `tickets`;
/*!40101 SET @saved_cs_client     = @@character_set_client */;
 SET character_set_client = utf8mb4 ;
CREATE TABLE `tickets` (
  `id` int(11) NOT NULL AUTO_INCREMENT,
  `price` decimal(10,2) NOT NULL,
  `user_id` int(11) NOT NULL,
  `status` enum('confirmed','cancelled','used') NOT NULL DEFAULT 'confirmed',
  `createdAt` datetime NOT NULL,
  `updatedAt` datetime NOT NULL,
  `showtime_id` int(11) NOT NULL,
  `payment_method` varchar(255) NOT NULL,
  `payment_status` enum('pending','completed','failed') NOT NULL DEFAULT 'pending',
  `reserved_at` datetime DEFAULT NULL,
  PRIMARY KEY (`id`),
  KEY `user_id` (`user_id`),
  KEY `Tickets_showtime_id_foreign_idx` (`showtime_id`),
  CONSTRAINT `Tickets_showtime_id_foreign_idx` FOREIGN KEY (`showtime_id`) REFERENCES `showtimes` (`id`) ON DELETE CASCADE,
  CONSTRAINT `tickets_ibfk_1` FOREIGN KEY (`user_id`) REFERENCES `users` (`id`),
  CONSTRAINT `tickets_ibfk_10` FOREIGN KEY (`user_id`) REFERENCES `users` (`id`),
  CONSTRAINT `tickets_ibfk_100` FOREIGN KEY (`user_id`) REFERENCES `users` (`id`),
  CONSTRAINT `tickets_ibfk_103` FOREIGN KEY (`user_id`) REFERENCES `users` (`id`),
  CONSTRAINT `tickets_ibfk_106` FOREIGN KEY (`user_id`) REFERENCES `users` (`id`),
  CONSTRAINT `tickets_ibfk_109` FOREIGN KEY (`user_id`) REFERENCES `users` (`id`),
  CONSTRAINT `tickets_ibfk_112` FOREIGN KEY (`user_id`) REFERENCES `users` (`id`),
  CONSTRAINT `tickets_ibfk_115` FOREIGN KEY (`user_id`) REFERENCES `users` (`id`),
  CONSTRAINT `tickets_ibfk_118` FOREIGN KEY (`user_id`) REFERENCES `users` (`id`),
  CONSTRAINT `tickets_ibfk_121` FOREIGN KEY (`user_id`) REFERENCES `users` (`id`),
  CONSTRAINT `tickets_ibfk_124` FOREIGN KEY (`user_id`) REFERENCES `users` (`id`),
  CONSTRAINT `tickets_ibfk_127` FOREIGN KEY (`user_id`) REFERENCES `users` (`id`),
  CONSTRAINT `tickets_ibfk_13` FOREIGN KEY (`user_id`) REFERENCES `users` (`id`),
  CONSTRAINT `tickets_ibfk_130` FOREIGN KEY (`user_id`) REFERENCES `users` (`id`),
  CONSTRAINT `tickets_ibfk_133` FOREIGN KEY (`user_id`) REFERENCES `users` (`id`),
  CONSTRAINT `tickets_ibfk_136` FOREIGN KEY (`user_id`) REFERENCES `users` (`id`),
  CONSTRAINT `tickets_ibfk_139` FOREIGN KEY (`user_id`) REFERENCES `users` (`id`),
  CONSTRAINT `tickets_ibfk_142` FOREIGN KEY (`user_id`) REFERENCES `users` (`id`),
  CONSTRAINT `tickets_ibfk_145` FOREIGN KEY (`user_id`) REFERENCES `users` (`id`),
  CONSTRAINT `tickets_ibfk_148` FOREIGN KEY (`user_id`) REFERENCES `users` (`id`),
  CONSTRAINT `tickets_ibfk_151` FOREIGN KEY (`user_id`) REFERENCES `users` (`id`),
  CONSTRAINT `tickets_ibfk_154` FOREIGN KEY (`user_id`) REFERENCES `users` (`id`),
  CONSTRAINT `tickets_ibfk_157` FOREIGN KEY (`user_id`) REFERENCES `users` (`id`),
  CONSTRAINT `tickets_ibfk_16` FOREIGN KEY (`user_id`) REFERENCES `users` (`id`),
  CONSTRAINT `tickets_ibfk_160` FOREIGN KEY (`user_id`) REFERENCES `users` (`id`),
  CONSTRAINT `tickets_ibfk_163` FOREIGN KEY (`user_id`) REFERENCES `users` (`id`),
  CONSTRAINT `tickets_ibfk_166` FOREIGN KEY (`user_id`) REFERENCES `users` (`id`),
  CONSTRAINT `tickets_ibfk_169` FOREIGN KEY (`user_id`) REFERENCES `users` (`id`),
  CONSTRAINT `tickets_ibfk_172` FOREIGN KEY (`user_id`) REFERENCES `users` (`id`),
  CONSTRAINT `tickets_ibfk_175` FOREIGN KEY (`user_id`) REFERENCES `users` (`id`),
  CONSTRAINT `tickets_ibfk_176` FOREIGN KEY (`user_id`) REFERENCES `users` (`id`),
  CONSTRAINT `tickets_ibfk_179` FOREIGN KEY (`user_id`) REFERENCES `users` (`id`),
  CONSTRAINT `tickets_ibfk_19` FOREIGN KEY (`user_id`) REFERENCES `users` (`id`),
  CONSTRAINT `tickets_ibfk_22` FOREIGN KEY (`user_id`) REFERENCES `users` (`id`),
  CONSTRAINT `tickets_ibfk_25` FOREIGN KEY (`user_id`) REFERENCES `users` (`id`),
  CONSTRAINT `tickets_ibfk_28` FOREIGN KEY (`user_id`) REFERENCES `users` (`id`),
  CONSTRAINT `tickets_ibfk_31` FOREIGN KEY (`user_id`) REFERENCES `users` (`id`),
  CONSTRAINT `tickets_ibfk_34` FOREIGN KEY (`user_id`) REFERENCES `users` (`id`),
  CONSTRAINT `tickets_ibfk_37` FOREIGN KEY (`user_id`) REFERENCES `users` (`id`),
  CONSTRAINT `tickets_ibfk_4` FOREIGN KEY (`user_id`) REFERENCES `users` (`id`),
  CONSTRAINT `tickets_ibfk_40` FOREIGN KEY (`user_id`) REFERENCES `users` (`id`),
  CONSTRAINT `tickets_ibfk_43` FOREIGN KEY (`user_id`) REFERENCES `users` (`id`),
  CONSTRAINT `tickets_ibfk_46` FOREIGN KEY (`user_id`) REFERENCES `users` (`id`),
  CONSTRAINT `tickets_ibfk_49` FOREIGN KEY (`user_id`) REFERENCES `users` (`id`),
  CONSTRAINT `tickets_ibfk_52` FOREIGN KEY (`user_id`) REFERENCES `users` (`id`),
  CONSTRAINT `tickets_ibfk_55` FOREIGN KEY (`user_id`) REFERENCES `users` (`id`),
  CONSTRAINT `tickets_ibfk_58` FOREIGN KEY (`user_id`) REFERENCES `users` (`id`),
  CONSTRAINT `tickets_ibfk_61` FOREIGN KEY (`user_id`) REFERENCES `users` (`id`),
  CONSTRAINT `tickets_ibfk_64` FOREIGN KEY (`user_id`) REFERENCES `users` (`id`),
  CONSTRAINT `tickets_ibfk_67` FOREIGN KEY (`user_id`) REFERENCES `users` (`id`),
  CONSTRAINT `tickets_ibfk_7` FOREIGN KEY (`user_id`) REFERENCES `users` (`id`),
  CONSTRAINT `tickets_ibfk_70` FOREIGN KEY (`user_id`) REFERENCES `users` (`id`),
  CONSTRAINT `tickets_ibfk_73` FOREIGN KEY (`user_id`) REFERENCES `users` (`id`),
  CONSTRAINT `tickets_ibfk_76` FOREIGN KEY (`user_id`) REFERENCES `users` (`id`),
  CONSTRAINT `tickets_ibfk_79` FOREIGN KEY (`user_id`) REFERENCES `users` (`id`),
  CONSTRAINT `tickets_ibfk_82` FOREIGN KEY (`user_id`) REFERENCES `users` (`id`),
  CONSTRAINT `tickets_ibfk_85` FOREIGN KEY (`user_id`) REFERENCES `users` (`id`),
  CONSTRAINT `tickets_ibfk_88` FOREIGN KEY (`user_id`) REFERENCES `users` (`id`),
  CONSTRAINT `tickets_ibfk_91` FOREIGN KEY (`user_id`) REFERENCES `users` (`id`),
  CONSTRAINT `tickets_ibfk_94` FOREIGN KEY (`user_id`) REFERENCES `users` (`id`),
  CONSTRAINT `tickets_ibfk_97` FOREIGN KEY (`user_id`) REFERENCES `users` (`id`)
) ENGINE=InnoDB AUTO_INCREMENT=160 DEFAULT CHARSET=utf8mb4 COLLATE=utf8mb4_general_ci;
/*!40101 SET character_set_client = @saved_cs_client */;

--
-- Dumping data for table `tickets`
--

LOCK TABLES `tickets` WRITE;
/*!40000 ALTER TABLE `tickets` DISABLE KEYS */;
INSERT INTO `tickets` VALUES (50,220000.00,93,'confirmed','2024-10-01 01:13:58','2024-10-01 01:39:00',4,'paypal','','2024-10-01 01:13:58'),(51,220000.00,93,'confirmed','2024-10-01 01:15:47','2024-10-01 01:39:00',4,'paypal','','2024-10-01 01:15:47'),(52,220000.00,93,'confirmed','2024-10-01 01:18:39','2024-10-01 01:39:00',4,'paypal','','2024-10-01 01:18:39'),(53,220000.00,93,'confirmed','2024-10-01 01:40:47','2024-10-01 01:41:15',4,'PayPal','completed','2024-10-01 01:40:47'),(54,220000.00,93,'confirmed','2024-10-01 01:41:53','2024-10-01 01:57:00',4,'paypal','','2024-10-01 01:41:53'),(55,270000.00,93,'confirmed','2024-10-01 01:47:38','2024-10-01 01:49:29',4,'PayPal','completed','2024-10-01 01:47:38'),(56,200000.00,18,'confirmed','2024-10-01 02:35:43','2024-10-01 11:42:00',9,'paypal','','2024-10-01 02:35:43'),(57,200000.00,18,'confirmed','2024-10-01 02:35:43','2024-10-01 11:42:00',9,'paypal','','2024-10-01 02:35:43'),(58,1100000.00,93,'confirmed','2024-10-01 14:55:03','2024-10-01 14:55:35',14,'PayPal','completed','2024-10-01 14:55:03'),(59,200000.00,93,'confirmed','2024-10-01 16:42:39','2024-10-01 16:43:02',15,'PayPal','completed','2024-10-01 16:42:39'),(60,1100000.00,93,'confirmed','2024-10-01 16:43:23','2024-10-01 16:43:34',14,'PayPal','completed','2024-10-01 16:43:23'),(61,1100000.00,93,'confirmed','2024-10-01 16:43:47','2024-10-01 16:43:58',14,'PayPal','completed','2024-10-01 16:43:47'),(62,200000.00,93,'confirmed','2024-10-01 16:44:13','2024-10-01 16:44:25',15,'PayPal','completed','2024-10-01 16:44:13'),(63,250000.00,93,'confirmed','2024-10-01 17:33:42','2024-10-01 17:49:00',15,'paypal','','2024-10-01 17:33:42'),(64,200000.00,93,'confirmed','2024-10-01 18:03:15','2024-10-01 18:03:36',15,'PayPal','completed','2024-10-01 18:03:15'),(65,200000.00,93,'confirmed','2024-10-01 18:04:19','2024-10-01 22:25:00',15,'paypal','','2024-10-01 18:04:19'),(66,200000.00,93,'confirmed','2024-10-01 22:51:02','2024-10-01 22:55:14',15,'PayPal','completed','2024-10-01 22:51:02'),(67,200000.00,93,'confirmed','2024-10-02 00:19:02','2024-10-02 00:19:26',15,'PayPal','completed','2024-10-02 00:19:02'),(68,200000.00,93,'confirmed','2024-10-02 00:20:24','2024-10-02 00:21:11',15,'PayPal','completed','2024-10-02 00:20:24'),(69,250000.00,93,'confirmed','2024-10-02 00:23:19','2024-10-02 00:24:13',15,'paypal','','2024-10-02 00:23:19'),(70,250000.00,93,'confirmed','2024-10-02 00:24:33','2024-10-02 10:23:00',15,'paypal','','2024-10-02 00:24:33'),(71,200000.00,93,'confirmed','2024-10-01 16:42:39','2024-10-01 16:43:02',15,'PayPal','completed','2024-10-02 00:26:13'),(72,250000.00,93,'cancelled','2024-10-02 00:30:15','2024-10-02 00:32:24',11,'PayPal','completed','2024-10-02 00:30:15'),(73,100200.00,93,'confirmed','2024-10-02 18:51:53','2024-10-02 22:46:00',16,'paypal','','2024-10-02 18:51:53'),(74,156000.00,93,'confirmed','2024-10-06 14:57:27','2024-10-06 14:58:24',18,'PayPal','completed','2024-10-06 14:57:27'),(75,202000.00,93,'confirmed','2024-10-07 16:39:23','2024-10-07 16:55:00',20,'paypal','','2024-10-07 16:39:23'),(76,102000.00,93,'confirmed','2024-10-07 16:50:44','2024-10-07 17:06:00',20,'paypal','','2024-10-07 16:50:44'),(77,202000.00,93,'confirmed','2024-10-07 16:55:53','2024-10-07 17:11:00',20,'paypal','','2024-10-07 16:55:53'),(78,102000.00,93,'confirmed','2024-10-07 16:57:44','2024-10-07 16:57:56',20,'PayPal','completed','2024-10-07 16:57:44'),(79,200600.00,93,'confirmed','2024-10-07 23:32:51','2024-10-07 23:33:33',21,'PayPal','completed','2024-10-07 23:32:51'),(80,100200.00,93,'confirmed','2024-10-09 00:37:38','2024-10-09 00:38:25',26,'PayPal','completed','2024-10-09 00:37:38'),(81,100200.00,93,'confirmed','2024-10-09 00:44:33','2024-10-09 00:44:45',26,'PayPal','completed','2024-10-09 00:44:33'),(82,100200.00,93,'confirmed','2024-10-09 00:44:33','2024-10-09 01:00:00',26,'paypal','','2024-10-09 00:44:33'),(83,100200.00,93,'confirmed','2024-10-09 00:44:33','2024-10-09 01:00:00',26,'paypal','','2024-10-09 00:44:33'),(84,100200.00,93,'confirmed','2024-10-09 00:45:14','2024-10-09 00:53:29',26,'PayPal','completed','2024-10-09 00:45:14'),(92,250400.00,93,'confirmed','2024-10-09 11:49:59','2024-10-09 12:00:00',26,'paypal','failed','2024-10-09 11:49:59'),(93,250400.00,93,'confirmed','2024-10-09 12:01:13','2024-10-09 12:07:00',26,'paypal','failed','2024-10-09 12:01:13'),(94,200400.00,93,'confirmed','2024-10-09 12:02:03','2024-10-09 12:08:00',26,'paypal','failed','2024-10-09 12:02:03'),(95,100200.00,93,'confirmed','2024-10-09 12:09:07','2024-10-09 12:15:00',26,'paypal','failed','2024-10-09 12:09:07'),(96,100200.00,93,'confirmed','2024-10-09 12:27:42','2024-10-09 12:33:00',26,'paypal','failed','2024-10-09 12:27:42'),(97,100200.00,93,'confirmed','2024-10-09 12:42:15','2024-10-09 12:48:00',26,'paypal','failed','2024-10-09 12:42:15'),(98,200400.00,93,'confirmed','2024-10-09 12:44:51','2024-10-09 12:50:00',26,'paypal','failed','2024-10-09 12:44:51'),(99,100200.00,93,'confirmed','2024-10-09 13:18:31','2024-10-09 13:25:00',26,'paypal','failed','2024-10-09 13:18:31'),(100,100200.00,93,'confirmed','2024-10-09 13:25:44','2024-10-09 13:31:00',26,'paypal','failed','2024-10-09 13:25:44'),(101,100200.00,93,'confirmed','2024-10-09 13:33:35','2024-10-09 13:39:00',26,'paypal','failed','2024-10-09 13:33:35'),(102,100200.00,93,'confirmed','2024-10-09 13:38:17','2024-10-09 13:39:08',26,'PayPal','completed','2024-10-09 13:38:17'),(103,250400.00,93,'confirmed','2024-10-09 13:39:41','2024-10-09 13:39:52',26,'PayPal','completed','2024-10-09 13:39:41'),(104,300600.00,93,'confirmed','2024-10-09 13:41:35','2024-10-09 13:41:46',26,'PayPal','completed','2024-10-09 13:41:35'),(105,150200.00,93,'confirmed','2024-10-11 10:57:17','2024-10-11 11:03:00',27,'paypal','failed','2024-10-11 10:57:17'),(106,150200.00,93,'confirmed','2024-10-11 10:59:01','2024-10-11 11:01:07',27,'PayPal','completed','2024-10-11 10:59:01'),(107,150200.00,93,'confirmed','2024-10-11 11:04:44','2024-10-11 11:10:00',27,'paypal','failed','2024-10-11 11:04:44'),(108,200200.00,93,'confirmed','2024-10-11 11:06:31','2024-10-11 11:12:00',27,'paypal','failed','2024-10-11 11:06:31'),(109,150200.00,93,'confirmed','2024-10-11 11:11:18','2024-10-11 11:17:00',27,'paypal','failed','2024-10-11 11:11:18'),(110,100200.00,93,'confirmed','2024-10-11 11:15:20','2024-10-11 11:15:58',27,'PayPal','completed','2024-10-11 11:15:20'),(111,150200.00,93,'confirmed','2024-10-11 11:19:18','2024-10-11 11:25:00',27,'paypal','failed','2024-10-11 11:19:18'),(112,100200.00,93,'confirmed','2024-10-11 11:24:23','2024-10-11 11:30:00',27,'paypal','failed','2024-10-11 11:24:23'),(113,150200.00,93,'confirmed','2024-10-11 11:25:32','2024-10-11 11:31:00',27,'paypal','failed','2024-10-11 11:25:32'),(114,200200.00,93,'confirmed','2024-10-11 11:27:13','2024-10-11 11:33:00',27,'paypal','failed','2024-10-11 11:27:13'),(115,150200.00,93,'confirmed','2024-10-11 11:37:29','2024-10-11 11:43:00',27,'paypal','failed','2024-10-11 11:37:29'),(116,200200.00,93,'confirmed','2024-10-11 11:38:17','2024-10-11 11:42:08',27,'PayPal','completed','2024-10-11 11:38:17'),(117,100200.00,93,'confirmed','2024-10-11 11:42:19','2024-10-11 11:48:00',27,'paypal','failed','2024-10-11 11:42:19'),(118,150200.00,93,'confirmed','2024-10-11 11:48:45','2024-10-11 11:54:00',27,'paypal','failed','2024-10-11 11:48:45'),(119,100200.00,93,'confirmed','2024-10-11 11:50:50','2024-10-11 11:56:00',27,'paypal','failed','2024-10-11 11:50:50'),(120,150200.00,93,'confirmed','2024-10-11 11:59:24','2024-10-11 12:05:00',27,'paypal','failed','2024-10-11 11:59:24'),(121,100200.00,93,'confirmed','2024-10-11 12:03:17','2024-10-11 12:03:55',27,'PayPal','completed','2024-10-11 12:03:17'),(122,200200.00,93,'confirmed','2024-10-11 18:41:35','2024-10-11 18:47:00',28,'paypal','failed','2024-10-11 18:41:35'),(123,100100.00,93,'confirmed','2024-10-12 00:55:45','2024-10-12 01:01:00',29,'paypal','failed','2024-10-12 00:55:45'),(124,150100.00,93,'confirmed','2024-10-12 01:16:32','2024-10-12 01:17:09',29,'PayPal','completed','2024-10-12 01:16:32'),(125,100100.00,93,'confirmed','2024-10-12 23:41:26','2024-10-12 23:47:00',29,'paypal','failed','2024-10-12 23:41:26'),(126,100100.00,93,'confirmed','2024-10-12 23:46:38','2024-10-12 23:52:00',29,'paypal','failed','2024-10-12 23:46:38'),(127,150100.00,18,'confirmed','2024-10-13 01:08:44','2024-10-13 01:14:00',29,'paypal','failed','2024-10-13 01:08:44'),(128,200100.00,93,'confirmed','2024-10-13 01:34:26','2024-10-13 15:37:00',29,'paypal','failed','2024-10-13 01:34:26'),(129,150100.00,93,'confirmed','2024-10-13 01:36:57','2024-10-13 15:37:00',29,'paypal','failed','2024-10-13 01:36:57'),(130,150100.00,18,'confirmed','2024-10-13 16:47:55','2024-10-13 16:53:00',29,'paypal','failed','2024-10-13 16:47:55'),(131,100100.00,93,'confirmed','2024-10-13 16:49:19','2024-10-13 16:55:00',29,'paypal','failed','2024-10-13 16:49:19'),(132,100100.00,93,'confirmed','2024-10-13 16:50:38','2024-10-13 16:56:00',29,'paypal','failed','2024-10-13 16:50:38'),(133,100100.00,93,'confirmed','2024-10-13 16:59:47','2024-10-13 17:00:26',29,'PayPal','completed','2024-10-13 16:59:47'),(134,150100.00,18,'confirmed','2024-10-13 17:02:23','2024-10-13 17:02:49',29,'PayPal','completed','2024-10-13 17:02:23'),(135,100100.00,18,'confirmed','2024-10-13 17:03:38','2024-10-13 17:03:52',29,'PayPal','completed','2024-10-13 17:03:38'),(136,150100.00,93,'confirmed','2024-10-13 17:19:01','2024-10-13 17:20:22',29,'PayPal','completed','2024-10-13 17:19:01'),(137,100100.00,93,'confirmed','2024-10-13 17:33:15','2024-10-13 17:33:29',29,'PayPal','completed','2024-10-13 17:33:15'),(138,100100.00,93,'confirmed','2024-10-13 17:37:39','2024-10-13 17:37:50',29,'PayPal','completed','2024-10-13 17:37:39'),(139,200100.00,93,'confirmed','2024-10-13 17:47:32','2024-10-13 17:47:44',29,'PayPal','completed','2024-10-13 17:47:32'),(140,100100.00,93,'confirmed','2024-10-13 17:51:06','2024-10-13 17:51:16',29,'PayPal','completed','2024-10-13 17:51:06'),(141,100100.00,93,'confirmed','2024-10-13 17:52:14','2024-10-13 17:52:25',29,'PayPal','completed','2024-10-13 17:52:14'),(142,100100.00,93,'confirmed','2024-10-13 18:15:58','2024-10-13 18:16:20',29,'PayPal','completed','2024-10-13 18:15:58'),(143,100100.00,93,'confirmed','2024-10-13 18:26:34','2024-10-13 18:26:46',29,'PayPal','completed','2024-10-13 18:26:34'),(144,100100.00,18,'confirmed','2024-10-13 18:37:49','2024-10-13 18:38:37',29,'PayPal','completed','2024-10-13 18:37:49'),(145,150100.00,93,'confirmed','2024-10-13 19:20:34','2024-10-13 19:26:00',29,'paypal','failed','2024-10-13 19:20:34'),(146,100100.00,93,'confirmed','2024-10-13 19:28:33','2024-10-13 19:34:00',29,'paypal','failed','2024-10-13 19:28:33'),(147,100100.00,18,'confirmed','2024-10-13 19:43:16','2024-10-13 19:44:14',29,'PayPal','completed','2024-10-13 19:43:15'),(148,100100.00,93,'confirmed','2024-10-13 19:47:05','2024-10-13 19:47:17',29,'PayPal','completed','2024-10-13 19:47:05'),(149,150100.00,93,'confirmed','2024-10-13 19:50:37','2024-10-13 19:50:48',29,'PayPal','completed','2024-10-13 19:50:37'),(150,100100.00,93,'confirmed','2024-10-13 19:51:47','2024-10-13 19:51:59',29,'PayPal','completed','2024-10-13 19:51:47'),(151,100200.00,112,'confirmed','2024-10-15 23:50:05','2024-10-15 23:56:00',28,'paypal','failed','2024-10-15 23:50:05'),(152,100200.00,112,'confirmed','2024-10-15 23:53:34','2024-10-15 23:54:18',28,'PayPal','completed','2024-10-15 23:53:34'),(153,200200.00,112,'confirmed','2024-10-15 23:56:32','2024-10-15 23:56:45',28,'PayPal','completed','2024-10-15 23:56:32'),(154,100200.00,113,'confirmed','2024-10-15 23:59:01','2024-10-15 23:59:18',28,'PayPal','completed','2024-10-15 23:59:01'),(155,260000.00,114,'confirmed','2024-10-16 23:17:03','2024-10-16 23:23:00',39,'paypal','failed','2024-10-16 23:17:03'),(156,230000.00,114,'used','2024-10-16 23:17:54','2024-10-16 23:51:57',39,'PayPal','completed','2024-10-16 23:17:54'),(157,180000.00,114,'used','2024-10-17 00:09:31','2024-10-17 00:12:32',39,'PayPal','completed','2024-10-17 00:09:31'),(158,120000.00,93,'confirmed','2024-10-17 08:24:45','2024-10-17 08:26:18',36,'PayPal','completed','2024-10-17 08:24:45'),(159,120000.00,93,'used','2024-10-17 08:45:45','2024-10-17 08:48:51',36,'PayPal','completed','2024-10-17 08:45:45');
/*!40000 ALTER TABLE `tickets` ENABLE KEYS */;
UNLOCK TABLES;

--
-- Table structure for table `ticketseats`
--

DROP TABLE IF EXISTS `ticketseats`;
/*!40101 SET @saved_cs_client     = @@character_set_client */;
 SET character_set_client = utf8mb4 ;
CREATE TABLE `ticketseats` (
  `ticket_id` int(11) NOT NULL,
  `seat_id` int(11) NOT NULL,
  KEY `ticket_id` (`ticket_id`),
  KEY `seat_id` (`seat_id`),
  CONSTRAINT `ticketseats_ibfk_1` FOREIGN KEY (`ticket_id`) REFERENCES `tickets` (`id`) ON DELETE CASCADE ON UPDATE CASCADE,
  CONSTRAINT `ticketseats_ibfk_2` FOREIGN KEY (`seat_id`) REFERENCES `seats` (`id`) ON DELETE CASCADE ON UPDATE CASCADE
) ENGINE=InnoDB DEFAULT CHARSET=utf8mb4 COLLATE=utf8mb4_general_ci;
/*!40101 SET character_set_client = @saved_cs_client */;

--
-- Dumping data for table `ticketseats`
--

LOCK TABLES `ticketseats` WRITE;
/*!40000 ALTER TABLE `ticketseats` DISABLE KEYS */;
INSERT INTO `ticketseats` VALUES (50,29),(51,27),(52,26),(53,21),(54,28),(55,18),(56,30),(57,31),(58,29),(59,29),(60,28),(61,27),(62,28),(63,18),(64,12),(65,26),(66,27),(67,26),(68,21),(69,33),(70,33),(71,31),(72,18),(73,20),(74,41),(75,34),(76,8),(77,34),(78,9),(79,34),(80,29),(81,28),(82,27),(83,36),(84,26),(92,27),(92,37),(93,27),(93,37),(94,15),(94,17),(95,35),(96,16),(97,32),(98,13),(98,17),(99,15),(100,13),(101,15),(102,36),(103,30),(103,33),(104,27),(104,17),(104,13),(105,41),(106,40),(107,41),(108,39),(109,41),(110,20),(111,41),(112,38),(113,41),(114,39),(115,41),(116,39),(117,38),(118,41),(119,38),(120,41),(121,38),(122,34),(123,36),(124,47),(125,12),(126,31),(127,37),(128,4),(129,37),(130,37),(131,26),(132,36),(133,26),(134,37),(135,36),(136,46),(137,15),(138,12),(139,4),(140,16),(141,43),(142,44),(143,45),(144,17),(145,18),(146,21),(147,31),(148,30),(149,33),(150,13),(151,8),(152,9),(153,34),(154,10),(155,38),(155,20),(156,39),(157,40),(158,60),(159,38);
/*!40000 ALTER TABLE `ticketseats` ENABLE KEYS */;
UNLOCK TABLES;

--
-- Table structure for table `users`
--

DROP TABLE IF EXISTS `users`;
/*!40101 SET @saved_cs_client     = @@character_set_client */;
 SET character_set_client = utf8mb4 ;
CREATE TABLE `users` (
  `id` int(11) NOT NULL AUTO_INCREMENT,
  `username` varchar(255) NOT NULL,
  `email` varchar(255) NOT NULL,
  `password` varchar(255) DEFAULT NULL,
  `role_id` int(11) NOT NULL DEFAULT 1,
  `createdAt` datetime NOT NULL,
  `updatedAt` datetime NOT NULL,
  `phone_number` varchar(255) DEFAULT NULL,
  `resetPasswordToken` varchar(255) DEFAULT NULL,
  `resetPasswordExpires` datetime DEFAULT NULL,
  `image` varchar(255) DEFAULT NULL,
  `googleId` varchar(255) DEFAULT NULL,
  PRIMARY KEY (`id`),
  UNIQUE KEY `username` (`username`),
  UNIQUE KEY `email` (`email`),
  UNIQUE KEY `username_2` (`username`),
  UNIQUE KEY `email_2` (`email`),
  UNIQUE KEY `username_3` (`username`),
  UNIQUE KEY `email_3` (`email`),
  UNIQUE KEY `username_4` (`username`),
  UNIQUE KEY `email_4` (`email`),
  UNIQUE KEY `username_5` (`username`),
  UNIQUE KEY `email_5` (`email`),
  UNIQUE KEY `username_6` (`username`),
  UNIQUE KEY `email_6` (`email`),
  UNIQUE KEY `username_7` (`username`),
  UNIQUE KEY `email_7` (`email`),
  UNIQUE KEY `username_8` (`username`),
  UNIQUE KEY `email_8` (`email`),
  UNIQUE KEY `username_9` (`username`),
  UNIQUE KEY `email_9` (`email`),
  UNIQUE KEY `username_10` (`username`),
  UNIQUE KEY `email_10` (`email`),
  UNIQUE KEY `username_11` (`username`),
  UNIQUE KEY `email_11` (`email`),
  UNIQUE KEY `username_12` (`username`),
  UNIQUE KEY `email_12` (`email`),
  UNIQUE KEY `username_13` (`username`),
  UNIQUE KEY `email_13` (`email`),
  UNIQUE KEY `username_14` (`username`),
  UNIQUE KEY `email_14` (`email`),
  UNIQUE KEY `username_15` (`username`),
  UNIQUE KEY `email_15` (`email`),
  UNIQUE KEY `username_16` (`username`),
  UNIQUE KEY `email_16` (`email`),
  UNIQUE KEY `username_17` (`username`),
  UNIQUE KEY `email_17` (`email`),
  UNIQUE KEY `username_18` (`username`),
  UNIQUE KEY `email_18` (`email`),
  UNIQUE KEY `username_19` (`username`),
  UNIQUE KEY `email_19` (`email`),
  UNIQUE KEY `username_20` (`username`),
  UNIQUE KEY `email_20` (`email`),
  UNIQUE KEY `username_21` (`username`),
  UNIQUE KEY `email_21` (`email`),
  UNIQUE KEY `username_22` (`username`),
  UNIQUE KEY `email_22` (`email`),
  UNIQUE KEY `username_23` (`username`),
  UNIQUE KEY `email_23` (`email`),
  UNIQUE KEY `username_24` (`username`),
  UNIQUE KEY `email_24` (`email`),
  UNIQUE KEY `username_25` (`username`),
  UNIQUE KEY `email_25` (`email`),
  UNIQUE KEY `username_26` (`username`),
  UNIQUE KEY `email_26` (`email`),
  UNIQUE KEY `username_27` (`username`),
  UNIQUE KEY `email_27` (`email`),
  UNIQUE KEY `username_28` (`username`),
  UNIQUE KEY `email_28` (`email`),
  UNIQUE KEY `username_29` (`username`),
  UNIQUE KEY `email_29` (`email`),
  UNIQUE KEY `username_30` (`username`),
  UNIQUE KEY `email_30` (`email`),
  UNIQUE KEY `username_31` (`username`),
  UNIQUE KEY `email_31` (`email`),
  KEY `role_id` (`role_id`),
  CONSTRAINT `users_ibfk_1` FOREIGN KEY (`role_id`) REFERENCES `roles` (`role_id`) ON DELETE NO ACTION ON UPDATE CASCADE,
  CONSTRAINT `users_ibfk_2` FOREIGN KEY (`role_id`) REFERENCES `roles` (`role_id`) ON DELETE NO ACTION ON UPDATE CASCADE,
  CONSTRAINT `users_ibfk_3` FOREIGN KEY (`role_id`) REFERENCES `roles` (`role_id`) ON DELETE NO ACTION ON UPDATE CASCADE,
  CONSTRAINT `users_ibfk_4` FOREIGN KEY (`role_id`) REFERENCES `roles` (`role_id`) ON DELETE NO ACTION ON UPDATE CASCADE,
  CONSTRAINT `users_ibfk_5` FOREIGN KEY (`role_id`) REFERENCES `roles` (`role_id`) ON DELETE NO ACTION ON UPDATE CASCADE
) ENGINE=InnoDB AUTO_INCREMENT=115 DEFAULT CHARSET=utf8mb4 COLLATE=utf8mb4_general_ci;
/*!40101 SET character_set_client = @saved_cs_client */;

--
-- Dumping data for table `users`
--

LOCK TABLES `users` WRITE;
/*!40000 ALTER TABLE `users` DISABLE KEYS */;
INSERT INTO `users` VALUES (1,'admin','admin@example.com','$2a$10$bzDn1/qHsEJIvh7UVgiXPeIwFivD2Iy3mJxmjddCZERohHhrvK.uy',1,'2024-09-06 00:43:02','2024-09-08 01:55:28','0123456789',NULL,NULL,NULL,NULL),(3,'staff1','staff1@example.com','$2a$10$fcxPlPh0sXyVechjrq1qTu7m7wvaVlVMhooNrsaBo/ZBheiXU50PC',2,'2024-09-07 09:08:25','2024-10-16 16:45:37','0987654321',NULL,NULL,'http://localhost:5000/uploads\\image-1729071937168-76413100.jpg',NULL),(18,'dung','nguyenvandung050402@gmail.com','$2a$12$WfnjWrmes7SV1w4Cm3nxeuZXKjYbEJCgNHwN6v2tHCJH2XOkDwX0u',3,'2024-09-14 09:50:03','2024-10-16 16:51:07','09876555','6e9bee79d6b8c6abee67702f499c7f0a60691a0d381779844da235bf7e90d22c','2024-09-14 10:01:15','http://localhost:5000/uploads\\image-1729072267234-625393285.jpg',NULL),(72,'test1','test1@example.com','$2a$10$i/Mh4Iv7hY7iEd7V38slZuPWTj09TY9NbZWtiA1lNmYagZcKqo2pa',3,'2024-09-17 16:11:37','2024-09-25 00:08:19','0123456789',NULL,NULL,'https://res.cloudinary.com/dqah4axnc/image/upload/v1727197699/movies/iuhv1vnu0xadcblor7qm.jpg',NULL),(81,'jjfh','a','$2a$10$2nF6NaBfVzuzS8jEsSPKX.2BTCPCblV3WKM2QBiIwGszM.J8.sqia',2,'2024-09-17 18:47:57','2024-09-17 18:47:57','7654444',NULL,NULL,'https://res.cloudinary.com/dqah4axnc/image/upload/v1726598876/movies/ncffhkhigiqfkgypd7gb.png',NULL),(82,'admin2','admin2@example.com','$2a$10$MAURpZpoBCVRwSEw/z0UF.t7HPwXJqxIYFuHxR6bGGpIXWgjjVTHS',1,'2024-09-17 18:53:44','2024-10-16 16:47:29','0009887662',NULL,NULL,'http://localhost:5000/uploads\\image-1729072049977-919898156.jpg',NULL),(83,'abc','abc@gmail.com','$2a$10$LVqFzZJ2pqvLBJ78BXhm/e3UaftiKYH7kdZ24H7e/LemCEGMsnCiq',2,'2024-09-18 09:29:57','2024-09-18 09:29:57','0982763',NULL,NULL,'https://res.cloudinary.com/dqah4axnc/image/upload/v1726626596/movies/sv5ayqhujds5fdzbbkku.png',NULL),(84,'93589rf','ablkjlw','$2a$10$WY3sb2FfW3AMfgQTxnszvuUvwzd5QC7ZC3cjLxEoYumcDPIEaHdiS',2,'2024-09-18 10:33:39','2024-10-16 16:45:18','0385748',NULL,NULL,'http://localhost:5000/uploads\\image-1729071918582-996646821.jpg',NULL),(85,'jflu843','ảyerw','$2a$10$K.pV0NyP0wz30CIq.FXFguaHayftYftJGfz50G1cZq0HXhGaXHeH6',1,'2024-09-18 10:45:17','2024-10-16 16:47:39','09876',NULL,NULL,'http://localhost:5000/uploads\\image-1729072059357-337086282.jpg',NULL),(86,'lkfjdslkfj','fsfdkjl','$2a$10$mmP5ouG4sAxykOaAkZ33tuZH1RLBINTkIFh8PgEnrvkSFwWIMMgdu',1,'2024-09-18 10:46:01','2024-09-18 10:46:01','lfjksdlfjsl',NULL,NULL,NULL,NULL),(92,'staff2','staff2@example.com','$2a$10$77kdH7Tfi1Pos5o40S.Wt.CCzY1tqLW9DK2hH9n24AWnMj465r2Oa',2,'2024-09-18 10:53:53','2024-10-16 16:44:45','098765',NULL,NULL,'http://localhost:5000/uploads\\image-1729071885177-398629697.jpg',NULL),(93,'dung123','abcd@gmail.com','$2a$12$ziKZzScB9hTmGnlimV14D.t1WCQtG8lMzNMauseRbuhRh1q8MReKO',3,'2024-09-29 00:33:57','2024-10-13 21:35:34','097262',NULL,NULL,NULL,NULL),(94,'Dungw','dung123@gmail.com','$2a$10$q4ZXFBi0mMkPAyXyNh2F1.bm6vTi/XBz8IMu3LmG7HYoJteAXzWQe',3,'2024-09-30 10:51:15','2024-09-30 10:51:15','12334',NULL,NULL,NULL,NULL),(95,'staff3','staff3@gmail.com','$2a$10$8a/KLfFcNxZw7Ftd07XOm.H/YcJ1D9paS3zrbisCfIAhWLV8fpHKe',2,'2024-10-10 00:51:18','2024-10-10 00:51:18','0976662',NULL,NULL,NULL,NULL),(96,'staff4','staff4@gmail.com','$2a$10$bbIu2f/9AXntwnVFscqA9Oy4zuATfwSqp8jlwUaDEqGzlMPQYsB26',2,'2024-10-10 00:56:17','2024-10-10 00:56:17','123456786',NULL,NULL,'https://res.cloudinary.com/dqah4axnc/image/upload/v1728496576/movies/xdwuuhb1s7xm5wmgxo6b.jpg',NULL),(97,'staff5','staff5@@gmail.com','$2a$10$PluHz5syuwlvRJKQMrtn/eG6SJVBbytA1hkpSzFBVnvh1c3pBn7R6',2,'2024-10-10 01:00:26','2024-10-10 01:00:26','30987654',NULL,NULL,'https://res.cloudinary.com/dqah4axnc/image/upload/v1728496825/movies/flu6h6hicsiaqldkxpzd.png',NULL),(98,'staff6','staff6@gmail.com','$2a$10$bB1KcSFBabUomfzSv52uMectK9UJAj65B0vxdKQMazU6RXYBuoslO',2,'2024-10-10 01:01:28','2024-10-14 00:32:05','0987656',NULL,NULL,'http://localhost:5000/uploads\\image-1728840725180-285231846.jpg',NULL),(99,'staff7','staff7','$2a$10$7tWwOoxEKf6BfNbJauHq/OOPhSyme1o0D11TzC3.YARZOo6iomwNS',2,'2024-10-10 01:01:46','2024-10-14 00:18:18','098765678',NULL,NULL,'http://localhost:5000/uploads\\image-1728839898474-929082268.jpg',NULL),(100,'staff8','staff8@gmail,com','$2a$10$xEUzPt0aWF8dkQhK3i1wz.PKiKAKxaQgXa7WgM2FEkf/3Xourm1cO',2,'2024-10-10 01:02:15','2024-10-14 00:40:11','09876567',NULL,NULL,'http://localhost:5000/uploads\\image-1728841211199-341909830.jpg',NULL),(105,'staff9','staff9','$2a$10$zItnCOJTo3yBn/Xui4CE6OoB1rv1.nrpbvSnXAMM0FsgVwy6iOKIS',2,'2024-10-14 00:39:28','2024-10-14 00:39:58','9876543',NULL,NULL,'http://localhost:5000/uploads\\image-1728841198938-312188792.png',NULL),(112,'an','annguyen123@gmail.com','$2a$10$8E836GA/1pXlIWu1lP65Hu1LpM6I9F/Dkxb9RPj2MDq7HatKAYbRu',3,'2024-10-15 23:47:16','2024-10-15 23:47:16','34567876543234',NULL,NULL,NULL,NULL),(113,'testeeee1','test1@gmail.com','$2a$10$Z8im0ob2ybMM/DGCHqA5GuJ86O/OXiHXq30sEixd6Tm4av7vObpi2',3,'2024-10-15 23:57:43','2024-10-16 00:00:01','2134567',NULL,NULL,NULL,NULL),(114,'user1','user1@gmail.com','$2a$10$oKdnJKzwXOGvdM/tHCdNB.mkWY.D59DNnpY1q3WBUvYhOiRkO2iza',3,'2024-10-16 23:16:07','2024-10-16 23:16:07','099876552',NULL,NULL,NULL,NULL);
/*!40000 ALTER TABLE `users` ENABLE KEYS */;
UNLOCK TABLES;

--
-- Table structure for table `userscreenings`
--

DROP TABLE IF EXISTS `userscreenings`;
/*!40101 SET @saved_cs_client     = @@character_set_client */;
 SET character_set_client = utf8mb4 ;
CREATE TABLE `userscreenings` (
  `user_id` int(11) NOT NULL,
  `screening_id` int(11) NOT NULL,
  `createdAt` datetime NOT NULL,
  `updatedAt` datetime NOT NULL,
  KEY `user_id` (`user_id`),
  KEY `screening_id` (`screening_id`),
  CONSTRAINT `userscreenings_ibfk_1` FOREIGN KEY (`user_id`) REFERENCES `users` (`id`),
  CONSTRAINT `userscreenings_ibfk_2` FOREIGN KEY (`screening_id`) REFERENCES `screenings` (`id`)
) ENGINE=InnoDB DEFAULT CHARSET=utf8mb4 COLLATE=utf8mb4_general_ci;
/*!40101 SET character_set_client = @saved_cs_client */;

--
-- Dumping data for table `userscreenings`
--

LOCK TABLES `userscreenings` WRITE;
/*!40000 ALTER TABLE `userscreenings` DISABLE KEYS */;
/*!40000 ALTER TABLE `userscreenings` ENABLE KEYS */;
UNLOCK TABLES;
/*!40103 SET TIME_ZONE=@OLD_TIME_ZONE */;

/*!40101 SET SQL_MODE=@OLD_SQL_MODE */;
/*!40014 SET FOREIGN_KEY_CHECKS=@OLD_FOREIGN_KEY_CHECKS */;
/*!40014 SET UNIQUE_CHECKS=@OLD_UNIQUE_CHECKS */;
/*!40101 SET CHARACTER_SET_CLIENT=@OLD_CHARACTER_SET_CLIENT */;
/*!40101 SET CHARACTER_SET_RESULTS=@OLD_CHARACTER_SET_RESULTS */;
/*!40101 SET COLLATION_CONNECTION=@OLD_COLLATION_CONNECTION */;
/*!40111 SET SQL_NOTES=@OLD_SQL_NOTES */;

-- Dump completed on 2024-10-17 16:24:48
